start_time,end_time,mean_power_kw,std_power_kw,total_dynamic_energy,k90_bins,k90_ratio,f90_cycles_per_min,period90_min,spectral_entropy,recommended_interval_min
2018-06-01 00:00:00,2018-06-01 04:15:00,0.05992628433126986,0.0871324236080225,0.2684362740759317,2,0.015503875968992248,0.0078125,128.0,0.0758949658969542,51.2
2018-06-01 04:16:00,2018-06-01 08:31:00,1.3637077473958332,1.1093526908054592,52.331053716799836,2,0.015503875968992248,0.0078125,128.0,0.0752092444886495,51.2
2018-06-01 08:32:00,2018-06-01 12:47:00,4.994982682291667,0.4920258746614671,9.47983363608294,1,0.007751937984496124,0.00390625,256.0,0.07792789120235517,60.0
2018-06-01 12:48:00,2018-06-01 17:03:00,3.471988151041667,1.2974745899890787,54.35325835198085,1,0.007751937984496124,0.00390625,256.0,0.06310091384851847,60.0
2018-06-01 17:04:00,2018-06-01 21:19:00,0.17580130644660308,0.21188521603201618,1.2845373315152018,2,0.015503875968992248,0.0078125,128.0,0.11355619800811106,51.2
2018-06-01 21:20:00,2018-06-02 01:35:00,0.00038327480037955106,0.0012561105259893072,0.00011223388755440784,0,0.0,0.0,inf,0.0,60.0
2018-06-02 01:36:00,2018-06-02 05:51:00,0.18302659869585128,0.13185367850822477,0.8987445028175639,2,0.015503875968992248,0.0078125,128.0,0.18119382144868304,51.2
2018-06-02 05:52:00,2018-06-02 10:07:00,2.859941276041667,1.5143988498939693,82.90360780678182,1,0.007751937984496124,0.00390625,256.0,0.053890543763189226,60.0
2018-06-02 10:08:00,2018-06-02 14:23:00,5.202413151041666,0.27780269216339615,3.254794371315105,1,0.007751937984496124,0.00390625,256.0,0.09212391257527046,60.0
2018-06-02 14:24:00,2018-06-02 18:39:00,1.9106196491919738,1.4465411649096618,90.39370451050773,1,0.007751937984496124,0.00390625,256.0,0.06362077804195247,60.0
2018-06-02 18:40:00,2018-06-02 22:55:00,0.029489788986596818,0.05401203263237986,0.06454739469528988,0,0.0,0.0,inf,0.0,60.0
2018-06-02 22:56:00,2018-06-03 03:11:00,0.011176122464106802,0.023380555159158264,0.007804206195439693,0,0.0,0.0,inf,0.0,60.0
2018-06-03 03:12:00,2018-06-03 07:27:00,0.6362654634131848,0.5680763885515488,6.707734409124122,1,0.007751937984496124,0.00390625,256.0,0.048333963725535056,60.0
2018-06-03 07:28:00,2018-06-03 11:43:00,4.410013541666666,0.9431026047147513,29.76849550388355,1,0.007751937984496124,0.00390625,256.0,0.05398688006713426,60.0
2018-06-03 11:44:00,2018-06-03 15:59:00,4.486191145833334,0.9039431145775103,28.540230661531247,1,0.007751937984496124,0.00390625,256.0,0.06028485057308982,60.0
2018-06-03 16:00:00,2018-06-03 20:15:00,0.601016398072412,0.6782453287681448,12.52698637770129,1,0.007751937984496124,0.00390625,256.0,0.07180747183467613,60.0
2018-06-03 20:16:00,2018-06-04 00:31:00,0.00021187832605754355,0.0007823058593252187,7.910640222617949e-05,0,0.0,0.0,inf,0.0,60.0
2018-06-04 00:32:00,2018-06-04 04:47:00,0.08227936600028479,0.11346670525865171,0.43757914804183523,2,0.015503875968992248,0.0078125,128.0,0.09457470106327388,51.2
2018-06-04 04:48:00,2018-06-04 09:03:00,1.8844607421875001,1.333196652185695,81.80291567244282,2,0.015503875968992248,0.0078125,128.0,0.07490512843187783,51.2
2018-06-04 09:04:00,2018-06-04 13:19:00,4.952476822916667,0.9713861839098535,113.56899445539341,60,0.46511627906976744,0.328125,3.0476190476190474,0.8067613907577328,1.2190476190476192
2018-06-04 13:20:00,2018-06-04 17:35:00,3.0395583333333334,1.5281301428097396,106.34439762593365,9,0.06976744186046512,0.03515625,28.444444444444443,0.32305898596589816,11.377777777777778
2018-06-04 17:36:00,2018-06-04 21:51:00,0.10565506340578454,0.12137503235352438,0.741398147916692,2,0.015503875968992248,0.0078125,128.0,0.09964084432399505,51.2
2018-06-04 21:52:00,2018-06-05 02:07:00,0.0007344271326477053,0.0022392337128910385,2.9036086124840232e-05,0,0.0,0.0,inf,0.0,60.0
2018-06-05 02:08:00,2018-06-05 06:23:00,0.2546139495869416,0.1594338029849153,0.475604739398841,5,0.03875968992248062,0.01953125,51.2,0.24710650438622456,20.48
2018-06-05 06:24:00,2018-06-05 10:39:00,3.5209847005208332,1.3933536961244104,68.16949786163502,1,0.007751937984496124,0.00390625,256.0,0.08709423607145174,60.0
2018-06-05 10:40:00,2018-06-05 14:55:00,5.356461848958333,0.4139203736378131,8.759255809993114,13,0.10077519379844961,0.11328125,8.827586206896552,0.2754222988581962,3.531034482758621
2018-06-05 14:56:00,2018-06-05 19:11:00,1.4927303682346293,1.3251856516513452,79.75494215425971,2,0.015503875968992248,0.0078125,128.0,0.07043239759236665,51.2
2018-06-05 19:12:00,2018-06-05 23:27:00,0.01190109025384499,0.028361324965764555,0.00903672933708022,0,0.0,0.0,inf,0.0,60.0
2018-06-05 23:28:00,2018-06-06 03:43:00,0.031114841240361436,0.05435010246912522,0.0727660490136806,0,0.0,0.0,inf,0.0,60.0
2018-06-06 03:44:00,2018-06-06 07:59:00,0.965699206871812,0.8926323199916211,34.58899628513084,2,0.015503875968992248,0.0078125,128.0,0.11467012986110868,51.2
2018-06-06 08:00:00,2018-06-06 12:15:00,5.109248242187499,0.7769623373826449,22.48971300198672,1,0.007751937984496124,0.00390625,256.0,0.06315825122042229,60.0
2018-06-06 12:16:00,2018-06-06 16:31:00,4.363913216145834,1.228192079962311,48.89758847205566,1,0.007751937984496124,0.00390625,256.0,0.0499752396578344,60.0
2018-06-06 16:32:00,2018-06-06 20:47:00,0.34880266115214537,0.4234592621870849,2.629447710441827,1,0.007751937984496124,0.00390625,256.0,0.056202432940343355,60.0
2018-06-06 20:48:00,2018-06-07 01:03:00,0.0,0.0,0.0,0,0.0,0.0,inf,0.0,60.0
2018-06-07 01:04:00,2018-06-07 05:19:00,0.16417158044377858,0.1578932007624371,1.1658966611496857,2,0.015503875968992248,0.0078125,128.0,0.07111002600726957,51.2
2018-06-07 05:20:00,2018-06-07 09:35:00,2.3418990634401133,1.5846600848243906,105.76794275567603,1,0.007751937984496124,0.00390625,256.0,0.060149967992359214,60.0
2018-06-07 09:36:00,2018-06-07 13:51:00,5.567293555678429,0.27555376560107,4.297155694218686,2,0.015503875968992248,0.0078125,128.0,0.12042712654051614,51.2
2018-06-07 13:52:00,2018-06-07 18:07:00,2.548503650166915,1.5940756697258769,94.73297121564005,1,0.007751937984496124,0.00390625,256.0,0.05384730711194063,60.0
2018-06-07 18:08:00,2018-06-07 22:23:00,0.0645211948241018,0.09579734736503191,0.3279193297243333,2,0.015503875968992248,0.0078125,128.0,0.08305829208566524,51.2
2018-06-07 22:24:00,2018-06-08 02:39:00,0.002755173697509941,0.008308380990033889,0.00040829775051139507,0,0.0,0.0,inf,0.0,60.0
2018-06-08 02:40:00,2018-06-08 06:55:00,0.398818797109738,0.3070710650275206,1.1476668646659085,1,0.007751937984496124,0.00390625,256.0,0.08691089544435808,60.0
2018-06-08 06:56:00,2018-06-08 11:11:00,3.9971018659671755,1.2254647831122312,50.83466331009619,1,0.007751937984496124,0.00390625,256.0,0.055107331242147534,60.0
2018-06-08 11:12:00,2018-06-08 15:27:00,4.969004817708333,0.7219753374325915,18.19473441103898,1,0.007751937984496124,0.00390625,256.0,0.08786178549042681,60.0
2018-06-08 15:28:00,2018-06-08 19:43:00,0.8607556974663166,0.8791984874776757,27.867887748912665,2,0.015503875968992248,0.0078125,128.0,0.12413614454921855,51.2
2018-06-08 19:44:00,2018-06-08 23:59:00,0.002805268886193311,0.0050603500001449074,0.0008168897683337872,0,0.0,0.0,inf,0.0,60.0
2018-06-09 00:00:00,2018-06-09 04:15:00,0.06915113088127803,0.10303005641082541,0.3439007839712435,1,0.007751937984496124,0.00390625,256.0,0.08240142009649021,60.0
2018-06-09 04:16:00,2018-06-09 08:31:00,1.3456046223958333,1.081334363914997,45.261845519784444,2,0.015503875968992248,0.0078125,128.0,0.09494253124314782,51.2
2018-06-09 08:32:00,2018-06-09 12:47:00,4.866238281249999,0.5032630320957581,10.752100924070149,36,0.27906976744186046,0.1953125,5.12,0.6368278000835965,2.048
2018-06-09 12:48:00,2018-06-09 17:03:00,2.815064583333333,1.581278901461007,198.1421103060093,4,0.031007751937984496,0.015625,64.0,0.2538338894899239,25.6
2018-06-09 17:04:00,2018-06-09 21:19:00,0.1961967682355918,0.22830766097198038,1.6137788106073268,2,0.015503875968992248,0.0078125,128.0,0.13024581709652785,51.2
2018-06-09 21:20:00,2018-06-10 01:35:00,0.0,0.0,0.0,0,0.0,0.0,inf,0.0,60.0
2018-06-10 01:36:00,2018-06-10 05:51:00,0.21509586086174243,0.20375312003777468,1.9357375660614318,4,0.031007751937984496,0.015625,64.0,0.22571045811434065,25.6
2018-06-10 05:52:00,2018-06-10 10:07:00,2.3371017578125,1.180111775696771,81.15669912973331,10,0.07751937984496124,0.0546875,18.285714285714285,0.3327658528468288,7.314285714285715
2018-06-10 10:08:00,2018-06-10 14:23:00,2.0640806640625,0.990400466306092,81.04910959618007,5,0.03875968992248062,0.0234375,42.666666666666664,0.2898981464041145,17.066666666666666
2018-06-10 14:24:00,2018-06-10 18:39:00,0.48648624455683365,0.3503071445903569,14.191645284243437,2,0.015503875968992248,0.0078125,128.0,0.20640742893379926,51.2
2018-06-10 18:40:00,2018-06-10 22:55:00,0.0211850533465302,0.037352675243832546,0.03430940405879224,0,0.0,0.0,inf,0.0,60.0
2018-06-10 22:56:00,2018-06-11 03:11:00,0.009550413926452223,0.02196257375878685,0.005730253658399683,0,0.0,0.0,inf,0.0,60.0
2018-06-11 03:12:00,2018-06-11 07:27:00,0.42393069480175527,0.216398933457554,4.418668432679924,9,0.06976744186046512,0.03515625,28.444444444444443,0.4552865182688918,11.377777777777778
2018-06-11 07:28:00,2018-06-11 11:43:00,1.3758003255208333,0.5772572646816281,18.572058986264274,13,0.10077519379844961,0.05859375,17.066666666666666,0.4925156360278607,6.826666666666667
2018-06-11 11:44:00,2018-06-11 15:59:00,2.1162268229166665,1.357666364986,324.94015052868593,37,0.2868217054263566,0.16015625,6.2439024390243905,0.7285793733182319,2.497560975609756
2018-06-11 16:00:00,2018-06-11 20:15:00,0.2786214915335097,0.3137190022816192,3.140579519893488,2,0.015503875968992248,0.0078125,128.0,0.1222198822518774,51.2
2018-06-11 20:16:00,2018-06-12 00:31:00,0.00011344001038721897,0.0007429325816630877,5.594661436553235e-07,0,0.0,0.0,inf,0.0,60.0
2018-06-12 00:32:00,2018-06-12 04:47:00,0.05773997070959142,0.07646819187864325,0.21436013754165065,2,0.015503875968992248,0.0078125,128.0,0.08950394880700283,51.2
2018-06-12 04:48:00,2018-06-12 09:03:00,1.0369001302083332,0.6016694482871414,4.630688936444717,13,0.10077519379844961,0.07421875,13.473684210526315,0.3947218275497066,5.389473684210526
2018-06-12 09:04:00,2018-06-12 13:19:00,3.465356441723147,1.4796039703503212,336.1631594937484,50,0.3875968992248062,0.265625,3.764705882352941,0.7085636130329471,1.5058823529411764
2018-06-12 13:20:00,2018-06-12 17:35:00,0.9785085095959101,0.5407739298190717,16.01129177744925,10,0.07751937984496124,0.046875,21.333333333333332,0.4384411653132066,8.533333333333333
2018-06-12 17:36:00,2018-06-12 21:51:00,0.12616119226159694,0.21750563191754474,0.8373884033012721,1,0.007751937984496124,0.00390625,256.0,0.0643769924859187,60.0
2018-06-12 21:52:00,2018-06-13 02:07:00,0.0004425103837750984,0.0009921182010848482,4.271804756090154e-05,0,0.0,0.0,inf,0.0,60.0
2018-06-13 02:08:00,2018-06-13 06:23:00,0.19513784283458432,0.18933342732366407,2.03373111812392,2,0.015503875968992248,0.0078125,128.0,0.1663909893847051,51.2
2018-06-13 06:24:00,2018-06-13 10:39:00,2.929442665860324,1.908415394102056,365.8858333360437,3,0.023255813953488372,0.01171875,85.33333333333333,0.26556826573934805,34.13333333333333
2018-06-13 10:40:00,2018-06-13 14:55:00,5.326725673243397,0.5451082212879649,12.167000319936287,1,0.007751937984496124,0.00390625,256.0,0.07082817590045638,60.0
2018-06-13 14:56:00,2018-06-13 19:11:00,1.4450981631362858,1.2172841879753475,65.65282229603754,2,0.015503875968992248,0.0078125,128.0,0.09457892065092227,51.2
2018-06-13 19:12:00,2018-06-13 23:27:00,0.011288032535988037,0.0253584591525581,0.008492537220123997,0,0.0,0.0,inf,0.0,60.0
2018-06-13 23:28:00,2018-06-14 03:43:00,0.027602540578439288,0.059260707436104475,0.04626891181590781,0,0.0,0.0,inf,0.0,60.0
2018-06-14 03:44:00,2018-06-14 07:59:00,1.086459680333345,0.7880256765736859,15.325095028420817,3,0.023255813953488372,0.01171875,85.33333333333333,0.1751560491993101,34.13333333333333
2018-06-14 08:00:00,2018-06-14 12:15:00,3.9563176604521724,1.4479159335381135,216.45586445063614,55,0.4263565891472868,0.3046875,3.282051282051282,0.8006036285913699,1.3128205128205128
2018-06-14 12:16:00,2018-06-14 16:31:00,3.1017693472224455,1.864150659246428,317.6674248399815,42,0.32558139534883723,0.25,4.0,0.6893727474185672,1.6
2018-06-14 16:32:00,2018-06-14 20:47:00,0.16689233584838722,0.20434482500477924,1.5536688182964513,3,0.023255813953488372,0.01171875,85.33333333333333,0.18672386665680277,34.13333333333333
2018-06-14 20:48:00,2018-06-15 01:03:00,0.0,0.0,0.0,0,0.0,0.0,inf,0.0,60.0
2018-06-15 01:04:00,2018-06-15 05:19:00,0.1751104542529456,0.1747820590259556,1.3152335007066895,2,0.015503875968992248,0.0078125,128.0,0.08417334605480588,51.2
2018-06-15 05:20:00,2018-06-15 09:35:00,2.3277194792719245,1.5573784875717325,121.22391822556521,32,0.24806201550387597,0.203125,4.923076923076923,0.48917873969705,1.9692307692307693
2018-06-15 09:36:00,2018-06-15 13:51:00,5.626206534973804,0.7009360056181562,32.14028429981644,89,0.689922480620155,0.359375,2.782608695652174,0.8683959471959689,1.1130434782608696
2018-06-15 13:52:00,2018-06-15 18:07:00,2.47451767599188,1.5142286349524587,82.75055542400007,12,0.09302325581395349,0.0546875,18.285714285714285,0.26890384167021664,7.314285714285715
2018-06-15 18:08:00,2018-06-15 22:23:00,0.06791132792119972,0.11085893878827142,0.32239224507376807,1,0.007751937984496124,0.00390625,256.0,0.07177287264460654,60.0
2018-06-15 22:24:00,2018-06-16 02:39:00,0.0009361941290284337,0.003241444267994773,4.3785301173596094e-05,0,0.0,0.0,inf,0.0,60.0
2018-06-16 02:40:00,2018-06-16 06:55:00,0.4116781534009507,0.2030313724388227,0.8872501840493071,12,0.09302325581395349,0.05078125,19.692307692307693,0.4943168258193431,7.876923076923077
2018-06-16 06:56:00,2018-06-16 11:11:00,2.5394857156762645,1.1574394178591485,58.49951590921455,9,0.06976744186046512,0.05859375,17.066666666666666,0.465542900138254,6.826666666666667
2018-06-16 11:12:00,2018-06-16 15:27:00,2.1487025308500423,0.7662296989273132,49.44848377378819,5,0.03875968992248062,0.01953125,51.2,0.3495089922501393,20.48
2018-06-16 15:28:00,2018-06-16 19:43:00,0.17472395717270942,0.17507083535041965,0.676362055508058,4,0.031007751937984496,0.015625,64.0,0.24919523979459138,25.6
2018-06-16 19:44:00,2018-06-16 23:59:00,0.0005668120656439741,0.0019503031626111752,1.620060690350157e-05,0,0.0,0.0,inf,0.0,60.0
2018-06-17 00:00:00,2018-06-17 04:15:00,0.012929978744859738,0.017906591372461884,0.017526085322587395,0,0.0,0.0,inf,0.0,60.0
2018-06-17 04:16:00,2018-06-17 08:31:00,0.6746872510497798,0.706811211808153,16.598771154960247,6,0.046511627906976744,0.0234375,42.666666666666664,0.4072107273504044,17.066666666666666
2018-06-17 08:32:00,2018-06-17 12:47:00,4.475059386406347,1.590933796479645,387.2659711722138,48,0.37209302325581395,0.25,4.0,0.7914761044310913,1.6
2018-06-17 12:48:00,2018-06-17 17:03:00,1.537801695208004,0.9017846384757415,132.83339011263274,36,0.27906976744186046,0.18359375,5.446808510638298,0.6989005460432093,2.178723404255319
2018-06-17 17:04:00,2018-06-17 21:19:00,0.20900741060212671,0.2288432622881197,2.034290013495311,1,0.007751937984496124,0.00390625,256.0,0.08420392899317222,60.0
2018-06-17 21:20:00,2018-06-18 01:35:00,0.0,0.0,0.0,0,0.0,0.0,inf,0.0,60.0
2018-06-18 01:36:00,2018-06-18 05:51:00,0.24055209413314246,0.20083165072155504,1.7624636865688523,1,0.007751937984496124,0.00390625,256.0,0.06934860504124488,60.0
2018-06-18 05:52:00,2018-06-18 10:07:00,1.7971880902542008,1.043956760397065,162.25676958185264,39,0.3023255813953488,0.1953125,5.12,0.6807394093700913,2.048
2018-06-18 10:08:00,2018-06-18 14:23:00,1.867452210226059,0.8530611216003782,115.38716371044598,22,0.17054263565891473,0.10546875,9.481481481481481,0.5310389079128504,3.7925925925925927
2018-06-18 14:24:00,2018-06-18 18:39:00,0.47839744111002663,0.3234771416642177,7.449861942176925,11,0.08527131782945736,0.046875,21.333333333333332,0.5185073329667047,8.533333333333333
2018-06-18 18:40:00,2018-06-18 22:55:00,0.029765292287523715,0.05065998429097486,0.06827173988670424,0,0.0,0.0,inf,0.0,60.0
2018-06-18 22:56:00,2018-06-19 03:11:00,0.01390804399055653,0.03165895003847994,0.012700868950976251,0,0.0,0.0,inf,0.0,60.0
2018-06-19 03:12:00,2018-06-19 07:27:00,0.6785722220515098,0.4047252290333786,9.322039955953324,10,0.07751937984496124,0.0546875,18.285714285714285,0.3270132154258284,7.314285714285715
2018-06-19 07:28:00,2018-06-19 11:43:00,2.6766442622490625,1.664307420266221,205.08818168485615,37,0.2868217054263566,0.18359375,5.446808510638298,0.6658819744661755,2.178723404255319
2018-06-19 11:44:00,2018-06-19 15:59:00,4.842535635982832,1.1754684411924854,51.44510760279628,44,0.34108527131782945,0.296875,3.3684210526315788,0.5383669536876603,1.3473684210526315
2018-06-19 16:00:00,2018-06-19 20:15:00,0.6862107840973553,0.7807508887738073,17.225294610959065,2,0.015503875968992248,0.0078125,128.0,0.08437253450706458,51.2
2018-06-19 20:16:00,2018-06-20 00:31:00,0.00020520009798987378,0.0011833704945679122,1.842563413624446e-06,0,0.0,0.0,inf,0.0,60.0
2018-06-20 00:32:00,2018-06-20 04:47:00,0.06660641917384925,0.07680081059047761,0.2524189065380342,2,0.015503875968992248,0.0078125,128.0,0.11801526891733165,51.2
2018-06-20 04:48:00,2018-06-20 09:03:00,0.6478505165256357,0.6218216552191708,21.40481471835092,4,0.031007751937984496,0.015625,64.0,0.35261590877136145,25.6
2018-06-20 09:04:00,2018-06-20 13:19:00,3.3190756510416666,1.6894526448402045,415.0371881998526,52,0.40310077519379844,0.28515625,3.506849315068493,0.6946563294061965,1.4027397260273973
2018-06-20 13:20:00,2018-06-20 17:35:00,1.6484198964500831,1.161523489223709,100.34901296792039,65,0.5038759689922481,0.33203125,3.011764705882353,0.8413356159948963,1.2047058823529413
2018-06-20 17:36:00,2018-06-20 21:51:00,0.08428873130253327,0.11524566826181373,0.5970451955384719,3,0.023255813953488372,0.01171875,85.33333333333333,0.18113286101747053,34.13333333333333
2018-06-20 21:52:00,2018-06-21 02:07:00,0.0,0.0,0.0,0,0.0,0.0,inf,0.0,60.0
2018-06-21 02:08:00,2018-06-21 06:23:00,0.23379258293208255,0.16643131110120615,1.8342433707594044,5,0.03875968992248062,0.03125,32.0,0.27896053475157817,12.8
2018-06-21 06:24:00,2018-06-21 10:39:00,1.534938541666667,0.4573908541881972,6.731666953601147,7,0.05426356589147287,0.02734375,36.57142857142857,0.39672929007687596,14.62857142857143
2018-06-21 10:40:00,2018-06-21 14:55:00,2.6325342240533085,1.7201173826390197,295.02341073532807,38,0.29457364341085274,0.18359375,5.446808510638298,0.5287590595318491,2.178723404255319
2018-06-21 14:56:00,2018-06-21 19:11:00,1.1045362467831612,0.874727786005974,68.19015770240257,28,0.21705426356589147,0.15625,6.4,0.4841046520483563,2.56
2018-06-21 19:12:00,2018-06-21 23:27:00,0.0193074877293311,0.04772419748408829,0.023000593448023444,0,0.0,0.0,inf,0.0,60.0
2018-06-21 23:28:00,2018-06-22 03:43:00,0.008309748509793446,0.014973217257135607,0.005745125464498955,0,0.0,0.0,inf,0.0,60.0
2018-06-22 03:44:00,2018-06-22 07:59:00,0.8429733044248567,0.9528690107722013,38.08318855390598,3,0.023255813953488372,0.01171875,85.33333333333333,0.23855052520769823,34.13333333333333
2018-06-22 08:00:00,2018-06-22 12:15:00,4.448569205729166,1.7761211251137599,573.3202932798013,41,0.3178294573643411,0.2265625,4.413793103448276,0.7304982717953697,1.7655172413793105
2018-06-22 12:16:00,2018-06-22 16:31:00,3.2053518229166666,1.8569055903281881,372.18426743073746,23,0.17829457364341086,0.12890625,7.757575757575758,0.4778581134723807,3.103030303030303
2018-06-22 16:32:00,2018-06-22 20:47:00,0.4805277992408165,0.5122904707239836,10.88277605978981,2,0.015503875968992248,0.0078125,128.0,0.1656746470939939,51.2
2018-06-22 20:48:00,2018-06-23 01:03:00,0.0,0.0,0.0,0,0.0,0.0,inf,0.0,60.0
2018-06-23 01:04:00,2018-06-23 05:19:00,0.16373014345501327,0.17340347141811346,0.8854850086873782,2,0.015503875968992248,0.0078125,128.0,0.11433471722957009,51.2
2018-06-23 05:20:00,2018-06-23 09:35:00,2.2103099609375,1.6099769650063578,134.06918429501843,23,0.17829457364341086,0.12890625,7.757575757575758,0.5245959379707168,3.103030303030303
2018-06-23 09:36:00,2018-06-23 13:51:00,3.4557587890624997,2.0060224797331334,535.4206450849726,30,0.23255813953488372,0.140625,7.111111111111111,0.6922662619076974,2.8444444444444446
2018-06-23 13:52:00,2018-06-23 18:07:00,1.8316550781250003,1.6503920622318642,206.32387657162099,49,0.3798449612403101,0.22265625,4.491228070175438,0.6746895496307718,1.7964912280701755
2018-06-23 18:08:00,2018-06-23 22:23:00,0.07215622446620998,0.09580841228055016,0.5107919069881373,2,0.015503875968992248,0.0078125,128.0,0.131788952387184,51.2
2018-06-23 22:24:00,2018-06-24 02:39:00,0.0019114534088174046,0.005934946344742072,0.00019356151348017654,0,0.0,0.0,inf,0.0,60.0
2018-06-24 02:40:00,2018-06-24 06:55:00,0.5156022132689685,0.42215232731781194,7.072322225588788,2,0.015503875968992248,0.0078125,128.0,0.1596056489744958,51.2
2018-06-24 06:56:00,2018-06-24 11:11:00,3.923019704116533,1.3540158895045178,80.64018795841318,13,0.10077519379844961,0.0703125,14.222222222222221,0.33961898360719456,5.688888888888889
2018-06-24 11:12:00,2018-06-24 15:27:00,5.0934552734375,0.6836025713346475,28.38921864356432,57,0.4418604651162791,0.3046875,3.282051282051282,0.7331106614521173,1.3128205128205128
2018-06-24 15:28:00,2018-06-24 19:43:00,1.058623444748298,1.0699727366302476,40.25363896956694,2,0.015503875968992248,0.0078125,128.0,0.12222424787285463,51.2
2018-06-24 19:44:00,2018-06-24 23:59:00,0.004128237217533883,0.011605945841573507,0.0009735156946465678,0,0.0,0.0,inf,0.0,60.0
2018-06-25 00:00:00,2018-06-25 04:15:00,0.07307025396333942,0.10003889631099909,0.4478236258914571,2,0.015503875968992248,0.0078125,128.0,0.13024503148800917,51.2
2018-06-25 04:16:00,2018-06-25 08:31:00,1.1803230546434391,0.7963680566241004,28.9957705308444,3,0.023255813953488372,0.01171875,85.33333333333333,0.20587994614390234,34.13333333333333
2018-06-25 08:32:00,2018-06-25 12:47:00,4.297125995299702,1.197819617456942,149.05398860787562,33,0.2558139534883721,0.18359375,5.446808510638298,0.5842991619375069,2.178723404255319
2018-06-25 12:48:00,2018-06-25 17:03:00,2.4643059264634,1.2748841164542435,32.51777839398594,7,0.05426356589147287,0.03125,32.0,0.37251612642284576,12.8
2018-06-25 17:04:00,2018-06-25 21:19:00,0.2140952937752376,0.2224819076866675,1.4292912883017852,1,0.007751937984496124,0.00390625,256.0,0.06020207828555854,60.0
2018-06-25 21:20:00,2018-06-26 01:35:00,0.0,0.0,0.0,0,0.0,0.0,inf,0.0,60.0
2018-06-26 01:36:00,2018-06-26 05:51:00,0.2254887528830935,0.1903957919459669,1.2876912553107236,2,0.015503875968992248,0.0078125,128.0,0.13479896718860332,51.2
2018-06-26 05:52:00,2018-06-26 10:07:00,2.846569349324148,1.3679802913426362,75.33186004000275,2,0.015503875968992248,0.0078125,128.0,0.1397716127414006,51.2
2018-06-26 10:08:00,2018-06-26 14:23:00,2.81500818970386,2.1947571785543953,499.8713135556568,18,0.13953488372093023,0.09375,10.666666666666666,0.5407761185772707,4.266666666666667
2018-06-26 14:24:00,2018-06-26 18:39:00,1.3941943268833104,1.0394353106774041,59.82965266392549,13,0.10077519379844961,0.05859375,17.066666666666666,0.4819196819738325,6.826666666666667
2018-06-26 18:40:00,2018-06-26 22:55:00,0.04401725726446418,0.07544986404510043,0.14878969632596012,0,0.0,0.0,inf,0.0,60.0
2018-06-26 22:56:00,2018-06-27 03:11:00,0.013949616797154157,0.031195183584538773,0.012984925149973608,0,0.0,0.0,inf,0.0,60.0
2018-06-27 03:12:00,2018-06-27 07:27:00,0.5933479902078378,0.5062228124884907,4.695113408846772,1,0.007751937984496124,0.00390625,256.0,0.10049681030875558,60.0
2018-06-27 07:28:00,2018-06-27 11:43:00,4.4609091796875,1.047534243750953,34.57179608994165,1,0.007751937984496124,0.00390625,256.0,0.0486486100613698,60.0
2018-06-27 11:44:00,2018-06-27 15:59:00,4.701612945936019,0.8639418952637117,21.58143469298947,1,0.007751937984496124,0.00390625,256.0,0.056674236933954875,60.0
2018-06-27 16:00:00,2018-06-27 20:15:00,0.685149953402658,0.7677616344093877,16.591439306665595,2,0.015503875968992248,0.0078125,128.0,0.08043326364671236,51.2
2018-06-27 20:16:00,2018-06-28 00:31:00,0.000675985073219125,0.002151930928364293,2.4900811477502577e-05,0,0.0,0.0,inf,0.0,60.0
2018-06-28 00:32:00,2018-06-28 04:47:00,0.10310912171384053,0.11416044755333953,0.6575003077704725,2,0.015503875968992248,0.0078125,128.0,0.10107179524803053,51.2
2018-06-28 04:48:00,2018-06-28 09:03:00,1.7169912760416663,1.2733803854616288,77.14041167176025,2,0.015503875968992248,0.0078125,128.0,0.07416203422001724,51.2
2018-06-28 09:04:00,2018-06-28 13:19:00,5.217183582133503,0.41294898374644207,12.44653105203994,48,0.37209302325581395,0.30078125,3.324675324675325,0.5418138746425308,1.3298701298701299
2018-06-28 13:20:00,2018-06-28 17:35:00,3.2080825852795543,1.491635391842405,75.01861335011905,1,0.007751937984496124,0.00390625,256.0,0.061015190774078146,60.0
2018-06-28 17:36:00,2018-06-28 21:51:00,0.10622182721172707,0.12106060280777817,0.573993009017439,2,0.015503875968992248,0.0078125,128.0,0.11459886976555522,51.2
2018-06-28 21:52:00,2018-06-29 02:07:00,0.0004377188779759214,0.0012532389874508564,0.00025516231445112586,0,0.0,0.0,inf,0.0,60.0
2018-06-29 02:08:00,2018-06-29 06:23:00,0.3223337423787748,0.2412321917262424,4.617449992203902,3,0.023255813953488372,0.01171875,85.33333333333333,0.2160390769216266,34.13333333333333
2018-06-29 06:24:00,2018-06-29 10:39:00,2.7184683593749996,1.1273432493402675,75.82699030991687,30,0.23255813953488372,0.16796875,5.953488372093023,0.6278030349357543,2.3813953488372093
2018-06-29 10:40:00,2018-06-29 14:55:00,5.557169466145833,0.5384856512573027,9.727746329065857,1,0.007751937984496124,0.00390625,256.0,0.06909854436958866,60.0
2018-06-29 14:56:00,2018-06-29 19:11:00,1.5988180471350404,1.3719900021895224,85.65284712132105,2,0.015503875968992248,0.0078125,128.0,0.06869421963599674,51.2
2018-06-29 19:12:00,2018-06-29 23:27:00,0.01996712899063895,0.038956420375011604,0.026483495252547118,0,0.0,0.0,inf,0.0,60.0
2018-06-29 23:28:00,2018-06-30 03:43:00,0.03590222551190177,0.06977738093090706,0.08976316399618046,0,0.0,0.0,inf,0.0,60.0
2018-06-30 03:44:00,2018-06-30 07:59:00,0.944681640625,0.8644741309783742,26.997831125599685,2,0.015503875968992248,0.0078125,128.0,0.14447882562758213,51.2
2018-06-30 08:00:00,2018-06-30 12:15:00,4.421954036458333,1.6790546218256228,439.52908993860365,41,0.3178294573643411,0.265625,3.764705882352941,0.6983541342552442,1.5058823529411764
2018-06-30 12:16:00,2018-06-30 16:31:00,4.484728580729167,1.1556116845032514,41.2631703101217,1,0.007751937984496124,0.00390625,256.0,0.04911715602461829,60.0
2018-06-30 16:32:00,2018-06-30 20:47:00,0.42166430510435304,0.5011552598016922,3.972919613610205,1,0.007751937984496124,0.00390625,256.0,0.0847630896275396,60.0
2018-06-30 20:48:00,2018-07-01 01:03:00,0.0013526322492906529,0.0025572263034458133,0.0003891396589026766,0,0.0,0.0,inf,0.0,60.0
2018-07-01 01:04:00,2018-07-01 05:19:00,0.17304480757868895,0.17905210868263496,1.269257968099533,2,0.015503875968992248,0.0078125,128.0,0.1615299673292971,51.2
2018-07-01 05:20:00,2018-07-01 09:35:00,2.342794270833333,1.6153746148547101,156.7630749951753,15,0.11627906976744186,0.05859375,17.066666666666666,0.41569346703676274,6.826666666666667
2018-07-01 09:36:00,2018-07-01 13:51:00,4.8133211588541664,1.8732497077887056,526.3493412918623,49,0.3798449612403101,0.26953125,3.710144927536232,0.801200234655829,1.4840579710144928
2018-07-01 13:52:00,2018-07-01 18:07:00,2.0307479166666664,1.7714465997555755,139.9932188711442,16,0.12403100775193798,0.0625,16.0,0.4868796140863442,6.4
2018-07-01 18:08:00,2018-07-01 22:23:00,0.07650295487787333,0.09612857691395169,0.4262861831301625,2,0.015503875968992248,0.0078125,128.0,0.09182858832675099,51.2
2018-07-01 22:24:00,2018-07-02 02:39:00,0.0018539587309048381,0.006393918412813741,0.00017071198106957764,0,0.0,0.0,inf,0.0,60.0
2018-07-02 02:40:00,2018-07-02 06:55:00,0.36025235610389655,0.2662164476550821,0.8305478746255939,1,0.007751937984496124,0.00390625,256.0,0.11240644480447036,60.0
2018-07-02 06:56:00,2018-07-02 11:11:00,4.086259049479167,1.3229047915442769,58.76499955418981,1,0.007751937984496124,0.00390625,256.0,0.05219698133774546,60.0
2018-07-02 11:12:00,2018-07-02 15:27:00,5.279583268229167,0.6699314936416677,17.576850765200394,1,0.007751937984496124,0.00390625,256.0,0.08675640656079607,60.0
2018-07-02 15:28:00,2018-07-02 19:43:00,1.1335928294246809,1.1233252234064575,52.59016598724669,2,0.015503875968992248,0.0078125,128.0,0.07546188996755442,51.2
2018-07-02 19:44:00,2018-07-02 23:59:00,0.004351791910864295,0.011560943512968831,0.0009412141352170291,0,0.0,0.0,inf,0.0,60.0
2018-07-03 00:00:00,2018-07-03 04:15:00,0.060238432281037826,0.09082167231765878,0.28416214101177945,2,0.015503875968992248,0.0078125,128.0,0.08274681895682755,51.2
2018-07-03 04:16:00,2018-07-03 08:31:00,1.2430143880208333,1.0931959221185001,49.72849655522257,2,0.015503875968992248,0.0078125,128.0,0.07643868387781819,51.2
2018-07-03 08:32:00,2018-07-03 12:47:00,5.161995182291666,0.5966862592517344,12.982049202494961,1,0.007751937984496124,0.00390625,256.0,0.05875373101696049,60.0
2018-07-03 12:48:00,2018-07-03 17:03:00,3.846469205729167,1.3162154647171604,55.98741780627632,1,0.007751937984496124,0.00390625,256.0,0.050321158988951564,60.0
2018-07-03 17:04:00,2018-07-03 21:19:00,0.22057396984808153,0.2625076012862578,1.2856570967058933,2,0.015503875968992248,0.0078125,128.0,0.10854509770207123,51.2
2018-07-03 21:20:00,2018-07-04 01:35:00,0.0007037368232341722,0.0018324379402037737,0.0008135738312129164,0,0.0,0.0,inf,0.0,60.0
2018-07-04 01:36:00,2018-07-04 05:51:00,0.18297373091775493,0.14333006573561,0.7784316708824622,2,0.015503875968992248,0.0078125,128.0,0.1647488449091488,51.2
2018-07-04 05:52:00,2018-07-04 10:07:00,2.8095723958333334,1.535770689872153,88.64194380540663,1,0.007751937984496124,0.00390625,256.0,0.05510983361255375,60.0
2018-07-04 10:08:00,2018-07-04 14:23:00,5.3487869140625,0.2801321926934295,5.202588304449914,2,0.015503875968992248,0.0078125,128.0,0.09568787690260842,51.2
2018-07-04 14:24:00,2018-07-04 18:39:00,2.0877915710898214,1.5072103013636735,95.89786200627847,1,0.007751937984496124,0.00390625,256.0,0.06071406406638361,60.0
2018-07-04 18:40:00,2018-07-04 22:55:00,0.042343638749830895,0.07141479663735645,0.13064148909479842,0,0.0,0.0,inf,0.0,60.0
2018-07-04 22:56:00,2018-07-05 03:11:00,0.0010657885785533099,0.0025991739600363644,8.159389595712371e-05,0,0.0,0.0,inf,0.0,60.0
2018-07-05 03:12:00,2018-07-05 07:27:00,0.23087726475185918,0.20402423125585972,1.5468926320598735,2,0.015503875968992248,0.0078125,128.0,0.1197086234713121,51.2
2018-07-05 07:28:00,2018-07-05 11:43:00,0.8755861979166667,0.2733296178697343,10.059619098731838,11,0.08527131782945736,0.05859375,17.066666666666666,0.49713490197494276,6.826666666666667
2018-07-05 11:44:00,2018-07-05 15:59:00,0.888465234375,0.5682997261512699,10.303072247223776,6,0.046511627906976744,0.03515625,28.444444444444443,0.36738967371818126,11.377777777777778
2018-07-05 16:00:00,2018-07-05 20:15:00,0.5741401770132697,0.5580067214125625,13.70995841443156,3,0.023255813953488372,0.01171875,85.33333333333333,0.19641367869344678,34.13333333333333
2018-07-05 20:16:00,2018-07-06 00:31:00,0.0,0.0,0.0,0,0.0,0.0,inf,0.0,60.0
2018-07-06 00:32:00,2018-07-06 04:47:00,0.03290105454632681,0.042406917845922994,0.0813261311806835,0,0.0,0.0,inf,0.0,60.0
2018-07-06 04:48:00,2018-07-06 09:03:00,0.930338285411892,1.2697749099855957,29.121242491827182,1,0.007751937984496124,0.00390625,256.0,0.08151229730080803,60.0
2018-07-06 09:04:00,2018-07-06 13:19:00,5.4456494140625,0.39105129091652147,7.032986064216517,1,0.007751937984496124,0.00390625,256.0,0.07604618115315713,60.0
2018-07-06 13:20:00,2018-07-06 17:35:00,3.334240140979654,1.5347969045512133,78.62097362803314,1,0.007751937984496124,0.00390625,256.0,0.05213042717201915,60.0
2018-07-06 17:36:00,2018-07-06 21:51:00,0.1074280903160644,0.14077696521729008,0.7423691041022897,2,0.015503875968992248,0.0078125,128.0,0.10023468060942899,51.2
2018-07-06 21:52:00,2018-07-07 02:07:00,0.0,0.0,0.0,0,0.0,0.0,inf,0.0,60.0
2018-07-07 02:08:00,2018-07-07 06:23:00,0.23513296202142148,0.17299033887190735,0.8114324949804286,3,0.023255813953488372,0.015625,64.0,0.20018134362471382,25.6
2018-07-07 06:24:00,2018-07-07 10:39:00,3.415805859375,1.473610160123595,73.37589193925875,1,0.007751937984496124,0.00390625,256.0,0.05103470700511813,60.0
2018-07-07 10:40:00,2018-07-07 14:55:00,4.847350195312501,1.292261440014301,75.10155690309094,19,0.14728682170542637,0.1015625,9.846153846153847,0.39262889965751463,3.9384615384615387
2018-07-07 14:56:00,2018-07-07 19:11:00,1.50607691547695,1.304504158270613,77.82069100480099,5,0.03875968992248062,0.01953125,51.2,0.22165975938673393,20.48
2018-07-07 19:12:00,2018-07-07 23:27:00,0.014288755155366687,0.02742943681800212,0.009095540854583892,0,0.0,0.0,inf,0.0,60.0
2018-07-07 23:28:00,2018-07-08 03:43:00,0.01751011504662935,0.029771640699407156,0.02462065729070339,0,0.0,0.0,inf,0.0,60.0
2018-07-08 03:44:00,2018-07-08 07:59:00,0.4396478314962666,0.18383969370364073,1.6915393007324073,7,0.05426356589147287,0.02734375,36.57142857142857,0.31331800819975225,14.62857142857143
2018-07-08 08:00:00,2018-07-08 12:15:00,3.654856510416667,1.8720108312445802,300.6514519286063,30,0.23255813953488372,0.16015625,6.2439024390243905,0.6008792839840981,2.497560975609756
2018-07-08 12:16:00,2018-07-08 16:31:00,4.2547056640625,1.0948294588889333,39.178265493967835,5,0.03875968992248062,0.01953125,51.2,0.2002560964947247,20.48
2018-07-08 16:32:00,2018-07-08 20:47:00,0.41568743938830255,0.504867874291769,4.801928996798082,1,0.007751937984496124,0.00390625,256.0,0.06261865820520682,60.0
2018-07-08 20:48:00,2018-07-09 01:03:00,0.0,0.0,0.0,0,0.0,0.0,inf,0.0,60.0
2018-07-09 01:04:00,2018-07-09 05:19:00,0.07484550335865552,0.08085005598320932,0.3860754502626885,2,0.015503875968992248,0.0078125,128.0,0.15971922391305235,51.2
2018-07-09 05:20:00,2018-07-09 09:35:00,1.374556886644457,1.4483885818077573,91.21031402082896,20,0.15503875968992248,0.09765625,10.24,0.36097554811734095,4.096
2018-07-09 09:36:00,2018-07-09 13:51:00,5.629241927083333,0.6246321880248988,37.44247613259074,71,0.5503875968992248,0.35546875,2.8131868131868134,0.8484146133515815,1.1252747252747253
2018-07-09 13:52:00,2018-07-09 18:07:00,2.2343233072916666,1.632654285415338,158.40274497153143,36,0.27906976744186046,0.1875,5.333333333333333,0.7147344803621196,2.1333333333333333
2018-07-09 18:08:00,2018-07-09 22:23:00,0.0779431386022956,0.12558046458891678,0.444209819091164,2,0.015503875968992248,0.0078125,128.0,0.08483691818072628,51.2
2018-07-09 22:24:00,2018-07-10 02:39:00,0.0003171600683335622,0.0017396660091013282,4.428238125188707e-06,0,0.0,0.0,inf,0.0,60.0
2018-07-10 02:40:00,2018-07-10 06:55:00,0.4423606862543439,0.4647956247109645,3.698410416310401,3,0.023255813953488372,0.015625,64.0,0.17384857776222695,25.6
2018-07-10 06:56:00,2018-07-10 11:11:00,2.9600057942708338,1.2568589318168968,186.08120557105875,32,0.24806201550387597,0.15625,6.4,0.6221829955489337,2.56
2018-07-10 11:12:00,2018-07-10 15:27:00,0.9196591145833334,0.4417670174266313,11.640792337809463,11,0.08527131782945736,0.05078125,19.692307692307693,0.5124360429143046,7.876923076923077
2018-07-10 15:28:00,2018-07-10 19:43:00,0.23310030086924885,0.24130780816170275,8.836218037848205,5,0.03875968992248062,0.01953125,51.2,0.34160528080804553,20.48
2018-07-10 19:44:00,2018-07-10 23:59:00,7.08003650049715e-05,0.0005808257730858047,2.1631105755299592e-07,0,0.0,0.0,inf,0.0,60.0
2018-07-11 00:00:00,2018-07-11 04:15:00,0.04930039476141029,0.0834047498798398,0.17849779634098106,0,0.0,0.0,inf,0.0,60.0
2018-07-11 04:16:00,2018-07-11 08:31:00,1.1968951171875,0.9792488303354538,34.53279757684645,2,0.015503875968992248,0.0078125,128.0,0.16647406644613658,51.2
2018-07-11 08:32:00,2018-07-11 12:47:00,4.856580273437499,1.3264202431471424,191.8963831663397,56,0.43410852713178294,0.27734375,3.6056338028169015,0.7571773396784164,1.4422535211267606
2018-07-11 12:48:00,2018-07-11 17:03:00,2.3088811197916668,1.9374753324609941,286.6980395049352,36,0.27906976744186046,0.19921875,5.019607843137255,0.6534464837628752,2.007843137254902
2018-07-11 17:04:00,2018-07-11 21:19:00,0.1457255041380972,0.17918285516127502,0.8040513668625696,1,0.007751937984496124,0.00390625,256.0,0.09119583330833458,60.0
2018-07-11 21:20:00,2018-07-12 01:35:00,0.0,0.0,0.0,0,0.0,0.0,inf,0.0,60.0
2018-07-12 01:36:00,2018-07-12 05:51:00,0.17966041279731879,0.14473574343224999,0.9766017337434214,2,0.015503875968992248,0.0078125,128.0,0.1667977614365132,51.2
2018-07-12 05:52:00,2018-07-12 10:07:00,2.5819774088541667,1.3503411766119502,82.54137164801233,2,0.015503875968992248,0.0078125,128.0,0.17357043781221618,51.2
2018-07-12 10:08:00,2018-07-12 14:23:00,4.4914646484375,1.6929515946892832,403.31670340808705,40,0.31007751937984496,0.21484375,4.654545454545454,0.7670564520114427,1.8618181818181818
2018-07-12 14:24:00,2018-07-12 18:39:00,2.297064573402189,1.5276963445207867,99.17132611834164,1,0.007751937984496124,0.00390625,256.0,0.06653451633181746,60.0
2018-07-12 18:40:00,2018-07-12 22:55:00,0.03561653491718349,0.06847858966673714,0.0931895843621231,0,0.0,0.0,inf,0.0,60.0
2018-07-12 22:56:00,2018-07-13 03:11:00,0.0026424802772287053,0.005724439550199039,0.00048419488874306674,0,0.0,0.0,inf,0.0,60.0
2018-07-13 03:12:00,2018-07-13 07:27:00,0.7999163295792207,0.5120487784627243,5.1831487165796295,1,0.007751937984496124,0.00390625,256.0,0.09755772435897746,60.0
2018-07-13 07:28:00,2018-07-13 11:43:00,4.34707265625,0.9635109297219859,26.757325963469828,1,0.007751937984496124,0.00390625,256.0,0.050199372137424744,60.0
2018-07-13 11:44:00,2018-07-13 15:59:00,4.7181796875,0.8588939584827289,27.244446479693906,1,0.007751937984496124,0.00390625,256.0,0.060473048552193986,60.0
2018-07-13 16:00:00,2018-07-13 20:15:00,0.7057725010216701,0.7772825017494738,18.378857034896498,1,0.007751937984496124,0.00390625,256.0,0.0728518210581911,60.0
2018-07-13 20:16:00,2018-07-14 00:31:00,0.0006496693212501383,0.001852174893520965,9.367145661238014e-05,0,0.0,0.0,inf,0.0,60.0
2018-07-14 00:32:00,2018-07-14 04:47:00,0.05424598700514776,0.07805062228398144,0.24221049530526023,2,0.015503875968992248,0.0078125,128.0,0.10141880639293278,51.2
2018-07-14 04:48:00,2018-07-14 09:03:00,0.8505149132722243,0.42231378235257827,12.883737190496694,3,0.023255813953488372,0.01171875,85.33333333333333,0.23149043487196597,34.13333333333333
2018-07-14 09:04:00,2018-07-14 13:19:00,3.218858268229167,1.3103035335181243,145.01379730734274,46,0.35658914728682173,0.23046875,4.338983050847458,0.7909658118307757,1.7355932203389832
2018-07-14 13:20:00,2018-07-14 17:35:00,3.242503971354167,1.506183061586202,90.29728184214024,2,0.015503875968992248,0.0078125,128.0,0.15404416115768793,51.2
2018-07-14 17:36:00,2018-07-14 21:51:00,0.10903968384385278,0.13486641473931815,0.8511005853938889,2,0.015503875968992248,0.0078125,128.0,0.11056554025379244,51.2
2018-07-14 21:52:00,2018-07-15 02:07:00,0.0,0.0,0.0,0,0.0,0.0,inf,0.0,60.0
2018-07-15 02:08:00,2018-07-15 06:23:00,0.2205701666789972,0.22037906450205644,1.7800228681147732,2,0.015503875968992248,0.0078125,128.0,0.1137711543372189,51.2
2018-07-15 06:24:00,2018-07-15 10:39:00,2.4737380859374998,1.6014071920517199,81.86987493304936,55,0.4263565891472868,0.3359375,2.9767441860465116,0.6958820344137465,1.1906976744186046
2018-07-15 10:40:00,2018-07-15 14:55:00,5.33051484375,0.4470524031207079,8.915874623601276,2,0.015503875968992248,0.0078125,128.0,0.08354842069953933,51.2
2018-07-15 14:56:00,2018-07-15 19:11:00,1.5692854375394205,1.3328868473345563,80.53245389410344,1,0.007751937984496124,0.00390625,256.0,0.06831982175361409,60.0
2018-07-15 19:12:00,2018-07-15 23:27:00,0.013364090292868528,0.029371354824136078,0.01154820871491379,0,0.0,0.0,inf,0.0,60.0
2018-07-15 23:28:00,2018-07-16 03:43:00,0.019031246553623798,0.03843150841881267,0.02600097906645726,0,0.0,0.0,inf,0.0,60.0
2018-07-16 03:44:00,2018-07-16 07:59:00,0.8852769886134431,0.7838812678320096,17.25219655760276,1,0.007751937984496124,0.00390625,256.0,0.06336747154255286,60.0
2018-07-16 08:00:00,2018-07-16 12:15:00,4.8970035112111585,0.7910609650354611,18.741319160626965,1,0.007751937984496124,0.00390625,256.0,0.07626396613638524,60.0
2018-07-16 12:16:00,2018-07-16 16:31:00,4.2899826171875,1.1215837681552312,43.018713846899125,1,0.007751937984496124,0.00390625,256.0,0.060608948262364064,60.0
2018-07-16 16:32:00,2018-07-16 20:47:00,0.40092056982198965,0.5116637173097248,5.149721080744532,1,0.007751937984496124,0.00390625,256.0,0.06508078324625453,60.0
2018-07-16 20:48:00,2018-07-17 01:03:00,0.00043268876600414556,0.0012184289749463178,0.0004321622824879857,0,0.0,0.0,inf,0.0,60.0
2018-07-17 01:04:00,2018-07-17 05:19:00,0.11732640977806091,0.12496860941473015,0.7049282352013598,2,0.015503875968992248,0.0078125,128.0,0.1305907999497547,51.2
2018-07-17 05:20:00,2018-07-17 09:35:00,1.3841658854166667,0.4735387821135903,17.42766662102007,4,0.031007751937984496,0.015625,64.0,0.27288177818383286,25.6
2018-07-17 09:36:00,2018-07-17 13:51:00,1.0553229817708334,0.3375746505086921,5.8940323739579,3,0.023255813953488372,0.01171875,85.33333333333333,0.27613263539888494,34.13333333333333
2018-07-17 13:52:00,2018-07-17 18:07:00,0.478148207980226,0.2168191374423081,1.638526083101739,7,0.05426356589147287,0.03125,32.0,0.3690074213543096,12.8
2018-07-17 18:08:00,2018-07-17 22:23:00,0.03213664138197843,0.052257643021958025,0.07013067228452115,0,0.0,0.0,inf,0.0,60.0
2018-07-17 22:24:00,2018-07-18 02:39:00,3.916228689868191e-06,6.253715714352081e-05,6.603097108475848e-10,0,0.0,0.0,inf,0.0,60.0
2018-07-18 02:40:00,2018-07-18 06:55:00,0.12550679874464973,0.1213420469973552,0.6171772889376858,2,0.015503875968992248,0.0078125,128.0,0.17126729099112348,51.2
2018-07-18 06:56:00,2018-07-18 11:11:00,1.2200718098958334,1.267995766815541,34.6568088567978,2,0.015503875968992248,0.0078125,128.0,0.09200355434710196,51.2
2018-07-18 11:12:00,2018-07-18 15:27:00,4.024759114583333,0.6645644651705697,71.21507368144559,30,0.23255813953488372,0.15234375,6.564102564102564,0.6713361114343456,2.6256410256410256
2018-07-18 15:28:00,2018-07-18 19:43:00,1.1943071106988423,1.1146459450390542,56.053883234626234,2,0.015503875968992248,0.0078125,128.0,0.08549481639874103,51.2
2018-07-18 19:44:00,2018-07-18 23:59:00,0.0007686810472476732,0.0031755822518377,2.730600489613371e-05,0,0.0,0.0,inf,0.0,60.0
2018-07-19 00:00:00,2018-07-19 04:15:00,0.03642802551930267,0.06556323094387342,0.09613181133313209,0,0.0,0.0,inf,0.0,60.0
2018-07-19 04:16:00,2018-07-19 08:31:00,1.2813595994249996,1.1021543428761695,50.49290296131258,2,0.015503875968992248,0.0078125,128.0,0.16305854566268593,51.2
2018-07-19 08:32:00,2018-07-19 12:47:00,5.174000781249999,0.6050561698373497,13.841242542824299,2,0.015503875968992248,0.0078125,128.0,0.1282859448335794,51.2
2018-07-19 12:48:00,2018-07-19 17:03:00,3.8352380208333336,1.2551823356072171,49.618594059389466,1,0.007751937984496124,0.00390625,256.0,0.06679904221196492,60.0
2018-07-19 17:04:00,2018-07-19 21:19:00,0.20763770707769927,0.2780961891293426,1.6505917690353333,1,0.007751937984496124,0.00390625,256.0,0.08901743247645233,60.0
2018-07-19 21:20:00,2018-07-20 01:35:00,0.0003242953746897863,0.0014363994839825642,4.837918761732238e-06,0,0.0,0.0,inf,0.0,60.0
2018-07-20 01:36:00,2018-07-20 05:51:00,0.16942389275109052,0.15625255862566229,1.1277376253021876,2,0.015503875968992248,0.0078125,128.0,0.13321247400378466,51.2
2018-07-20 05:52:00,2018-07-20 10:07:00,2.83161640625,1.6108091957917696,106.85745024169242,2,0.015503875968992248,0.0078125,128.0,0.15719308160891038,51.2
2018-07-20 10:08:00,2018-07-20 14:23:00,5.546930013020833,0.28083847452336846,4.759546910531636,2,0.015503875968992248,0.0078125,128.0,0.16788581730553853,51.2
2018-07-20 14:24:00,2018-07-20 18:39:00,2.169105554093621,1.5662945285968652,102.13881180962152,1,0.007751937984496124,0.00390625,256.0,0.06057564818135909,60.0
2018-07-20 18:40:00,2018-07-20 22:55:00,0.022497680955601295,0.04399260924597722,0.035025328194349135,0,0.0,0.0,inf,0.0,60.0
2018-07-20 22:56:00,2018-07-21 03:11:00,0.0030170397366396824,0.009394651049005682,0.0004785634066738954,0,0.0,0.0,inf,0.0,60.0
2018-07-21 03:12:00,2018-07-21 07:27:00,0.5834834692607463,0.5187557842406482,4.979545881803722,1,0.007751937984496124,0.00390625,256.0,0.0387187801503844,60.0
2018-07-21 07:28:00,2018-07-21 11:43:00,4.409939518229166,1.0525369820725383,35.758208787523806,1,0.007751937984496124,0.00390625,256.0,0.05035934797609835,60.0
2018-07-21 11:44:00,2018-07-21 15:59:00,4.745065989141949,0.8609875679372458,24.109231499642394,1,0.007751937984496124,0.00390625,256.0,0.05355308889220382,60.0
2018-07-21 16:00:00,2018-07-21 20:15:00,0.678582256224719,0.8079227105316448,19.322057232163235,1,0.007751937984496124,0.00390625,256.0,0.06873973581647698,60.0
2018-07-21 20:16:00,2018-07-22 00:31:00,0.0006622992573588494,0.0017328413819886683,0.00023159447734200396,0,0.0,0.0,inf,0.0,60.0
2018-07-22 00:32:00,2018-07-22 04:47:00,0.05018818901368058,0.06852523119672393,0.2943815056237737,3,0.023255813953488372,0.01171875,85.33333333333333,0.19987000106096914,34.13333333333333
2018-07-22 04:48:00,2018-07-22 09:03:00,1.0905609375,0.7013371018052962,38.56655504038745,5,0.03875968992248062,0.03515625,28.444444444444443,0.3727799456779822,11.377777777777778
2018-07-22 09:04:00,2018-07-22 13:19:00,5.027768880208335,0.9628712719570138,29.23622452957405,15,0.11627906976744186,0.078125,12.8,0.3793590170420119,5.12
2018-07-22 13:20:00,2018-07-22 17:35:00,3.122475325520833,1.4739698057636206,72.96179422232083,16,0.12403100775193798,0.07421875,13.473684210526315,0.34700174727498456,5.389473684210526
2018-07-22 17:36:00,2018-07-22 21:51:00,0.0907442908828811,0.12389472902550575,0.6156687410426063,2,0.015503875968992248,0.0078125,128.0,0.10112591791860111,51.2
2018-07-22 21:52:00,2018-07-23 02:07:00,0.0,0.0,0.0,0,0.0,0.0,inf,0.0,60.0
2018-07-23 02:08:00,2018-07-23 06:23:00,0.25841892611342754,0.24623953321220435,1.9409207393202588,7,0.05426356589147287,0.02734375,36.57142857142857,0.34957505871282857,14.62857142857143
2018-07-23 06:24:00,2018-07-23 10:39:00,1.3341722005208334,0.5347475809083215,43.17052560599658,24,0.18604651162790697,0.1171875,8.533333333333333,0.5853961319003984,3.4133333333333336
2018-07-23 10:40:00,2018-07-23 14:55:00,3.877134049479167,1.66523263657399,279.1594273661702,63,0.4883720930232558,0.359375,2.782608695652174,0.8436078391336893,1.1130434782608696
2018-07-23 14:56:00,2018-07-23 19:11:00,1.1772119553632756,1.0914014792554205,50.988368184998926,9,0.06976744186046512,0.0390625,25.6,0.3569469964134757,10.24
2018-07-23 19:12:00,2018-07-23 23:27:00,0.005470212361347226,0.01323928725644124,0.0018356381348224112,0,0.0,0.0,inf,0.0,60.0
2018-07-23 23:28:00,2018-07-24 03:43:00,0.012075388647346825,0.026412543192113305,0.00986503833310446,0,0.0,0.0,inf,0.0,60.0
2018-07-24 03:44:00,2018-07-24 07:59:00,0.8015579897558185,0.7623903666477503,16.424580873681457,1,0.007751937984496124,0.00390625,256.0,0.08353359170182743,60.0
2018-07-24 08:00:00,2018-07-24 12:15:00,4.279788932291667,1.2516196906959887,252.34893452904032,52,0.40310077519379844,0.2421875,4.129032258064516,0.8135562460908797,1.6516129032258065
2018-07-24 12:16:00,2018-07-24 16:31:00,4.106774348958333,1.050790473668527,30.74418724370549,5,0.03875968992248062,0.01953125,51.2,0.3318168757046249,20.48
2018-07-24 16:32:00,2018-07-24 20:47:00,0.3681224939532092,0.4958330291362395,4.453725470298644,1,0.007751937984496124,0.00390625,256.0,0.05973252504375498,60.0
2018-07-24 20:48:00,2018-07-25 01:03:00,0.0006284368498901365,0.0014408018108606603,3.454380365559606e-05,0,0.0,0.0,inf,0.0,60.0
2018-07-25 01:04:00,2018-07-25 05:19:00,0.09560133975072502,0.10509653158154043,0.6406570940084935,2,0.015503875968992248,0.0078125,128.0,0.10546365275855131,51.2
2018-07-25 05:20:00,2018-07-25 09:35:00,2.0698510582185734,1.4010625554159526,87.78511941346162,1,0.007751937984496124,0.00390625,256.0,0.06658350538147803,60.0
2018-07-25 09:36:00,2018-07-25 13:51:00,4.9950345703125,0.360549978638065,5.327438836592057,2,0.015503875968992248,0.0078125,128.0,0.09899342471955906,51.2
2018-07-25 13:52:00,2018-07-25 18:07:00,2.3489440184688064,1.3819720739834214,78.97772198894238,1,0.007751937984496124,0.00390625,256.0,0.06605091601310631,60.0
2018-07-25 18:08:00,2018-07-25 22:23:00,0.044105754506215435,0.0699049758655777,0.15935777875503102,0,0.0,0.0,inf,0.0,60.0
2018-07-25 22:24:00,2018-07-26 02:39:00,0.00014289716222704203,0.0006023561471588144,8.86088404522901e-06,0,0.0,0.0,inf,0.0,60.0
2018-07-26 02:40:00,2018-07-26 06:55:00,0.3481738613472007,0.31308630895870593,2.1467850812965037,2,0.015503875968992248,0.0078125,128.0,0.1292797194373033,51.2
2018-07-26 06:56:00,2018-07-26 11:11:00,3.7870535156250003,1.2430657082219179,51.869865526737364,1,0.007751937984496124,0.00390625,256.0,0.05320464271534294,60.0
2018-07-26 11:12:00,2018-07-26 15:27:00,4.89109375,0.6446234216906027,15.185458059313335,1,0.007751937984496124,0.00390625,256.0,0.0659677459514198,60.0
2018-07-26 15:28:00,2018-07-26 19:43:00,1.008750683339783,1.0303477448217142,41.9598872083599,2,0.015503875968992248,0.0078125,128.0,0.07269790783814753,51.2
2018-07-26 19:44:00,2018-07-26 23:59:00,0.0003654717021366159,0.0015041435577810849,8.680721233376888e-06,0,0.0,0.0,inf,0.0,60.0
2018-07-27 00:00:00,2018-07-27 04:15:00,0.026685110375033946,0.04892412888566572,0.04383311869674011,0,0.0,0.0,inf,0.0,60.0
2018-07-27 04:16:00,2018-07-27 08:31:00,1.2092321851421401,1.0249495111146987,36.98034985354537,2,0.015503875968992248,0.0078125,128.0,0.09715736410306927,51.2
2018-07-27 08:32:00,2018-07-27 12:47:00,4.188074934895833,1.5687820373105064,288.5196044778929,52,0.40310077519379844,0.265625,3.764705882352941,0.7920608514987513,1.5058823529411764
2018-07-27 12:48:00,2018-07-27 17:03:00,3.5944069010416664,1.3638731020717456,89.02714377178471,52,0.40310077519379844,0.29296875,3.4133333333333336,0.6093221554721991,1.3653333333333335
2018-07-27 17:04:00,2018-07-27 21:19:00,0.18386834395248702,0.26187181143390653,1.6441208390083102,1,0.007751937984496124,0.00390625,256.0,0.0883328167795018,60.0
2018-07-27 21:20:00,2018-07-28 01:35:00,0.00042708689067454635,0.0012142451134495278,2.773120795497985e-05,0,0.0,0.0,inf,0.0,60.0
2018-07-28 01:36:00,2018-07-28 05:51:00,0.13815213269428794,0.13797936908016106,0.8808058466496094,2,0.015503875968992248,0.0078125,128.0,0.11126266808632049,51.2
2018-07-28 05:52:00,2018-07-28 10:07:00,2.700441731770833,1.5042702666120262,85.04070374975538,1,0.007751937984496124,0.00390625,256.0,0.055057370398960755,60.0
2018-07-28 10:08:00,2018-07-28 14:23:00,5.3392033203125,0.30537726665207154,4.999846121427975,2,0.015503875968992248,0.0078125,128.0,0.08779497091777368,51.2
2018-07-28 14:24:00,2018-07-28 18:39:00,2.004248801180618,1.549709724758331,103.1712578056061,1,0.007751937984496124,0.00390625,256.0,0.06361656643387904,60.0
2018-07-28 18:40:00,2018-07-28 22:55:00,0.002145157550425579,0.0064235999816589584,0.0002638163665319237,0,0.0,0.0,inf,0.0,60.0
2018-07-28 22:56:00,2018-07-29 03:11:00,0.0010969328765706048,0.0037371820331254437,6.0905145962263584e-05,0,0.0,0.0,inf,0.0,60.0
2018-07-29 03:12:00,2018-07-29 07:27:00,0.4410697528136449,0.46552121397818885,4.363283183555674,8,0.06201550387596899,0.03125,32.0,0.3273475278465681,12.8
2018-07-29 07:28:00,2018-07-29 11:43:00,4.268781380208333,1.334025347215867,124.51597996651957,29,0.2248062015503876,0.13671875,7.314285714285714,0.6550823569440689,2.9257142857142857
2018-07-29 11:44:00,2018-07-29 15:59:00,4.345926432291667,1.1869923166249565,209.9092586800496,10,0.07751937984496124,0.05859375,17.066666666666666,0.46171766423143873,6.826666666666667
2018-07-29 16:00:00,2018-07-29 20:15:00,0.5436917410063457,0.6823066502258092,12.79308312615402,3,0.023255813953488372,0.01171875,85.33333333333333,0.1842682624198989,34.13333333333333
2018-07-29 20:16:00,2018-07-30 00:31:00,0.00013072221602237528,0.0005521788028387816,2.524921029504239e-05,0,0.0,0.0,inf,0.0,60.0
2018-07-30 00:32:00,2018-07-30 04:47:00,0.05041073543778907,0.07635776710715442,0.21030532370443297,2,0.015503875968992248,0.0078125,128.0,0.12342747973286264,51.2
2018-07-30 04:48:00,2018-07-30 09:03:00,1.6987652994791667,1.37454443260215,105.14127071882004,11,0.08527131782945736,0.078125,12.8,0.3409700128967832,5.12
2018-07-30 09:04:00,2018-07-30 13:19:00,4.4014833984375,1.359650820904484,211.91287790162792,19,0.14728682170542637,0.08984375,11.130434782608695,0.5512669305291067,4.452173913043478
2018-07-30 13:20:00,2018-07-30 17:35:00,3.1191761067708335,1.5995089714968618,77.29507808695143,1,0.007751937984496124,0.00390625,256.0,0.05281460126319459,60.0
2018-07-30 17:36:00,2018-07-30 21:51:00,0.04360591864608392,0.06170911885642564,0.15389643428000455,0,0.0,0.0,inf,0.0,60.0
2018-07-30 21:52:00,2018-07-31 02:07:00,0.0,0.0,0.0,0,0.0,0.0,inf,0.0,60.0
2018-07-31 02:08:00,2018-07-31 06:23:00,0.19037261600298822,0.1789866468965346,0.8608005066717801,3,0.023255813953488372,0.01171875,85.33333333333333,0.2278068590201689,34.13333333333333
2018-07-31 06:24:00,2018-07-31 10:39:00,3.2584452473958336,1.4996148227467485,77.2099251469411,1,0.007751937984496124,0.00390625,256.0,0.06809489280434315,60.0
2018-07-31 10:40:00,2018-07-31 14:55:00,4.231434440104167,1.4217158354894168,179.192413970696,33,0.2558139534883721,0.23046875,4.338983050847458,0.6744160458629955,1.7355932203389832
2018-07-31 14:56:00,2018-07-31 19:11:00,0.5596575852490101,0.3799205139053378,7.555241546481708,3,0.023255813953488372,0.01171875,85.33333333333333,0.216856123577747,34.13333333333333
2018-07-31 19:12:00,2018-07-31 23:27:00,0.0024441612993523353,0.006563453787026046,0.00031764026587256886,0,0.0,0.0,inf,0.0,60.0
2018-07-31 23:28:00,2018-08-01 03:43:00,0.005777180518789767,0.015295514823533925,0.0019489601242929902,0,0.0,0.0,inf,0.0,60.0
2018-08-01 03:44:00,2018-08-01 07:59:00,0.4349957478492745,0.3488017264355748,4.282653060783516,3,0.023255813953488372,0.01171875,85.33333333333333,0.15381399049642133,34.13333333333333
2018-08-01 08:00:00,2018-08-01 12:15:00,3.0221993489583334,2.0475710492288663,431.25790368622484,11,0.08527131782945736,0.05078125,19.692307692307693,0.387063075028792,7.876923076923077
2018-08-01 12:16:00,2018-08-01 16:31:00,4.018354361979167,1.2320342890099667,47.101696065914474,13,0.10077519379844961,0.0625,16.0,0.35942365529247156,6.4
2018-08-01 16:32:00,2018-08-01 20:47:00,0.19686266240249986,0.2385189198608076,1.9027197361151902,2,0.015503875968992248,0.0078125,128.0,0.15211481090211104,51.2
2018-08-01 20:48:00,2018-08-02 01:03:00,0.0,0.0,0.0,0,0.0,0.0,inf,0.0,60.0
2018-08-02 01:04:00,2018-08-02 05:19:00,0.06519889425812975,0.08748344215378683,0.28152719959206474,2,0.015503875968992248,0.0078125,128.0,0.08287841264691771,51.2
2018-08-02 05:20:00,2018-08-02 09:35:00,2.176171158854167,1.4909875052472399,96.93774815874673,2,0.015503875968992248,0.0078125,128.0,0.09503283617660085,51.2
2018-08-02 09:36:00,2018-08-02 13:51:00,4.732998828125,1.3222739871275608,291.1930505772411,43,0.3333333333333333,0.2109375,4.7407407407407405,0.7300027269971977,1.8962962962962964
2018-08-02 13:52:00,2018-08-02 18:07:00,2.576548177083333,1.4959800530321345,97.24817118116378,1,0.007751937984496124,0.00390625,256.0,0.06998126378278635,60.0
2018-08-02 18:08:00,2018-08-02 22:23:00,0.041245610939005785,0.07743644819477681,0.12984084924294303,0,0.0,0.0,inf,0.0,60.0
2018-08-02 22:24:00,2018-08-03 02:39:00,0.0001650152701573304,0.0005735123394423105,1.4940824932115282e-06,0,0.0,0.0,inf,0.0,60.0
2018-08-03 02:40:00,2018-08-03 06:55:00,0.26408421102307295,0.2692746304804457,1.3499271606672878,2,0.015503875968992248,0.0078125,128.0,0.11491291252970612,51.2
2018-08-03 06:56:00,2018-08-03 11:11:00,3.8771505208333332,1.2833935728318835,54.277720981823514,1,0.007751937984496124,0.00390625,256.0,0.08531959488948264,60.0
2018-08-03 11:12:00,2018-08-03 15:27:00,4.90976796875,0.7688554555622167,26.607608735169627,2,0.015503875968992248,0.0078125,128.0,0.15940729519035524,51.2
2018-08-03 15:28:00,2018-08-03 19:43:00,0.991114886219972,1.0567138002695278,46.06084683712794,2,0.015503875968992248,0.0078125,128.0,0.07941105923186131,51.2
2018-08-03 19:44:00,2018-08-03 23:59:00,0.0005158775112809866,0.0014522730029986762,0.00013120923020971666,0,0.0,0.0,inf,0.0,60.0
2018-08-04 00:00:00,2018-08-04 04:15:00,0.017550189766590847,0.04030293440966644,0.02010764534446536,0,0.0,0.0,inf,0.0,60.0
2018-08-04 04:16:00,2018-08-04 08:31:00,1.2456364401869284,1.0894313746310773,42.278270056416176,5,0.03875968992248062,0.0234375,42.666666666666664,0.27445140187359784,17.066666666666666
2018-08-04 08:32:00,2018-08-04 12:47:00,4.071090494791667,1.3729391514205578,252.92387367941683,37,0.2868217054263566,0.2109375,4.7407407407407405,0.7192100645119862,1.8962962962962964
2018-08-04 12:48:00,2018-08-04 17:03:00,3.327754655595082,1.7137324450039786,145.73793867935402,38,0.29457364341085274,0.2265625,4.413793103448276,0.5797385831844013,1.7655172413793105
2018-08-04 17:04:00,2018-08-04 21:19:00,0.12072479307880044,0.15535251182796886,1.126898360827345,2,0.015503875968992248,0.0078125,128.0,0.13131339404331505,51.2
2018-08-04 21:20:00,2018-08-05 01:35:00,0.0005441657758397758,0.0013308598099621965,0.00047662783990029366,0,0.0,0.0,inf,0.0,60.0
2018-08-05 01:36:00,2018-08-05 05:51:00,0.06791741715105332,0.08233841649968518,0.3467808744753206,2,0.015503875968992248,0.0078125,128.0,0.1364624579209495,51.2
2018-08-05 05:52:00,2018-08-05 10:07:00,1.5106205078125,0.9339124862049669,91.70801125050492,42,0.32558139534883723,0.203125,4.923076923076923,0.7620999584688426,1.9692307692307693
2018-08-05 10:08:00,2018-08-05 14:23:00,2.8209695312500003,1.9105400643979558,568.3327708010747,60,0.46511627906976744,0.28515625,3.506849315068493,0.8271225240862348,1.4027397260273973
2018-08-05 14:24:00,2018-08-05 18:39:00,1.2733670747121302,1.1187851941556544,115.48758045751619,32,0.24806201550387597,0.171875,5.818181818181818,0.5666986549525224,2.3272727272727276
2018-08-05 18:40:00,2018-08-05 22:55:00,0.005554387329435613,0.016576038214143923,0.0016641774970940024,0,0.0,0.0,inf,0.0,60.0
2018-08-05 22:56:00,2018-08-06 03:11:00,0.00011893391401135875,0.000899518764883367,6.112587163408592e-07,0,0.0,0.0,inf,0.0,60.0
2018-08-06 03:12:00,2018-08-06 07:27:00,0.4833319174324932,0.5388648626793624,4.7749866623266435,2,0.015503875968992248,0.0078125,128.0,0.1464418837874523,51.2
2018-08-06 07:28:00,2018-08-06 11:43:00,4.1146419921875,1.2827759541764008,108.31632338037511,40,0.31007751937984496,0.2109375,4.7407407407407405,0.6096541250572562,1.8962962962962964
2018-08-06 11:44:00,2018-08-06 15:59:00,3.240557877604167,1.5608771141138484,219.88913050177217,40,0.31007751937984496,0.2109375,4.7407407407407405,0.7413582079409436,1.8962962962962964
2018-08-06 16:00:00,2018-08-06 20:15:00,0.13943407933777582,0.17712075299330451,0.6275158296130072,2,0.015503875968992248,0.0078125,128.0,0.11610302860342778,51.2
2018-08-06 20:16:00,2018-08-07 00:31:00,2.1303288242036917e-05,0.0001715582489743096,8.74159665670773e-06,0,0.0,0.0,inf,0.0,60.0
2018-08-07 00:32:00,2018-08-07 04:47:00,0.03668745627087565,0.06043990604371694,0.11567034166110006,0,0.0,0.0,inf,0.0,60.0
2018-08-07 04:48:00,2018-08-07 09:03:00,1.3522935469754176,1.0357010715104737,41.33370539818136,10,0.07751937984496124,0.046875,21.333333333333332,0.4006803531803607,8.533333333333333
2018-08-07 09:04:00,2018-08-07 13:19:00,5.292271354166667,0.459901085124494,10.143166752087675,17,0.13178294573643412,0.08984375,11.130434782608695,0.2558182386229724,4.452173913043478
2018-08-07 13:20:00,2018-08-07 17:35:00,2.985782682291666,1.648047328969615,174.2656166064503,3,0.023255813953488372,0.01171875,85.33333333333333,0.2275092131294773,34.13333333333333
2018-08-07 17:36:00,2018-08-07 21:51:00,0.06084008631006302,0.10488662253826701,0.29747888518901716,2,0.015503875968992248,0.0078125,128.0,0.09383568217264761,51.2
2018-08-07 21:52:00,2018-08-08 02:07:00,9.407740625045672e-05,0.0005879478884282305,0.00011583321103753258,0,0.0,0.0,inf,0.0,60.0
2018-08-08 02:08:00,2018-08-08 06:23:00,0.20499120664984133,0.1993406098705946,1.2327783738347406,3,0.023255813953488372,0.01171875,85.33333333333333,0.15376560020112,34.13333333333333
2018-08-08 06:24:00,2018-08-08 10:39:00,2.6477627604166667,1.0948172543195667,69.74393353226861,32,0.24806201550387597,0.15234375,6.564102564102564,0.6124698912289847,2.6256410256410256
2018-08-08 10:40:00,2018-08-08 14:55:00,2.6350294270833334,1.7510673273234842,271.46389985193827,4,0.031007751937984496,0.01953125,51.2,0.255521664213834,20.48
2018-08-08 14:56:00,2018-08-08 19:11:00,0.9570134049034735,0.7075428966685011,53.580440978285644,3,0.023255813953488372,0.01171875,85.33333333333333,0.26789163151700707,34.13333333333333
2018-08-08 19:12:00,2018-08-08 23:27:00,0.0008960815054333474,0.003501725080561275,3.61930573895394e-05,0,0.0,0.0,inf,0.0,60.0
2018-08-08 23:28:00,2018-08-09 03:43:00,0.002867385003907575,0.0056535809189256075,0.0005280886814720816,0,0.0,0.0,inf,0.0,60.0
2018-08-09 03:44:00,2018-08-09 07:59:00,0.7967127693977532,0.8312883327435718,17.784173667245348,2,0.015503875968992248,0.0078125,128.0,0.13630578488265613,51.2
2018-08-09 08:00:00,2018-08-09 12:15:00,4.577998307291667,1.4054152372414659,126.57899895247763,40,0.31007751937984496,0.20703125,4.830188679245283,0.5925959996233141,1.9320754716981132
2018-08-09 12:16:00,2018-08-09 16:31:00,3.1161817057291663,1.3061343208275231,176.4278390456497,46,0.35658914728682173,0.2265625,4.413793103448276,0.7179516319530063,1.7655172413793105
2018-08-09 16:32:00,2018-08-09 20:47:00,0.20889602932624393,0.3242789310554412,3.782595095580187,2,0.015503875968992248,0.0078125,128.0,0.15343058223597345,51.2
2018-08-09 20:48:00,2018-08-10 01:03:00,0.00018926492077125202,0.0006996234200410891,9.317171871895312e-05,0,0.0,0.0,inf,0.0,60.0
2018-08-10 01:04:00,2018-08-10 05:19:00,0.06652464130706483,0.09766417366825711,0.36931711384373883,2,0.015503875968992248,0.0078125,128.0,0.11639340502981883,51.2
2018-08-10 05:20:00,2018-08-10 09:35:00,1.7344693865872807,1.5566072523145054,158.87487356464356,26,0.20155038759689922,0.14453125,6.918918918918919,0.45444762047893483,2.7675675675675677
2018-08-10 09:36:00,2018-08-10 13:51:00,4.299416145833334,2.038376934828681,504.19729602005515,59,0.4573643410852713,0.36328125,2.752688172043011,0.8181375153951028,1.1010752688172043
2018-08-10 13:52:00,2018-08-10 18:07:00,1.9941086738318092,1.594916773387781,186.81468182623837,37,0.2868217054263566,0.16796875,5.953488372093023,0.721895902981899,2.3813953488372093
2018-08-10 18:08:00,2018-08-10 22:23:00,0.020426637785908967,0.04774414403688807,0.027176191300887408,0,0.0,0.0,inf,0.0,60.0
2018-08-10 22:24:00,2018-08-11 02:39:00,0.0,0.0,0.0,0,0.0,0.0,inf,0.0,60.0
2018-08-11 02:40:00,2018-08-11 06:55:00,0.3098932130830515,0.31910089911742645,3.6954554883492685,4,0.031007751937984496,0.02734375,36.57142857142857,0.23081005161435308,14.62857142857143
2018-08-11 06:56:00,2018-08-11 11:11:00,2.0087732421875,1.1615783619711217,252.87433067794805,25,0.1937984496124031,0.12109375,8.258064516129032,0.5943499700548502,3.303225806451613
2018-08-11 11:12:00,2018-08-11 15:27:00,3.2766279947916668,2.2232856245866466,626.0569915953915,37,0.2868217054263566,0.20703125,4.830188679245283,0.6636984897679327,1.9320754716981132
2018-08-11 15:28:00,2018-08-11 19:43:00,0.24889997076432596,0.38064812346359506,6.2139645313529845,19,0.14728682170542637,0.11328125,8.827586206896552,0.5253345243139328,3.531034482758621
2018-08-11 19:44:00,2018-08-11 23:59:00,0.0,0.0,0.0,0,0.0,0.0,inf,0.0,60.0
2018-08-12 00:00:00,2018-08-12 04:15:00,0.019740260267355644,0.05177536166044165,0.02280927149251974,0,0.0,0.0,inf,0.0,60.0
2018-08-12 04:16:00,2018-08-12 08:31:00,1.1297597630171377,0.9101012401324868,30.41604891483123,3,0.023255813953488372,0.01171875,85.33333333333333,0.19194921232002107,34.13333333333333
2018-08-12 08:32:00,2018-08-12 12:47:00,2.3641147135416665,1.302902489031702,280.1765807783499,12,0.09302325581395349,0.0703125,14.222222222222221,0.4906431850319571,5.688888888888889
2018-08-12 12:48:00,2018-08-12 17:03:00,0.5960894795738078,0.4068336932824277,6.227520834272841,2,0.015503875968992248,0.0078125,128.0,0.1350069621483914,51.2
2018-08-12 17:04:00,2018-08-12 21:19:00,0.024879495029255096,0.03778939973324484,0.05067454755871776,0,0.0,0.0,inf,0.0,60.0
2018-08-12 21:20:00,2018-08-13 01:35:00,0.0,0.0,0.0,0,0.0,0.0,inf,0.0,60.0
2018-08-13 01:36:00,2018-08-13 05:51:00,0.07541093123045091,0.10571852969443912,0.41571349208200364,2,0.015503875968992248,0.0078125,128.0,0.08938098945320547,51.2
2018-08-13 05:52:00,2018-08-13 10:07:00,0.7042248046874999,0.1415659943306651,0.5409064100134472,10,0.07751937984496124,0.04296875,23.272727272727273,0.49509803666951085,9.30909090909091
2018-08-13 10:08:00,2018-08-13 14:23:00,1.7074597005208334,1.370144679774277,291.25689761226926,5,0.03875968992248062,0.01953125,51.2,0.359417539635552,20.48
2018-08-13 14:24:00,2018-08-13 18:39:00,0.21161332255839543,0.12878842067782909,0.8353416287629055,6,0.046511627906976744,0.0234375,42.666666666666664,0.2572553987831794,17.066666666666666
2018-08-13 18:40:00,2018-08-13 22:55:00,4.909063043599947e-06,7.839145037145245e-05,1.036252698539667e-09,0,0.0,0.0,inf,0.0,60.0
2018-08-13 22:56:00,2018-08-14 03:11:00,0.0,0.0,0.0,0,0.0,0.0,inf,0.0,60.0
2018-08-14 03:12:00,2018-08-14 07:27:00,0.3776605134017052,0.4135063378013995,2.342562826121791,5,0.03875968992248062,0.01953125,51.2,0.32703259846621807,20.48
2018-08-14 07:28:00,2018-08-14 11:43:00,2.9749240885416666,1.8597100372489708,394.56383712812914,38,0.29457364341085274,0.16015625,6.2439024390243905,0.7287996478937683,2.497560975609756
2018-08-14 11:44:00,2018-08-14 15:59:00,3.348399479166667,1.8377795975103588,412.00081428560037,37,0.2868217054263566,0.203125,4.923076923076923,0.6517127350940761,1.9692307692307693
2018-08-14 16:00:00,2018-08-14 20:15:00,0.5708326288342378,0.7713489660670977,19.899635614042435,2,0.015503875968992248,0.0078125,128.0,0.09759788080577153,51.2
2018-08-14 20:16:00,2018-08-15 00:31:00,0.0,0.0,0.0,0,0.0,0.0,inf,0.0,60.0
2018-08-15 00:32:00,2018-08-15 04:47:00,0.023827408262654906,0.04838498790597844,0.04013044691805219,0,0.0,0.0,inf,0.0,60.0
2018-08-15 04:48:00,2018-08-15 09:03:00,1.6036371345506724,1.3253549691115045,88.11779231411568,9,0.06976744186046512,0.08203125,12.19047619047619,0.2731604813422667,4.876190476190477
2018-08-15 09:04:00,2018-08-15 13:19:00,2.7250467447916664,1.9412482439866032,549.7648515032406,43,0.3333333333333333,0.23046875,4.338983050847458,0.6155213397699231,1.7355932203389832
2018-08-15 13:20:00,2018-08-15 17:35:00,1.8666759765625,1.1371591352810033,175.63859941972046,23,0.17829457364341086,0.140625,7.111111111111111,0.5078424434709586,2.8444444444444446
2018-08-15 17:36:00,2018-08-15 21:51:00,0.03364090702466717,0.06909842298989698,0.0805087495475154,0,0.0,0.0,inf,0.0,60.0
2018-08-15 21:52:00,2018-08-16 02:07:00,0.0,0.0,0.0,0,0.0,0.0,inf,0.0,60.0
2018-08-16 02:08:00,2018-08-16 06:23:00,0.17322715838307243,0.22835738313625953,1.5682760688067532,2,0.015503875968992248,0.0078125,128.0,0.11811050964477732,51.2
2018-08-16 06:24:00,2018-08-16 10:39:00,1.7385133463541667,1.0104965047221086,71.0880080150164,5,0.03875968992248062,0.01953125,51.2,0.2988137080204209,20.48
2018-08-16 10:40:00,2018-08-16 14:55:00,3.1328526041666667,1.6639644250629768,441.2778230046843,38,0.29457364341085274,0.21875,4.571428571428571,0.6066050183582661,1.8285714285714287
2018-08-16 14:56:00,2018-08-16 19:11:00,0.9322081810642903,0.9869037121779116,40.952919970325034,13,0.10077519379844961,0.05859375,17.066666666666666,0.36128518642107316,6.826666666666667
2018-08-16 19:12:00,2018-08-16 23:27:00,0.0,0.0,0.0,0,0.0,0.0,inf,0.0,60.0
2018-08-16 23:28:00,2018-08-17 03:43:00,0.0005534936143586926,0.0021304307416304953,1.4650402051158132e-05,0,0.0,0.0,inf,0.0,60.0
2018-08-17 03:44:00,2018-08-17 07:59:00,0.7656689373384594,0.8314088592860989,20.063432804454855,1,0.007751937984496124,0.00390625,256.0,0.0740077413571691,60.0
2018-08-17 08:00:00,2018-08-17 12:15:00,2.3658690104166666,1.7600752318389086,444.96588941196626,15,0.11627906976744186,0.06640625,15.058823529411764,0.4235619380915554,6.023529411764706
2018-08-17 12:16:00,2018-08-17 16:31:00,0.8647475322651236,0.7042777913859124,41.14032854131374,7,0.05426356589147287,0.0390625,25.6,0.3891519053773904,10.24
2018-08-17 16:32:00,2018-08-17 20:47:00,0.3219233481605473,0.5393691490981195,5.913418034821933,1,0.007751937984496124,0.00390625,256.0,0.05144008789430696,60.0
2018-08-17 20:48:00,2018-08-18 01:03:00,0.0,0.0,0.0,0,0.0,0.0,inf,0.0,60.0
2018-08-18 01:04:00,2018-08-18 05:19:00,0.06099501462249511,0.0973417552171744,0.30033706414889927,2,0.015503875968992248,0.0078125,128.0,0.08735846988542915,51.2
2018-08-18 05:20:00,2018-08-18 09:35:00,1.9690850260416668,1.468074826897889,102.45301546883594,23,0.17829457364341086,0.109375,9.142857142857142,0.443006820511181,3.6571428571428575
2018-08-18 09:36:00,2018-08-18 13:51:00,2.0626672526041663,1.2282319953377707,60.61894168400441,10,0.07751937984496124,0.0546875,18.285714285714285,0.4108317775736448,7.314285714285715
2018-08-18 13:52:00,2018-08-18 18:07:00,0.9208797185847796,1.2445213509832345,34.348298659644506,3,0.023255813953488372,0.015625,64.0,0.18780382453017072,25.6
2018-08-18 18:08:00,2018-08-18 22:23:00,0.002028831506868503,0.004827305381219583,0.0002857057161452706,0,0.0,0.0,inf,0.0,60.0
2018-08-18 22:24:00,2018-08-19 02:39:00,0.0,0.0,0.0,0,0.0,0.0,inf,0.0,60.0
2018-08-19 02:40:00,2018-08-19 06:55:00,0.2178031123917462,0.25846253726399904,1.7856963968227395,2,0.015503875968992248,0.01171875,85.33333333333333,0.12802617450763853,34.13333333333333
2018-08-19 06:56:00,2018-08-19 11:11:00,1.2282567057291667,0.5841125696832941,26.703047942916196,11,0.08527131782945736,0.05078125,19.692307692307693,0.4380965701642239,7.876923076923077
2018-08-19 11:12:00,2018-08-19 15:27:00,0.31331237307343995,0.14156528038016689,2.3154029479426543,10,0.07751937984496124,0.04296875,23.272727272727273,0.5081236373621416,9.30909090909091
2018-08-19 15:28:00,2018-08-19 19:43:00,0.12276474323512393,0.11124296566553431,0.7108021195898426,4,0.031007751937984496,0.015625,64.0,0.28971113802369874,25.6
2018-08-19 19:44:00,2018-08-19 23:59:00,0.0,0.0,0.0,0,0.0,0.0,inf,0.0,60.0
2018-08-20 00:00:00,2018-08-20 04:15:00,0.0024171083281462266,0.007458291462768163,0.0003297282645828676,0,0.0,0.0,inf,0.0,60.0
2018-08-20 04:16:00,2018-08-20 08:31:00,0.3621025456495859,0.2661241148615388,2.1268041275580796,18,0.13953488372093023,0.07421875,13.473684210526315,0.5974200558403048,5.389473684210526
2018-08-20 08:32:00,2018-08-20 12:47:00,4.618239917097877,1.4769827222744973,183.57071794134208,48,0.37209302325581395,0.2890625,3.4594594594594597,0.6994913091962388,1.3837837837837839
2018-08-20 12:48:00,2018-08-20 17:03:00,3.171878515625,1.2655604629047117,49.227445164169275,23,0.17829457364341086,0.1015625,9.846153846153847,0.4951042444261258,3.9384615384615387
2018-08-20 17:04:00,2018-08-20 21:19:00,0.09220310068432264,0.16979312150009107,0.639961433922068,2,0.015503875968992248,0.0078125,128.0,0.09381475888255912,51.2
2018-08-20 21:20:00,2018-08-21 01:35:00,0.0,0.0,0.0,0,0.0,0.0,inf,0.0,60.0
2018-08-21 01:36:00,2018-08-21 05:51:00,0.08200895672517425,0.11178324373944203,0.47978578069494315,2,0.015503875968992248,0.0078125,128.0,0.08939859879039713,51.2
2018-08-21 05:52:00,2018-08-21 10:07:00,2.8595985026041664,1.8254648453976585,167.38593350326852,41,0.3178294573643411,0.25,4.0,0.6044548266139134,1.6
2018-08-21 10:08:00,2018-08-21 14:23:00,5.2551267578125,1.213563601462687,286.31989413529965,52,0.40310077519379844,0.30859375,3.240506329113924,0.8154545116919627,1.2962025316455696
2018-08-21 14:24:00,2018-08-21 18:39:00,1.7623585799462325,1.3723316809084514,100.23424277595589,2,0.015503875968992248,0.0078125,128.0,0.07516469017409813,51.2
2018-08-21 18:40:00,2018-08-21 22:55:00,0.0011501595967841768,0.0029292738890477114,8.628501519771512e-05,0,0.0,0.0,inf,0.0,60.0
2018-08-21 22:56:00,2018-08-22 03:11:00,0.0,0.0,0.0,0,0.0,0.0,inf,0.0,60.0
2018-08-22 03:12:00,2018-08-22 07:27:00,0.35516814005209446,0.526995034405658,3.212682187838911,1,0.007751937984496124,0.00390625,256.0,0.045871453127318294,60.0
2018-08-22 07:28:00,2018-08-22 11:43:00,4.514819466145834,1.103285770532849,39.021788461563574,1,0.007751937984496124,0.00390625,256.0,0.0605382932535394,60.0
2018-08-22 11:44:00,2018-08-22 15:59:00,4.474788411458333,1.0007294730329814,35.10376853913711,6,0.046511627906976744,0.03125,32.0,0.24785887912758536,12.8
2018-08-22 16:00:00,2018-08-22 20:15:00,0.4518268302676132,0.6654097978476707,12.840308007259665,1,0.007751937984496124,0.00390625,256.0,0.0703623773037933,60.0
2018-08-22 20:16:00,2018-08-23 00:31:00,0.00011220130540946758,0.0005395048901302836,5.750009596457111e-07,0,0.0,0.0,inf,0.0,60.0
2018-08-23 00:32:00,2018-08-23 04:47:00,0.013509664372583814,0.03072206492902699,0.012067048288770223,0,0.0,0.0,inf,0.0,60.0
2018-08-23 04:48:00,2018-08-23 09:03:00,1.5128493775055065,1.172016143980865,53.165462973847134,1,0.007751937984496124,0.00390625,256.0,0.08591714073862493,60.0
2018-08-23 09:04:00,2018-08-23 13:19:00,4.575950820598994,0.7096757200000481,52.311616216772165,51,0.3953488372093023,0.33203125,3.011764705882353,0.6542964517486096,1.2047058823529413
2018-08-23 13:20:00,2018-08-23 17:35:00,2.403380730575905,1.29972267068685,64.0537561144933,8,0.06201550387596899,0.05078125,19.692307692307693,0.2645333742179492,7.876923076923077
2018-08-23 17:36:00,2018-08-23 21:51:00,0.018017243431340774,0.039241297325672796,0.02136947923934041,0,0.0,0.0,inf,0.0,60.0
2018-08-23 21:52:00,2018-08-24 02:07:00,0.0,0.0,0.0,0,0.0,0.0,inf,0.0,60.0
2018-08-24 02:08:00,2018-08-24 06:23:00,0.05783876929537071,0.08078387490837555,0.1759802785211591,4,0.031007751937984496,0.015625,64.0,0.21147001070426932,25.6
2018-08-24 06:24:00,2018-08-24 10:39:00,1.48371875,1.0917844379429769,80.49680650156047,11,0.08527131782945736,0.05859375,17.066666666666666,0.44697812938365356,6.826666666666667
2018-08-24 10:40:00,2018-08-24 14:55:00,2.03282890625,1.1335207184195195,164.98129349469866,29,0.2248062015503876,0.12890625,7.757575757575758,0.6839811397255781,3.103030303030303
2018-08-24 14:56:00,2018-08-24 19:11:00,1.1281453167771747,1.1653664212276147,71.3517095495659,2,0.015503875968992248,0.0078125,128.0,0.08188462274880318,51.2
2018-08-24 19:12:00,2018-08-24 23:27:00,0.0,0.0,0.0,0,0.0,0.0,inf,0.0,60.0
2018-08-24 23:28:00,2018-08-25 03:43:00,0.0,0.0,0.0,0,0.0,0.0,inf,0.0,60.0
2018-08-25 03:44:00,2018-08-25 07:59:00,0.7262538788707893,0.7764252123079886,20.417159077304657,2,0.015503875968992248,0.0078125,128.0,0.12064805032470939,51.2
2018-08-25 08:00:00,2018-08-25 12:15:00,3.421285481770833,1.4532307561489088,401.6554528554775,59,0.4573643410852713,0.29296875,3.4133333333333336,0.8150916089596757,1.3653333333333335
2018-08-25 12:16:00,2018-08-25 16:31:00,1.1435846091373063,1.6495470047639604,166.35903109815882,7,0.05426356589147287,0.02734375,36.57142857142857,0.3203433058313742,14.62857142857143
2018-08-25 16:32:00,2018-08-25 20:47:00,0.02041378341294746,0.031085626348071375,0.0354736119821533,0,0.0,0.0,inf,0.0,60.0
2018-08-25 20:48:00,2018-08-26 01:03:00,0.0,0.0,0.0,0,0.0,0.0,inf,0.0,60.0
2018-08-26 01:04:00,2018-08-26 05:19:00,0.04254373333610273,0.07710524575037375,0.1426546348066009,0,0.0,0.0,inf,0.0,60.0
2018-08-26 05:20:00,2018-08-26 09:35:00,2.136425839944375,1.622460021994009,136.35430106565954,13,0.10077519379844961,0.05859375,17.066666666666666,0.28113373443879625,6.826666666666667
2018-08-26 09:36:00,2018-08-26 13:51:00,3.8722830345916472,1.9987304853601269,564.6599979677812,42,0.32558139534883723,0.265625,3.764705882352941,0.732077758614415,1.5058823529411764
2018-08-26 13:52:00,2018-08-26 18:07:00,1.9158734048558004,1.531854339314913,182.70785902410708,28,0.21705426356589147,0.1484375,6.7368421052631575,0.4903837614304248,2.694736842105263
2018-08-26 18:08:00,2018-08-26 22:23:00,0.0017496479655818697,0.006693542256089038,0.00014687949247273025,0,0.0,0.0,inf,0.0,60.0
2018-08-26 22:24:00,2018-08-27 02:39:00,0.0,0.0,0.0,0,0.0,0.0,inf,0.0,60.0
2018-08-27 02:40:00,2018-08-27 06:55:00,0.08362902552817646,0.10851181084395566,0.24215485033444972,3,0.023255813953488372,0.01171875,85.33333333333333,0.302893322327244,34.13333333333333
2018-08-27 06:56:00,2018-08-27 11:11:00,0.3986804867826161,0.23664976199992097,10.57381803905234,6,0.046511627906976744,0.0234375,42.666666666666664,0.35230200656184096,17.066666666666666
2018-08-27 11:12:00,2018-08-27 15:27:00,1.0053280028456024,0.7496938135886244,47.97087786176619,21,0.16279069767441862,0.11328125,8.827586206896552,0.5578094807376002,3.531034482758621
2018-08-27 15:28:00,2018-08-27 19:43:00,0.28569756880098546,0.44183235262406273,17.894013515256386,7,0.05426356589147287,0.02734375,36.57142857142857,0.37412166507063166,14.62857142857143
2018-08-27 19:44:00,2018-08-27 23:59:00,0.0,0.0,0.0,0,0.0,0.0,inf,0.0,60.0
2018-08-28 00:00:00,2018-08-28 04:15:00,0.0007730283008564197,0.0028642488930382603,2.899125161183245e-05,0,0.0,0.0,inf,0.0,60.0
2018-08-28 04:16:00,2018-08-28 08:31:00,0.63781183511646,0.4080969768401178,7.4967972613734295,2,0.015503875968992248,0.0078125,128.0,0.1433764948173344,51.2
2018-08-28 08:32:00,2018-08-28 12:47:00,1.7292472005208332,0.5738614314636068,35.58551589955475,16,0.12403100775193798,0.0859375,11.636363636363637,0.5499770687642538,4.654545454545455
2018-08-28 12:48:00,2018-08-28 17:03:00,0.8917553504010558,0.5659845339358826,19.458646010554315,2,0.015503875968992248,0.0078125,128.0,0.21022056218171079,51.2
2018-08-28 17:04:00,2018-08-28 21:19:00,0.020168742352529467,0.039970436784383695,0.02993796497479403,0,0.0,0.0,inf,0.0,60.0
2018-08-28 21:20:00,2018-08-29 01:35:00,0.0,0.0,0.0,0,0.0,0.0,inf,0.0,60.0
2018-08-29 01:36:00,2018-08-29 05:51:00,0.028186355513998052,0.04717454334715286,0.06001906972303177,0,0.0,0.0,inf,0.0,60.0
2018-08-29 05:52:00,2018-08-29 10:07:00,0.8699219589415894,0.6184930850880676,16.557582043177,2,0.015503875968992248,0.0078125,128.0,0.11261549318580888,51.2
2018-08-29 10:08:00,2018-08-29 14:23:00,2.193450911458333,0.8959872869341916,77.7338582003191,23,0.17829457364341086,0.11328125,8.827586206896552,0.52752553734166,3.531034482758621
2018-08-29 14:24:00,2018-08-29 18:39:00,1.439121960079948,1.4109448180203021,108.09473850773513,2,0.015503875968992248,0.0078125,128.0,0.1555435960105393,51.2
2018-08-29 18:40:00,2018-08-29 22:55:00,0.0,0.0,0.0,0,0.0,0.0,inf,0.0,60.0
2018-08-29 22:56:00,2018-08-30 03:11:00,0.0,0.0,0.0,0,0.0,0.0,inf,0.0,60.0
2018-08-30 03:12:00,2018-08-30 07:27:00,0.07251411053890232,0.07168520150739083,0.3608231155297329,2,0.015503875968992248,0.0078125,128.0,0.1341297808247634,51.2
2018-08-30 07:28:00,2018-08-30 11:43:00,0.2403038739053523,0.07275779670930116,0.27076669833809514,23,0.17829457364341086,0.13671875,7.314285714285714,0.592764532912981,2.9257142857142857
2018-08-30 11:44:00,2018-08-30 15:59:00,0.13758664174504479,0.042308760311459394,0.12238487389879023,18,0.13953488372093023,0.078125,12.8,0.5601527910398749,5.12
2018-08-30 16:00:00,2018-08-30 20:15:00,0.034712736038881836,0.04108583966611265,0.11674094545893278,0,0.0,0.0,inf,0.0,60.0
2018-08-30 20:16:00,2018-08-31 00:31:00,0.0,0.0,0.0,0,0.0,0.0,inf,0.0,60.0
2018-08-31 00:32:00,2018-08-31 04:47:00,0.006268423636877735,0.01713711784712953,0.0022743740680064082,0,0.0,0.0,inf,0.0,60.0
2018-08-31 04:48:00,2018-08-31 09:03:00,0.997154117732835,0.9718954851087063,33.15071469258729,8,0.06201550387596899,0.03125,32.0,0.427393069468305,12.8
2018-08-31 09:04:00,2018-08-31 13:19:00,2.655897458566436,1.8097680256384718,534.2632296705377,21,0.16279069767441862,0.109375,9.142857142857142,0.6254461632568337,3.6571428571428575
2018-08-31 13:20:00,2018-08-31 17:35:00,0.7081100459119445,0.5414184176068895,11.886753094858147,8,0.06201550387596899,0.03125,32.0,0.4205347333102147,12.8
2018-08-31 17:36:00,2018-08-31 21:51:00,0.0034216260980280064,0.008811870022451861,0.0007166895959142581,0,0.0,0.0,inf,0.0,60.0
2018-08-31 21:52:00,2018-09-01 02:07:00,0.0,0.0,0.0,0,0.0,0.0,inf,0.0,60.0
2018-09-01 02:08:00,2018-09-01 06:23:00,0.1045819379318301,0.1671575042705558,0.7289131074868285,1,0.007751937984496124,0.00390625,256.0,0.07136841609744492,60.0
2018-09-01 06:24:00,2018-09-01 10:39:00,1.5635401692708333,0.7472532827412913,74.53883625387172,48,0.37209302325581395,0.26171875,3.8208955223880596,0.7791737097029328,1.528358208955224
2018-09-01 10:40:00,2018-09-01 14:55:00,2.5571654947916667,1.5378615333487717,404.28788779724727,42,0.32558139534883723,0.19140625,5.224489795918367,0.7169588199829819,2.089795918367347
2018-09-01 14:56:00,2018-09-01 19:11:00,0.2966160528932572,0.4313230720036594,3.585340442650554,1,0.007751937984496124,0.00390625,256.0,0.08028632648080944,60.0
2018-09-01 19:12:00,2018-09-01 23:27:00,0.0,0.0,0.0,0,0.0,0.0,inf,0.0,60.0
2018-09-01 23:28:00,2018-09-02 03:43:00,0.0,0.0,0.0,0,0.0,0.0,inf,0.0,60.0
2018-09-02 03:44:00,2018-09-02 07:59:00,0.8197165639340931,0.954850616748641,30.24804546527678,2,0.015503875968992248,0.0078125,128.0,0.0922838838195504,51.2
2018-09-02 08:00:00,2018-09-02 12:15:00,3.0584803385416666,1.8670986739087174,452.7151834099814,33,0.2558139534883721,0.1640625,6.095238095238095,0.7380615412875573,2.4380952380952383
2018-09-02 12:16:00,2018-09-02 16:31:00,1.8717492187500002,1.4767581319731347,277.4089206858637,20,0.15503875968992248,0.09765625,10.24,0.5168451633464627,4.096
2018-09-02 16:32:00,2018-09-02 20:47:00,0.0995228818147849,0.164091906708229,0.8038391019402937,2,0.015503875968992248,0.0078125,128.0,0.10542006674522898,51.2
2018-09-02 20:48:00,2018-09-03 01:03:00,0.0,0.0,0.0,0,0.0,0.0,inf,0.0,60.0
2018-09-03 01:04:00,2018-09-03 05:19:00,0.02594887286977962,0.05127169129367439,0.049926544342057455,0,0.0,0.0,inf,0.0,60.0
2018-09-03 05:20:00,2018-09-03 09:35:00,2.1076065631351812,1.49552320797847,100.95861100328666,4,0.031007751937984496,0.01953125,51.2,0.2203111525839433,20.48
2018-09-03 09:36:00,2018-09-03 13:51:00,2.8843544921874997,1.5677332867859028,295.3165062162246,52,0.40310077519379844,0.26171875,3.8208955223880596,0.779557334011832,1.528358208955224
2018-09-03 13:52:00,2018-09-03 18:07:00,0.9960921480670225,0.7935190087273434,61.345114450564886,28,0.21705426356589147,0.18359375,5.446808510638298,0.49797441717734614,2.178723404255319
2018-09-03 18:08:00,2018-09-03 22:23:00,0.00038056591015532136,0.0019127171839754045,6.4538047489338104e-06,0,0.0,0.0,inf,0.0,60.0
2018-09-03 22:24:00,2018-09-04 02:39:00,0.0,0.0,0.0,0,0.0,0.0,inf,0.0,60.0
2018-09-04 02:40:00,2018-09-04 06:55:00,0.23561875521572395,0.34146589028765906,2.9829427569064917,1,0.007751937984496124,0.00390625,256.0,0.07819901490116737,60.0
2018-09-04 06:56:00,2018-09-04 11:11:00,3.7897302083333333,1.2547982416142458,81.45258996760177,50,0.3875968992248062,0.29296875,3.4133333333333336,0.5238731331629535,1.3653333333333335
2018-09-04 11:12:00,2018-09-04 15:27:00,3.8389084981192605,1.2805132444557583,198.78448832221397,41,0.3178294573643411,0.19140625,5.224489795918367,0.760673537599976,2.089795918367347
2018-09-04 15:28:00,2018-09-04 19:43:00,0.6340002193695684,0.8714905905055105,25.425613396277406,1,0.007751937984496124,0.00390625,256.0,0.06933351861601217,60.0
2018-09-04 19:44:00,2018-09-04 23:59:00,0.0,0.0,0.0,0,0.0,0.0,inf,0.0,60.0
2018-09-05 00:00:00,2018-09-05 04:15:00,0.00026300527335464184,0.0013566432434885258,3.0624106065150175e-06,0,0.0,0.0,inf,0.0,60.0
2018-09-05 04:16:00,2018-09-05 08:31:00,1.210523488314482,1.1998349545027023,53.77625533889997,2,0.015503875968992248,0.0078125,128.0,0.08330115218937385,51.2
2018-09-05 08:32:00,2018-09-05 12:47:00,4.999986848958334,0.6883780041376412,14.719273680789042,1,0.007751937984496124,0.00390625,256.0,0.0769139347764947,60.0
2018-09-05 12:48:00,2018-09-05 17:03:00,2.5859482983190665,1.485981040585642,136.2753488691169,17,0.13178294573643412,0.10546875,9.481481481481481,0.36873910216945593,3.7925925925925927
2018-09-05 17:04:00,2018-09-05 21:19:00,0.03000367004717091,0.06665988372734725,0.04329010812909178,0,0.0,0.0,inf,0.0,60.0
2018-09-05 21:20:00,2018-09-06 01:35:00,0.0,0.0,0.0,0,0.0,0.0,inf,0.0,60.0
2018-09-06 01:36:00,2018-09-06 05:51:00,0.054203254856633146,0.08586282363493578,0.2552070841912474,2,0.015503875968992248,0.0078125,128.0,0.099694128450322,51.2
2018-09-06 05:52:00,2018-09-06 10:07:00,1.9635242187500002,1.4184736636450763,157.09066744966825,51,0.3953488372093023,0.30078125,3.324675324675325,0.7510644673948408,1.3298701298701299
2018-09-06 10:08:00,2018-09-06 14:23:00,4.960656112474991,1.3556516036080666,141.20521865740423,62,0.4806201550387597,0.3203125,3.1219512195121952,0.8130044449719184,1.248780487804878
2018-09-06 14:24:00,2018-09-06 18:39:00,1.368220676447101,1.4546442962481438,90.05831778957877,4,0.031007751937984496,0.015625,64.0,0.21180894591400937,25.6
2018-09-06 18:40:00,2018-09-06 22:55:00,0.0,0.0,0.0,0,0.0,0.0,inf,0.0,60.0
2018-09-06 22:56:00,2018-09-07 03:11:00,0.0,0.0,0.0,0,0.0,0.0,inf,0.0,60.0
2018-09-07 03:12:00,2018-09-07 07:27:00,0.14191996320707934,0.11902948887788864,1.5417073634548206,7,0.05426356589147287,0.03125,32.0,0.3032269651834018,12.8
2018-09-07 07:28:00,2018-09-07 11:43:00,1.1774526041666666,0.6451442751167173,63.80223544977132,15,0.11627906976744186,0.0625,16.0,0.5601915530889956,6.4
2018-09-07 11:44:00,2018-09-07 15:59:00,0.6369659045464372,0.6628039345060434,41.43938882632669,10,0.07751937984496124,0.046875,21.333333333333332,0.5256621195267804,8.533333333333333
2018-09-07 16:00:00,2018-09-07 20:15:00,0.08214035382492661,0.1193888775047173,0.7963943475406842,2,0.015503875968992248,0.0078125,128.0,0.18488208637857764,51.2
2018-09-07 20:16:00,2018-09-08 00:31:00,0.0,0.0,0.0,0,0.0,0.0,inf,0.0,60.0
2018-09-08 00:32:00,2018-09-08 04:47:00,0.002570076692069956,0.008105469336888868,0.00034539199724817115,0,0.0,0.0,inf,0.0,60.0
2018-09-08 04:48:00,2018-09-08 09:03:00,1.5844970698821328,1.4928647936409667,136.36578052609525,9,0.06976744186046512,0.03515625,28.444444444444443,0.4056106070660823,11.377777777777778
2018-09-08 09:04:00,2018-09-08 13:19:00,3.5906707031250003,1.8897296638262358,503.4242845306251,31,0.24031007751937986,0.140625,7.111111111111111,0.6735806158226462,2.8444444444444446
2018-09-08 13:20:00,2018-09-08 17:35:00,1.091571552494306,0.8531350791759569,51.74593678881363,14,0.10852713178294573,0.06640625,15.058823529411764,0.46805180451738154,6.023529411764706
2018-09-08 17:36:00,2018-09-08 21:51:00,0.0014925298460434036,0.005566195426992293,0.00010677469309892135,0,0.0,0.0,inf,0.0,60.0
2018-09-08 21:52:00,2018-09-09 02:07:00,0.0,0.0,0.0,0,0.0,0.0,inf,0.0,60.0
2018-09-09 02:08:00,2018-09-09 06:23:00,0.11116756950537839,0.16381541510856337,0.9685887597476412,2,0.015503875968992248,0.0078125,128.0,0.12554182323852073,51.2
2018-09-09 06:24:00,2018-09-09 10:39:00,2.689417903645833,1.39983523511536,108.62217597756967,33,0.2558139534883721,0.1640625,6.095238095238095,0.6185432124521576,2.4380952380952383
2018-09-09 10:40:00,2018-09-09 14:55:00,2.434649817398939,1.7383979357864,381.2592591354539,37,0.2868217054263566,0.1875,5.333333333333333,0.7206029355069138,2.1333333333333333
2018-09-09 14:56:00,2018-09-09 19:11:00,0.8555833409672321,1.1796496102622502,58.39835743537464,2,0.015503875968992248,0.0078125,128.0,0.15439746928657047,51.2
2018-09-09 19:12:00,2018-09-09 23:27:00,0.0,0.0,0.0,0,0.0,0.0,inf,0.0,60.0
2018-09-09 23:28:00,2018-09-10 03:43:00,0.0,0.0,0.0,0,0.0,0.0,inf,0.0,60.0
2018-09-10 03:44:00,2018-09-10 07:59:00,0.2899681408019674,0.3354569208936492,7.281633459508982,8,0.06201550387596899,0.03125,32.0,0.4515900566919929,12.8
2018-09-10 08:00:00,2018-09-10 12:15:00,2.0340095703125,1.348058805987154,386.8397873318071,17,0.13178294573643412,0.08203125,12.19047619047619,0.5333751614052494,4.876190476190477
2018-09-10 12:16:00,2018-09-10 16:31:00,1.2019041416874576,0.780128539780309,29.65517715262141,4,0.031007751937984496,0.015625,64.0,0.318826282506836,25.6
2018-09-10 16:32:00,2018-09-10 20:47:00,0.021548554074545298,0.042330918364334384,0.03526562147666476,0,0.0,0.0,inf,0.0,60.0
2018-09-10 20:48:00,2018-09-11 01:03:00,0.0,0.0,0.0,0,0.0,0.0,inf,0.0,60.0
2018-09-11 01:04:00,2018-09-11 05:19:00,0.009730695851044687,0.023176375550662435,0.00645384915162468,0,0.0,0.0,inf,0.0,60.0
2018-09-11 05:20:00,2018-09-11 09:35:00,0.3988234639328659,0.25679556716614915,3.2326870715438067,5,0.03875968992248062,0.01953125,51.2,0.27608140367961864,20.48
2018-09-11 09:36:00,2018-09-11 13:51:00,0.42708105508718647,0.1980418728740264,3.8958195125104664,10,0.07751937984496124,0.05078125,19.692307692307693,0.358816931842,7.876923076923077
2018-09-11 13:52:00,2018-09-11 18:07:00,0.2316914032566047,0.21560090493027195,1.8236411546013396,15,0.11627906976744186,0.07421875,13.473684210526315,0.4499207603037655,5.389473684210526
2018-09-11 18:08:00,2018-09-11 22:23:00,0.0,0.0,0.0,0,0.0,0.0,inf,0.0,60.0
2018-09-11 22:24:00,2018-09-12 02:39:00,0.0,0.0,0.0,0,0.0,0.0,inf,0.0,60.0
2018-09-12 02:40:00,2018-09-12 06:55:00,0.08593922838060213,0.11231776896274814,0.7079745048371734,2,0.015503875968992248,0.0078125,128.0,0.1818089068606014,51.2
2018-09-12 06:56:00,2018-09-12 11:11:00,0.7076822324079153,0.4069244604470253,16.25248474777225,6,0.046511627906976744,0.03125,32.0,0.37558152625088326,12.8
2018-09-12 11:12:00,2018-09-12 15:27:00,1.0684354166666667,0.29684353812089614,12.405218952379967,18,0.13953488372093023,0.0859375,11.636363636363637,0.46417299706995585,4.654545454545455
2018-09-12 15:28:00,2018-09-12 19:43:00,0.1930759036006703,0.2694542896601371,2.6353232458121774,2,0.015503875968992248,0.0078125,128.0,0.11096287801163225,51.2
2018-09-12 19:44:00,2018-09-12 23:59:00,0.0,0.0,0.0,0,0.0,0.0,inf,0.0,60.0
2018-09-13 00:00:00,2018-09-13 04:15:00,0.0,0.0,0.0,0,0.0,0.0,inf,0.0,60.0
2018-09-13 04:16:00,2018-09-13 08:31:00,1.307831453881124,1.3384633989110089,74.89776156844684,2,0.015503875968992248,0.0078125,128.0,0.07498624564995399,51.2
2018-09-13 08:32:00,2018-09-13 12:47:00,4.548493359375,2.058458590890677,332.2187547930432,32,0.24806201550387597,0.16015625,6.2439024390243905,0.6421970040758577,2.497560975609756
2018-09-13 12:48:00,2018-09-13 17:03:00,1.9810767368296962,1.810291752266043,198.17146204923222,23,0.17829457364341086,0.125,8.0,0.6051673096277088,3.2
2018-09-13 17:04:00,2018-09-13 21:19:00,0.005765943490388655,0.015886166333056666,0.0019262758569751003,0,0.0,0.0,inf,0.0,60.0
2018-09-13 21:20:00,2018-09-14 01:35:00,0.0,0.0,0.0,0,0.0,0.0,inf,0.0,60.0
2018-09-14 01:36:00,2018-09-14 05:51:00,0.046793657999019134,0.08835625315313042,0.16898749522129822,0,0.0,0.0,inf,0.0,60.0
2018-09-14 05:52:00,2018-09-14 10:07:00,2.5561164713541666,1.563425300088626,146.7625485830113,13,0.10077519379844961,0.07421875,13.473684210526315,0.29554553878244955,5.389473684210526
2018-09-14 10:08:00,2018-09-14 14:23:00,1.4829760711372857,1.1138878276420667,170.0675530207245,26,0.20155038759689922,0.1328125,7.529411764705882,0.6388946800041109,3.011764705882353
2018-09-14 14:24:00,2018-09-14 18:39:00,0.11829402920072171,0.09212853738457176,0.6650735794513266,4,0.031007751937984496,0.015625,64.0,0.2603122526095796,25.6
2018-09-14 18:40:00,2018-09-14 22:55:00,0.0,0.0,0.0,0,0.0,0.0,inf,0.0,60.0
2018-09-14 22:56:00,2018-09-15 03:11:00,0.0,0.0,0.0,0,0.0,0.0,inf,0.0,60.0
2018-09-15 03:12:00,2018-09-15 07:27:00,0.41243394307912196,0.6708905443904308,9.157801556241171,4,0.031007751937984496,0.015625,64.0,0.1921836492037874,25.6
2018-09-15 07:28:00,2018-09-15 11:43:00,3.2097026692708335,1.8976813251672398,409.75271573250507,36,0.27906976744186046,0.1796875,5.565217391304348,0.69869908155504,2.226086956521739
2018-09-15 11:44:00,2018-09-15 15:59:00,2.5875149739583336,2.3085109604287952,322.94691546613274,2,0.015503875968992248,0.0078125,128.0,0.1789259366023262,51.2
2018-09-15 16:00:00,2018-09-15 20:15:00,0.06549075449067357,0.09719586674227386,0.5189763248307109,4,0.031007751937984496,0.015625,64.0,0.2657468106648647,25.6
2018-09-15 20:16:00,2018-09-16 00:31:00,0.0,0.0,0.0,0,0.0,0.0,inf,0.0,60.0
2018-09-16 00:32:00,2018-09-16 04:47:00,0.0014424165858950677,0.005599278772307178,9.851585766535608e-05,0,0.0,0.0,inf,0.0,60.0
2018-09-16 04:48:00,2018-09-16 09:03:00,1.7813949022871551,1.4849292823694702,105.23630758497843,2,0.015503875968992248,0.0078125,128.0,0.11703595589979866,51.2
2018-09-16 09:04:00,2018-09-16 13:19:00,1.8680817708333333,1.1221083311294384,174.73156987032854,15,0.11627906976744186,0.06640625,15.058823529411764,0.5105911192366501,6.023529411764706
2018-09-16 13:20:00,2018-09-16 17:35:00,0.808688067295217,0.7818585909046227,29.308816202920198,3,0.023255813953488372,0.01171875,85.33333333333333,0.21147564703124147,34.13333333333333
2018-09-16 17:36:00,2018-09-16 21:51:00,0.0,0.0,0.0,0,0.0,0.0,inf,0.0,60.0
2018-09-16 21:52:00,2018-09-17 02:07:00,0.0,0.0,0.0,0,0.0,0.0,inf,0.0,60.0
2018-09-17 02:08:00,2018-09-17 06:23:00,0.03791982915836156,0.07087959518989202,0.09939872190715095,0,0.0,0.0,inf,0.0,60.0
2018-09-17 06:24:00,2018-09-17 10:39:00,1.1845093678467538,0.7447078115628994,76.32069456360996,5,0.03875968992248062,0.02734375,36.57142857142857,0.37150039631422815,14.62857142857143
2018-09-17 10:40:00,2018-09-17 14:55:00,0.740457485154382,0.61924456391491,21.88219046928002,9,0.06976744186046512,0.03515625,28.444444444444443,0.4916753208502791,11.377777777777778
2018-09-17 14:56:00,2018-09-17 19:11:00,0.24168973009682657,0.31674497358542886,10.412629395775566,3,0.023255813953488372,0.01171875,85.33333333333333,0.27079823599033725,34.13333333333333
2018-09-17 19:12:00,2018-09-17 23:27:00,0.0,0.0,0.0,0,0.0,0.0,inf,0.0,60.0
2018-09-17 23:28:00,2018-09-18 03:43:00,0.0,0.0,0.0,0,0.0,0.0,inf,0.0,60.0
2018-09-18 03:44:00,2018-09-18 07:59:00,0.7453688922874313,0.9451875057869581,29.61045575640464,2,0.015503875968992248,0.0078125,128.0,0.11998576759989095,51.2
2018-09-18 08:00:00,2018-09-18 12:15:00,5.1869091796874995,0.8054318691991227,25.5565971824865,6,0.046511627906976744,0.0234375,42.666666666666664,0.32721682252166595,17.066666666666666
2018-09-18 12:16:00,2018-09-18 16:31:00,3.7440496373174015,1.5617733339248703,71.93432131168126,10,0.07751937984496124,0.05078125,19.692307692307693,0.3721083163012338,7.876923076923077
2018-09-18 16:32:00,2018-09-18 20:47:00,0.062177436561260895,0.16527611060386785,0.21985500495779683,1,0.007751937984496124,0.00390625,256.0,0.03792386747940129,60.0
2018-09-18 20:48:00,2018-09-19 01:03:00,0.0,0.0,0.0,0,0.0,0.0,inf,0.0,60.0
2018-09-19 01:04:00,2018-09-19 05:19:00,0.009339599798100966,0.025669687186378683,0.004965456615216155,0,0.0,0.0,inf,0.0,60.0
2018-09-19 05:20:00,2018-09-19 09:35:00,2.2257751319064885,1.574909191134492,99.75325441422557,9,0.06976744186046512,0.03515625,28.444444444444443,0.3104246160385885,11.377777777777778
2018-09-19 09:36:00,2018-09-19 13:51:00,4.0268182291666665,1.5433921289153378,339.4793746260938,44,0.34108527131782945,0.21484375,4.654545454545454,0.7539804954701326,1.8618181818181818
2018-09-19 13:52:00,2018-09-19 18:07:00,1.1717222785377106,1.4565312480572699,70.87940168882145,5,0.03875968992248062,0.01953125,51.2,0.25865274393154647,20.48
2018-09-19 18:08:00,2018-09-19 22:23:00,0.0,0.0,0.0,0,0.0,0.0,inf,0.0,60.0
2018-09-19 22:24:00,2018-09-20 02:39:00,0.0,0.0,0.0,0,0.0,0.0,inf,0.0,60.0
2018-09-20 02:40:00,2018-09-20 06:55:00,0.1870345883374871,0.3281091959315176,2.242723743143,1,0.007751937984496124,0.00390625,256.0,0.07686459386273659,60.0
2018-09-20 06:56:00,2018-09-20 11:11:00,1.306324026407788,0.9647518685752339,115.25914697252759,15,0.11627906976744186,0.078125,12.8,0.5120250582078816,5.12
2018-09-20 11:12:00,2018-09-20 15:27:00,0.8113088979625593,0.7371026834628129,75.53581328481523,7,0.05426356589147287,0.02734375,36.57142857142857,0.42110720008481567,14.62857142857143
2018-09-20 15:28:00,2018-09-20 19:43:00,0.08457615925246141,0.15584522536604653,0.65948141844037,4,0.031007751937984496,0.015625,64.0,0.22054914869004358,25.6
2018-09-20 19:44:00,2018-09-20 23:59:00,0.0,0.0,0.0,0,0.0,0.0,inf,0.0,60.0
2018-09-21 00:00:00,2018-09-21 04:15:00,0.0,0.0,0.0,0,0.0,0.0,inf,0.0,60.0
2018-09-21 04:16:00,2018-09-21 08:31:00,0.8133558163607211,1.0083135825955076,26.966155029222257,6,0.046511627906976744,0.02734375,36.57142857142857,0.3250853910811773,14.62857142857143
2018-09-21 08:32:00,2018-09-21 12:47:00,1.9169422982292166,1.438058322309555,96.02962581111079,14,0.10852713178294573,0.05859375,17.066666666666666,0.45122109133722466,6.826666666666667
2018-09-21 12:48:00,2018-09-21 17:03:00,0.3181386272915282,0.17391799882032846,1.4602348752402188,15,0.11627906976744186,0.08203125,12.19047619047619,0.5543490209228099,4.876190476190477
2018-09-21 17:04:00,2018-09-21 21:19:00,0.0032580409113502047,0.013848875881581455,0.0005051725230283032,0,0.0,0.0,inf,0.0,60.0
2018-09-21 21:20:00,2018-09-22 01:35:00,0.0,0.0,0.0,0,0.0,0.0,inf,0.0,60.0
2018-09-22 01:36:00,2018-09-22 05:51:00,0.03244763330466277,0.07128171905606293,0.07190055913024226,0,0.0,0.0,inf,0.0,60.0
2018-09-22 05:52:00,2018-09-22 10:07:00,2.3395364658921567,1.624573226703059,177.78113800708036,16,0.12403100775193798,0.11328125,8.827586206896552,0.3284790540444748,3.531034482758621
2018-09-22 10:08:00,2018-09-22 14:23:00,4.4543156990611195,2.3092073229274126,533.5138776352754,41,0.3178294573643411,0.234375,4.266666666666667,0.524437058738167,1.7066666666666668
2018-09-22 14:24:00,2018-09-22 18:39:00,1.2558120739385061,1.4260122327983038,88.98384612073222,2,0.015503875968992248,0.0078125,128.0,0.12416941533778801,51.2
2018-09-22 18:40:00,2018-09-22 22:55:00,0.0,0.0,0.0,0,0.0,0.0,inf,0.0,60.0
2018-09-22 22:56:00,2018-09-23 03:11:00,0.0,0.0,0.0,0,0.0,0.0,inf,0.0,60.0
2018-09-23 03:12:00,2018-09-23 07:27:00,0.4820700617556748,0.7085080144556627,12.66566637897993,1,0.007751937984496124,0.00390625,256.0,0.06053353489545584,60.0
2018-09-23 07:28:00,2018-09-23 11:43:00,4.1149512369791665,1.7950749987601076,311.3098520405989,46,0.35658914728682173,0.24609375,4.063492063492063,0.7293969596184743,1.6253968253968254
2018-09-23 11:44:00,2018-09-23 15:59:00,1.8213833333333331,1.9070743948980544,60.64870365823571,9,0.06976744186046512,0.046875,21.333333333333332,0.3123292927290867,8.533333333333333
2018-09-23 16:00:00,2018-09-23 20:15:00,0.048859860375543435,0.09488014328020473,0.18424248170377674,0,0.0,0.0,inf,0.0,60.0
2018-09-23 20:16:00,2018-09-24 00:31:00,0.0,0.0,0.0,0,0.0,0.0,inf,0.0,60.0
2018-09-24 00:32:00,2018-09-24 04:47:00,0.0,0.0,0.0,0,0.0,0.0,inf,0.0,60.0
2018-09-24 04:48:00,2018-09-24 09:03:00,0.22881787791534025,0.5826153435881228,1.0377514756666626,8,0.06201550387596899,0.03515625,28.444444444444443,0.35270675084953884,11.377777777777778
2018-09-24 09:04:00,2018-09-24 13:19:00,3.457426858805023,2.5926772697693616,867.7099740389375,41,0.3178294573643411,0.24609375,4.063492063492063,0.6844431970629521,1.6253968253968254
2018-09-24 13:20:00,2018-09-24 17:35:00,1.4044465801841914,1.493058295289329,252.6939100365388,23,0.17829457364341086,0.125,8.0,0.5763334938395501,3.2
2018-09-24 17:36:00,2018-09-24 21:51:00,0.0,0.0,0.0,0,0.0,0.0,inf,0.0,60.0
2018-09-24 21:52:00,2018-09-25 02:07:00,0.0,0.0,0.0,0,0.0,0.0,inf,0.0,60.0
2018-09-25 02:08:00,2018-09-25 06:23:00,0.0849280438386234,0.1663683498412437,0.4906380790290159,1,0.007751937984496124,0.00390625,256.0,0.05626655620458122,60.0
2018-09-25 06:24:00,2018-09-25 10:39:00,4.050397851562501,1.7073042603088078,97.06021328707138,2,0.015503875968992248,0.0078125,128.0,0.12500710530689546,51.2
2018-09-25 10:40:00,2018-09-25 14:55:00,5.562305491005315,1.0091922432019662,64.40671437582799,46,0.35658914728682173,0.21484375,4.654545454545454,0.6328232299892023,1.8618181818181818
2018-09-25 14:56:00,2018-09-25 19:11:00,0.5961637664490318,1.0973851691846737,23.85026826150484,1,0.007751937984496124,0.00390625,256.0,0.0685498017220418,60.0
2018-09-25 19:12:00,2018-09-25 23:27:00,0.0,0.0,0.0,0,0.0,0.0,inf,0.0,60.0
2018-09-25 23:28:00,2018-09-26 03:43:00,0.0,0.0,0.0,0,0.0,0.0,inf,0.0,60.0
2018-09-26 03:44:00,2018-09-26 07:59:00,0.16749226025529373,0.2236335095646351,1.0682503477086838,2,0.015503875968992248,0.0078125,128.0,0.1245314605225914,51.2
2018-09-26 08:00:00,2018-09-26 12:15:00,0.48130120671056015,0.24704290856775765,8.454261504190857,14,0.10852713178294573,0.05859375,17.066666666666666,0.5226874064767157,6.826666666666667
2018-09-26 12:16:00,2018-09-26 16:31:00,0.20658375066076065,0.13001465473677704,0.5020966606007378,28,0.21705426356589147,0.2109375,4.7407407407407405,0.44864814206469494,1.8962962962962964
2018-09-26 16:32:00,2018-09-26 20:47:00,0.0011454946760413314,0.0036996483190047213,6.998474737282689e-05,0,0.0,0.0,inf,0.0,60.0
2018-09-26 20:48:00,2018-09-27 01:03:00,0.0,0.0,0.0,0,0.0,0.0,inf,0.0,60.0
2018-09-27 01:04:00,2018-09-27 05:19:00,0.0037609102156484697,0.01223388388675241,0.0007227300675462165,0,0.0,0.0,inf,0.0,60.0
2018-09-27 05:20:00,2018-09-27 09:35:00,0.949417764806492,1.0462041405720384,65.54391287028862,43,0.3333333333333333,0.203125,4.923076923076923,0.6673391640321429,1.9692307692307693
2018-09-27 09:36:00,2018-09-27 13:51:00,1.7315556783276027,1.349568971886617,96.07888911998916,32,0.24806201550387597,0.16015625,6.2439024390243905,0.6220293120578553,2.497560975609756
2018-09-27 13:52:00,2018-09-27 18:07:00,0.3959063172763235,0.5814974085543325,5.465557182097565,1,0.007751937984496124,0.00390625,256.0,0.09701078772464561,60.0
2018-09-27 18:08:00,2018-09-27 22:23:00,0.0,0.0,0.0,0,0.0,0.0,inf,0.0,60.0
2018-09-27 22:24:00,2018-09-28 02:39:00,0.0,0.0,0.0,0,0.0,0.0,inf,0.0,60.0
2018-09-28 02:40:00,2018-09-28 06:55:00,0.0846996134259994,0.15582457655892853,0.4608319184688924,1,0.007751937984496124,0.00390625,256.0,0.07730165062379182,60.0
2018-09-28 06:56:00,2018-09-28 11:11:00,2.6400410425214482,1.9556995763109175,403.91986844366636,41,0.3178294573643411,0.2421875,4.129032258064516,0.6766478217030226,1.6516129032258065
2018-09-28 11:12:00,2018-09-28 15:27:00,4.522548321142404,2.259572797074077,500.93890995394065,50,0.3875968992248062,0.25,4.0,0.7508462691286825,1.6
2018-09-28 15:28:00,2018-09-28 19:43:00,0.27734723584769316,0.5664313398001131,5.884031031953554,2,0.015503875968992248,0.0078125,128.0,0.14676397035924568,51.2
2018-09-28 19:44:00,2018-09-28 23:59:00,0.0,0.0,0.0,0,0.0,0.0,inf,0.0,60.0
2018-09-29 00:00:00,2018-09-29 04:15:00,0.0,0.0,0.0,0,0.0,0.0,inf,0.0,60.0
2018-09-29 04:16:00,2018-09-29 08:31:00,0.40883547660775604,0.350599190454755,7.254246405766989,4,0.031007751937984496,0.015625,64.0,0.2643218124682048,25.6
2018-09-29 08:32:00,2018-09-29 12:47:00,1.9519940104166666,1.01924248189733,159.16768310360706,19,0.14728682170542637,0.09765625,10.24,0.5761577922092337,4.096
2018-09-29 12:48:00,2018-09-29 17:03:00,1.0367239475240293,1.3267875352272274,117.64519773878597,17,0.13178294573643412,0.0703125,14.222222222222221,0.6074794059599999,5.688888888888889
2018-09-29 17:04:00,2018-09-29 21:19:00,0.00021604706790914367,0.0012461002662829605,2.0436064478829336e-06,0,0.0,0.0,inf,0.0,60.0
2018-09-29 21:20:00,2018-09-30 01:35:00,0.0,0.0,0.0,0,0.0,0.0,inf,0.0,60.0
2018-09-30 01:36:00,2018-09-30 05:51:00,0.006829105177367433,0.017491848290588752,0.00281600944255802,0,0.0,0.0,inf,0.0,60.0
2018-09-30 05:52:00,2018-09-30 10:07:00,1.5258408262242,1.4365458251477592,180.3069157380849,31,0.24031007751937986,0.1640625,6.095238095238095,0.5433078953887687,2.4380952380952383
2018-09-30 10:08:00,2018-09-30 14:23:00,1.9641783854166668,1.3418313938315967,202.015882629419,27,0.20930232558139536,0.1328125,7.529411764705882,0.5954016999195512,3.011764705882353
2018-09-30 14:24:00,2018-09-30 18:39:00,0.28561990445733515,0.3952127425852214,4.597458563785556,1,0.007751937984496124,0.00390625,256.0,0.06819886768638674,60.0
2018-09-30 18:40:00,2018-09-30 22:55:00,0.0,0.0,0.0,0,0.0,0.0,inf,0.0,60.0
2018-09-30 22:56:00,2018-10-01 03:11:00,0.0,0.0,0.0,0,0.0,0.0,inf,0.0,60.0
2018-10-01 03:12:00,2018-10-01 07:27:00,0.28044563537288564,0.5004211077937376,3.9818082781084616,1,0.007751937984496124,0.00390625,256.0,0.053569921816399725,60.0
2018-10-01 07:28:00,2018-10-01 11:43:00,3.556815169270833,1.9024920043357194,566.1029852122805,24,0.18604651162790697,0.12890625,7.757575757575758,0.6193777571277344,3.103030303030303
2018-10-01 11:44:00,2018-10-01 15:59:00,3.480339288383862,2.295079487781136,503.19497467528015,33,0.2558139534883721,0.16796875,5.953488372093023,0.6705960944361905,2.3813953488372093
2018-10-01 16:00:00,2018-10-01 20:15:00,0.10710878455954734,0.2709844798981918,0.6993137862758351,1,0.007751937984496124,0.00390625,256.0,0.06472430280095935,60.0
2018-10-01 20:16:00,2018-10-02 00:31:00,0.0,0.0,0.0,0,0.0,0.0,inf,0.0,60.0
2018-10-02 00:32:00,2018-10-02 04:47:00,0.0,0.0,0.0,0,0.0,0.0,inf,0.0,60.0
2018-10-02 04:48:00,2018-10-02 09:03:00,0.29920575897021057,0.2785395862172953,4.086005604633108,2,0.015503875968992248,0.0078125,128.0,0.19112736221844615,51.2
2018-10-02 09:04:00,2018-10-02 13:19:00,0.5370204986878953,0.25912211384135403,5.8324483983304125,13,0.10077519379844961,0.078125,12.8,0.5376989390666229,5.12
2018-10-02 13:20:00,2018-10-02 17:35:00,1.0549268377535381,1.3025554913968331,181.14242134433985,16,0.12403100775193798,0.06640625,15.058823529411764,0.5374119723294072,6.023529411764706
2018-10-02 17:36:00,2018-10-02 21:51:00,0.0,0.0,0.0,0,0.0,0.0,inf,0.0,60.0
2018-10-02 21:52:00,2018-10-03 02:07:00,0.0,0.0,0.0,0,0.0,0.0,inf,0.0,60.0
2018-10-03 02:08:00,2018-10-03 06:23:00,0.04359777749385261,0.11232949879474131,0.12163664064127228,0,0.0,0.0,inf,0.0,60.0
2018-10-03 06:24:00,2018-10-03 10:39:00,2.7299961412054503,2.3092491758828695,437.03438749438857,37,0.2868217054263566,0.18359375,5.446808510638298,0.6484175692736168,2.178723404255319
2018-10-03 10:40:00,2018-10-03 14:55:00,4.8253188307167045,2.243218813489033,298.4811314275841,62,0.4806201550387597,0.375,2.6666666666666665,0.7059267134328552,1.0666666666666667
2018-10-03 14:56:00,2018-10-03 19:11:00,0.25689224954756773,0.5007731390631888,7.762641909154566,4,0.031007751937984496,0.015625,64.0,0.2406527055329965,25.6
2018-10-03 19:12:00,2018-10-03 23:27:00,0.0,0.0,0.0,0,0.0,0.0,inf,0.0,60.0
2018-10-03 23:28:00,2018-10-04 03:43:00,0.0,0.0,0.0,0,0.0,0.0,inf,0.0,60.0
2018-10-04 03:44:00,2018-10-04 07:59:00,0.22173642253384124,0.23607391552047424,3.635135059978589,5,0.03875968992248062,0.01953125,51.2,0.3518953242974175,20.48
2018-10-04 08:00:00,2018-10-04 12:15:00,0.7868830729166666,0.2120114374850993,4.197614038221699,15,0.11627906976744186,0.0625,16.0,0.5469477217741944,6.4
2018-10-04 12:16:00,2018-10-04 16:31:00,0.9896645400773751,1.2269608740618052,72.88040453204994,6,0.046511627906976744,0.0390625,25.6,0.29946396433461414,10.24
2018-10-04 16:32:00,2018-10-04 20:47:00,0.0008517715821445625,0.003146406482480144,3.484631492403744e-05,0,0.0,0.0,inf,0.0,60.0
2018-10-04 20:48:00,2018-10-05 01:03:00,0.0,0.0,0.0,0,0.0,0.0,inf,0.0,60.0
2018-10-05 01:04:00,2018-10-05 05:19:00,8.900624517187542e-05,0.0008174770456479449,3.4135217947728526e-07,0,0.0,0.0,inf,0.0,60.0
2018-10-05 05:20:00,2018-10-05 09:35:00,0.24519536393554836,0.18747849132904548,1.7987085319561538,6,0.046511627906976744,0.03125,32.0,0.2743732197048367,12.8
2018-10-05 09:36:00,2018-10-05 13:51:00,0.8516708394486927,0.8898788258656809,223.25617146063772,10,0.07751937984496124,0.0390625,25.6,0.5006329835886788,10.24
2018-10-05 13:52:00,2018-10-05 18:07:00,0.3457657874478225,0.4002958975378062,13.95114658887804,9,0.06976744186046512,0.0390625,25.6,0.32073813378462407,10.24
2018-10-05 18:08:00,2018-10-05 22:23:00,0.0,0.0,0.0,0,0.0,0.0,inf,0.0,60.0
2018-10-05 22:24:00,2018-10-06 02:39:00,0.0,0.0,0.0,0,0.0,0.0,inf,0.0,60.0
2018-10-06 02:40:00,2018-10-06 06:55:00,0.14413289868697826,0.2672490112427798,1.46089329564784,1,0.007751937984496124,0.00390625,256.0,0.08199584929318363,60.0
2018-10-06 06:56:00,2018-10-06 11:11:00,0.6883683593750001,0.3852284980093741,4.346070622867137,8,0.06201550387596899,0.0390625,25.6,0.3786684445866712,10.24
2018-10-06 11:12:00,2018-10-06 15:27:00,1.4895457687557014,1.103047883124006,188.99958169939714,14,0.10852713178294573,0.0546875,18.285714285714285,0.5005549358919956,7.314285714285715
2018-10-06 15:28:00,2018-10-06 19:43:00,0.012207797335963578,0.025254731189245833,0.010958526083874508,0,0.0,0.0,inf,0.0,60.0
2018-10-06 19:44:00,2018-10-06 23:59:00,0.0,0.0,0.0,0,0.0,0.0,inf,0.0,60.0
2018-10-07 00:00:00,2018-10-07 04:15:00,0.0,0.0,0.0,0,0.0,0.0,inf,0.0,60.0
2018-10-07 04:16:00,2018-10-07 08:31:00,1.3453409960780862,1.501610006889951,97.07808737304366,2,0.015503875968992248,0.0078125,128.0,0.07826188036816846,51.2
2018-10-07 08:32:00,2018-10-07 12:47:00,5.0026294921875,1.5255119745031993,384.6972029386206,55,0.4263565891472868,0.29296875,3.4133333333333336,0.8082634124261818,1.3653333333333335
2018-10-07 12:48:00,2018-10-07 17:03:00,1.3791969156254298,1.4977292075707909,176.5901453575064,12,0.09302325581395349,0.046875,21.333333333333332,0.5167988136607444,8.533333333333333
2018-10-07 17:04:00,2018-10-07 21:19:00,0.0,0.0,0.0,0,0.0,0.0,inf,0.0,60.0
2018-10-07 21:20:00,2018-10-08 01:35:00,0.0,0.0,0.0,0,0.0,0.0,inf,0.0,60.0
2018-10-08 01:36:00,2018-10-08 05:51:00,0.001791390413968042,0.0048613045960123015,0.00019618312702850753,0,0.0,0.0,inf,0.0,60.0
2018-10-08 05:52:00,2018-10-08 10:07:00,0.8181895799320906,0.921711709696806,20.91983620514681,4,0.031007751937984496,0.015625,64.0,0.2462035637785996,25.6
2018-10-08 10:08:00,2018-10-08 14:23:00,1.7600307942708335,1.102080380114318,30.98177282552215,9,0.06976744186046512,0.03515625,28.444444444444443,0.448005181839,11.377777777777778
2018-10-08 14:24:00,2018-10-08 18:39:00,0.11667805539491162,0.17563447634610208,0.9808276977128007,1,0.007751937984496124,0.00390625,256.0,0.08335924452071623,60.0
2018-10-08 18:40:00,2018-10-08 22:55:00,0.0,0.0,0.0,0,0.0,0.0,inf,0.0,60.0
2018-10-08 22:56:00,2018-10-09 03:11:00,0.0,0.0,0.0,0,0.0,0.0,inf,0.0,60.0
2018-10-09 03:12:00,2018-10-09 07:27:00,0.22726028181150346,0.43378519919316194,3.329342881182641,2,0.015503875968992248,0.0078125,128.0,0.14179638221890528,51.2
2018-10-09 07:28:00,2018-10-09 11:43:00,2.8244388020833333,1.063553905897192,119.33598293755992,18,0.13953488372093023,0.09765625,10.24,0.5064774757527127,4.096
2018-10-09 11:44:00,2018-10-09 15:59:00,1.4646549840327379,1.312671478182416,134.60388108245397,10,0.07751937984496124,0.04296875,23.272727272727273,0.4204655462291599,9.30909090909091
2018-10-09 16:00:00,2018-10-09 20:15:00,0.009004397525365537,0.027946548314276082,0.004355120556351696,0,0.0,0.0,inf,0.0,60.0
2018-10-09 20:16:00,2018-10-10 00:31:00,0.0,0.0,0.0,0,0.0,0.0,inf,0.0,60.0
2018-10-10 00:32:00,2018-10-10 04:47:00,0.0,0.0,0.0,0,0.0,0.0,inf,0.0,60.0
2018-10-10 04:48:00,2018-10-10 09:03:00,1.7365142350651495,1.5605773336433966,115.54126191517399,2,0.015503875968992248,0.0078125,128.0,0.07924090083659176,51.2
2018-10-10 09:04:00,2018-10-10 13:19:00,5.469827408854167,0.34035915502342506,7.576597635030959,2,0.015503875968992248,0.0078125,128.0,0.15752064271546265,51.2
2018-10-10 13:20:00,2018-10-10 17:35:00,1.575440030462294,1.70444389996075,118.05818120350494,2,0.015503875968992248,0.0078125,128.0,0.17762120852086274,51.2
2018-10-10 17:36:00,2018-10-10 21:51:00,0.0,0.0,0.0,0,0.0,0.0,inf,0.0,60.0
2018-10-10 21:52:00,2018-10-11 02:07:00,0.0,0.0,0.0,0,0.0,0.0,inf,0.0,60.0
2018-10-11 02:08:00,2018-10-11 06:23:00,0.034849964937011715,0.08761792617401037,0.07332191957521443,0,0.0,0.0,inf,0.0,60.0
2018-10-11 06:24:00,2018-10-11 10:39:00,3.5908551432291667,1.7244623765021938,99.44318130758127,1,0.007751937984496124,0.00390625,256.0,0.05154448203453795,60.0
2018-10-11 10:40:00,2018-10-11 14:55:00,5.216860134024808,1.1264448883607279,47.74726873593601,2,0.015503875968992248,0.0078125,128.0,0.13277243730202878,51.2
2018-10-11 14:56:00,2018-10-11 19:11:00,0.38548546621011115,0.73010909610668,11.193608652664883,2,0.015503875968992248,0.0078125,128.0,0.09174782829836518,51.2
2018-10-11 19:12:00,2018-10-11 23:27:00,0.0,0.0,0.0,0,0.0,0.0,inf,0.0,60.0
2018-10-11 23:28:00,2018-10-12 03:43:00,0.0,0.0,0.0,0,0.0,0.0,inf,0.0,60.0
2018-10-12 03:44:00,2018-10-12 07:59:00,0.6712328660547798,0.9246539551392849,30.66463411999012,2,0.015503875968992248,0.0078125,128.0,0.08035635276119704,51.2
2018-10-12 08:00:00,2018-10-12 12:15:00,4.922788606770833,0.7320056567974861,17.922585815866093,1,0.007751937984496124,0.00390625,256.0,0.07359332173832535,60.0
2018-10-12 12:16:00,2018-10-12 16:31:00,2.511785374261455,1.8416470398690725,122.85620987683005,10,0.07751937984496124,0.04296875,23.272727272727273,0.30547451406910175,9.30909090909091
2018-10-12 16:32:00,2018-10-12 20:47:00,0.00017580572738903097,0.0010952379807031463,1.3454008122042686e-06,0,0.0,0.0,inf,0.0,60.0
2018-10-12 20:48:00,2018-10-13 01:03:00,0.0,0.0,0.0,0,0.0,0.0,inf,0.0,60.0
2018-10-13 01:04:00,2018-10-13 05:19:00,0.0003179540445469928,0.0019776173478111762,4.401941176363185e-06,0,0.0,0.0,inf,0.0,60.0
2018-10-13 05:20:00,2018-10-13 09:35:00,1.8499677258624017,1.3131341364999503,72.50557147945666,2,0.015503875968992248,0.0078125,128.0,0.14490817682967647,51.2
2018-10-13 09:36:00,2018-10-13 13:51:00,3.923654947916667,0.8086563407172432,46.57562879325499,8,0.06201550387596899,0.03125,32.0,0.43061441676305706,12.8
2018-10-13 13:52:00,2018-10-13 18:07:00,0.7214901989593915,0.8600278781836757,33.89147794854701,2,0.015503875968992248,0.0078125,128.0,0.19110540038114085,51.2
2018-10-13 18:08:00,2018-10-13 22:23:00,0.0,0.0,0.0,0,0.0,0.0,inf,0.0,60.0
2018-10-13 22:24:00,2018-10-14 02:39:00,0.0,0.0,0.0,0,0.0,0.0,inf,0.0,60.0
2018-10-14 02:40:00,2018-10-14 06:55:00,0.12222452320218333,0.25743295587294485,0.9962517363337384,1,0.007751937984496124,0.00390625,256.0,0.06390032162648604,60.0
2018-10-14 06:56:00,2018-10-14 11:11:00,4.252456770833334,1.4337163970098306,70.62321745693164,1,0.007751937984496124,0.00390625,256.0,0.05320657821053643,60.0
2018-10-14 11:12:00,2018-10-14 15:27:00,4.390988384464147,1.456730348716515,79.59671969807253,2,0.015503875968992248,0.0078125,128.0,0.10910196200359017,51.2
2018-10-14 15:28:00,2018-10-14 19:43:00,0.08991507428189535,0.22854154353875855,0.4905496162001513,1,0.007751937984496124,0.00390625,256.0,0.06325588940100996,60.0
2018-10-14 19:44:00,2018-10-14 23:59:00,0.0,0.0,0.0,0,0.0,0.0,inf,0.0,60.0
2018-10-15 00:00:00,2018-10-15 04:15:00,0.0,0.0,0.0,0,0.0,0.0,inf,0.0,60.0
2018-10-15 04:16:00,2018-10-15 08:31:00,1.0725194373921505,1.2415479832331242,68.61771810136484,2,0.015503875968992248,0.0078125,128.0,0.07587980973064469,51.2
2018-10-15 08:32:00,2018-10-15 12:47:00,5.209396419270833,0.5139609591280204,10.230603385298146,1,0.007751937984496124,0.00390625,256.0,0.0656795876631361,60.0
2018-10-15 12:48:00,2018-10-15 17:03:00,2.307969021190391,1.9058702690937226,176.23084993902506,2,0.015503875968992248,0.0078125,128.0,0.1319477094812388,51.2
2018-10-15 17:04:00,2018-10-15 21:19:00,0.0,0.0,0.0,0,0.0,0.0,inf,0.0,60.0
2018-10-15 21:20:00,2018-10-16 01:35:00,0.0,0.0,0.0,0,0.0,0.0,inf,0.0,60.0
2018-10-16 01:36:00,2018-10-16 05:51:00,0.0023414995572569996,0.008314896558866145,0.00026900853970065303,0,0.0,0.0,inf,0.0,60.0
2018-10-16 05:52:00,2018-10-16 10:07:00,1.2809777353815073,0.8598452306123764,95.73719939378128,2,0.015503875968992248,0.0078125,128.0,0.2020198418377805,51.2
2018-10-16 10:08:00,2018-10-16 14:23:00,4.136489908854166,1.0653962058286324,36.05149106301613,1,0.007751937984496124,0.00390625,256.0,0.06454078919567133,60.0
2018-10-16 14:24:00,2018-10-16 18:39:00,0.3630498812293873,0.5839148508731288,12.519859403667063,2,0.015503875968992248,0.0078125,128.0,0.15624722601451696,51.2
2018-10-16 18:40:00,2018-10-16 22:55:00,0.0,0.0,0.0,0,0.0,0.0,inf,0.0,60.0
2018-10-16 22:56:00,2018-10-17 03:11:00,0.0,0.0,0.0,0,0.0,0.0,inf,0.0,60.0
2018-10-17 03:12:00,2018-10-17 07:27:00,0.09785680464678258,0.13020404861348345,1.0786042900244495,2,0.015503875968992248,0.0078125,128.0,0.15994191025554857,51.2
2018-10-17 07:28:00,2018-10-17 11:43:00,3.558494140625,1.3774340454332539,82.42742253714744,17,0.13178294573643412,0.0703125,14.222222222222221,0.5714410253616687,5.688888888888889
2018-10-17 11:44:00,2018-10-17 15:59:00,2.2380947069985533,1.6415212101852548,154.7253378157536,10,0.07751937984496124,0.04296875,23.272727272727273,0.37078241056709993,9.30909090909091
2018-10-17 16:00:00,2018-10-17 20:15:00,0.0024177692999253785,0.009151116013544569,0.00027993774642012434,0,0.0,0.0,inf,0.0,60.0
2018-10-17 20:16:00,2018-10-18 00:31:00,0.0,0.0,0.0,0,0.0,0.0,inf,0.0,60.0
2018-10-18 00:32:00,2018-10-18 04:47:00,0.0,0.0,0.0,0,0.0,0.0,inf,0.0,60.0
2018-10-18 04:48:00,2018-10-18 09:03:00,0.5220089803463539,0.9957057051400852,18.168417382509766,6,0.046511627906976744,0.02734375,36.57142857142857,0.2394573871783727,14.62857142857143
2018-10-18 09:04:00,2018-10-18 13:19:00,5.589500520833333,0.8899253408939315,98.8686518313926,62,0.4806201550387597,0.46484375,2.1512605042016806,0.8463911767028445,1.0
2018-10-18 13:20:00,2018-10-18 17:35:00,1.7454782002186928,1.9168342753900374,166.69102842939762,2,0.015503875968992248,0.0078125,128.0,0.17541051771754998,51.2
2018-10-18 17:36:00,2018-10-18 21:51:00,0.0,0.0,0.0,0,0.0,0.0,inf,0.0,60.0
2018-10-18 21:52:00,2018-10-19 02:07:00,0.0,0.0,0.0,0,0.0,0.0,inf,0.0,60.0
2018-10-19 02:08:00,2018-10-19 06:23:00,0.021674720764219432,0.05649718298546325,0.02840379617340341,0,0.0,0.0,inf,0.0,60.0
2018-10-19 06:24:00,2018-10-19 10:39:00,2.8716056921806876,2.2640139559241814,337.3263762373222,12,0.09302325581395349,0.05078125,19.692307692307693,0.40066523608290894,7.876923076923077
2018-10-19 10:40:00,2018-10-19 14:55:00,3.1677740627881272,2.503550945790475,788.768918865518,13,0.10077519379844961,0.0546875,18.285714285714285,0.47359428343272125,7.314285714285715
2018-10-19 14:56:00,2018-10-19 19:11:00,0.02626791394021416,0.0713018559281895,0.03935328384286624,0,0.0,0.0,inf,0.0,60.0
2018-10-19 19:12:00,2018-10-19 23:27:00,0.0,0.0,0.0,0,0.0,0.0,inf,0.0,60.0
2018-10-19 23:28:00,2018-10-20 03:43:00,0.0,0.0,0.0,0,0.0,0.0,inf,0.0,60.0
2018-10-20 03:44:00,2018-10-20 07:59:00,0.09708622054963607,0.13047259589746474,2.451904800357111,7,0.05426356589147287,0.02734375,36.57142857142857,0.4110564846661937,14.62857142857143
2018-10-20 08:00:00,2018-10-20 12:15:00,3.0487149088541665,2.330710433071862,708.8282707120601,20,0.15503875968992248,0.09375,10.666666666666666,0.5888197672308214,4.266666666666667
2018-10-20 12:16:00,2018-10-20 16:31:00,1.3189023533653272,1.5160322084777644,94.56902881469814,20,0.15503875968992248,0.1015625,9.846153846153847,0.48848636280772445,3.9384615384615387
2018-10-20 16:32:00,2018-10-20 20:47:00,0.0,0.0,0.0,0,0.0,0.0,inf,0.0,60.0
2018-10-20 20:48:00,2018-10-21 01:03:00,0.0,0.0,0.0,0,0.0,0.0,inf,0.0,60.0
2018-10-21 01:04:00,2018-10-21 05:19:00,0.0,0.0,0.0,0,0.0,0.0,inf,0.0,60.0
2018-10-21 05:20:00,2018-10-21 09:35:00,0.8317211154988959,0.7385183972022765,112.65117356865652,5,0.03875968992248062,0.01953125,51.2,0.38237143487699127,20.48
2018-10-21 09:36:00,2018-10-21 13:51:00,1.5181717249306907,1.3592181549003692,124.01712811851907,22,0.17054263565891473,0.10546875,9.481481481481481,0.5293862845838356,3.7925925925925927
2018-10-21 13:52:00,2018-10-21 18:07:00,0.053148468057436574,0.07119333747134143,0.24763101510676808,2,0.015503875968992248,0.0078125,128.0,0.15052173624232335,51.2
2018-10-21 18:08:00,2018-10-21 22:23:00,0.0,0.0,0.0,0,0.0,0.0,inf,0.0,60.0
2018-10-21 22:24:00,2018-10-22 02:39:00,0.0,0.0,0.0,0,0.0,0.0,inf,0.0,60.0
2018-10-22 02:40:00,2018-10-22 06:55:00,0.09248956841143403,0.22129133991441993,0.5426083489453701,1,0.007751937984496124,0.00390625,256.0,0.06779378642347847,60.0
2018-10-22 06:56:00,2018-10-22 11:11:00,4.356506770833333,1.5640655924162423,83.65328263785825,7,0.05426356589147287,0.03515625,28.444444444444443,0.2348886059580891,11.377777777777778
2018-10-22 11:12:00,2018-10-22 15:27:00,3.500076303023885,1.8588946547067284,323.73890131824226,50,0.3875968992248062,0.30078125,3.324675324675325,0.7016869222579742,1.3298701298701299
2018-10-22 15:28:00,2018-10-22 19:43:00,0.023876949078634177,0.08094223657632006,0.028900761266670513,0,0.0,0.0,inf,0.0,60.0
2018-10-22 19:44:00,2018-10-22 23:59:00,0.0,0.0,0.0,0,0.0,0.0,inf,0.0,60.0
2018-10-23 00:00:00,2018-10-23 04:15:00,0.0,0.0,0.0,0,0.0,0.0,inf,0.0,60.0
2018-10-23 04:16:00,2018-10-23 08:31:00,0.058600483995425785,0.06768005114743476,0.3621742733501913,6,0.046511627906976744,0.03515625,28.444444444444443,0.27713318972973067,11.377777777777778
2018-10-23 08:32:00,2018-10-23 12:47:00,1.4462178118435136,1.4100520413678135,57.35741061715667,26,0.20155038759689922,0.125,8.0,0.664794109581318,3.2
2018-10-23 12:48:00,2018-10-23 17:03:00,1.5228420582441833,1.826598930847564,195.98369585955606,21,0.16279069767441862,0.1328125,7.529411764705882,0.34485779818720075,3.011764705882353
2018-10-23 17:04:00,2018-10-23 21:19:00,0.0,0.0,0.0,0,0.0,0.0,inf,0.0,60.0
2018-10-23 21:20:00,2018-10-24 01:35:00,0.0003274404145758194,0.0007775603180648225,8.742564955385754e-06,0,0.0,0.0,inf,0.0,60.0
2018-10-24 01:36:00,2018-10-24 05:51:00,0.000335512923664781,0.0016208792033390906,4.942674519593096e-06,0,0.0,0.0,inf,0.0,60.0
2018-10-24 05:52:00,2018-10-24 10:07:00,3.0586211702419037,1.994733306196181,147.53541973437345,1,0.007751937984496124,0.00390625,256.0,0.08681278082728228,60.0
2018-10-24 10:08:00,2018-10-24 14:23:00,4.497523672601083,1.9617865532364207,518.4582709290696,48,0.37209302325581395,0.265625,3.764705882352941,0.7795689046013734,1.5058823529411764
2018-10-24 14:24:00,2018-10-24 18:39:00,0.26168106871116187,0.7129655379789742,3.801380196536532,1,0.007751937984496124,0.00390625,256.0,0.03933299782664809,60.0
2018-10-24 18:40:00,2018-10-24 22:55:00,0.0,0.0,0.0,0,0.0,0.0,inf,0.0,60.0
2018-10-24 22:56:00,2018-10-25 03:11:00,0.0,0.0,0.0,0,0.0,0.0,inf,0.0,60.0
2018-10-25 03:12:00,2018-10-25 07:27:00,0.0847704597526173,0.19355129596756948,0.7959054222850294,6,0.046511627906976744,0.0234375,42.666666666666664,0.24925414601833257,17.066666666666666
2018-10-25 07:28:00,2018-10-25 11:43:00,3.779174489222002,2.1829175674754997,484.2431670639015,14,0.10852713178294573,0.08984375,11.130434782608695,0.40255152173104486,4.452173913043478
2018-10-25 11:44:00,2018-10-25 15:59:00,2.3773504186331733,2.541599819953888,466.0851151268842,10,0.07751937984496124,0.05859375,17.066666666666666,0.31462532717338104,6.826666666666667
2018-10-25 16:00:00,2018-10-25 20:15:00,0.0,0.0,0.0,0,0.0,0.0,inf,0.0,60.0
2018-10-25 20:16:00,2018-10-26 00:31:00,0.0,0.0,0.0,0,0.0,0.0,inf,0.0,60.0
2018-10-26 00:32:00,2018-10-26 04:47:00,0.0,0.0,0.0,0,0.0,0.0,inf,0.0,60.0
2018-10-26 04:48:00,2018-10-26 09:03:00,0.11429489682850875,0.08097224539864151,0.589276593180417,6,0.046511627906976744,0.02734375,36.57142857142857,0.3618190759123197,14.62857142857143
2018-10-26 09:04:00,2018-10-26 13:19:00,0.7007596916026065,0.5770173669768589,77.71897662411793,10,0.07751937984496124,0.0390625,25.6,0.5072790527200847,10.24
2018-10-26 13:20:00,2018-10-26 17:35:00,0.10640578029102492,0.12648199654089112,0.7785466915867778,4,0.031007751937984496,0.015625,64.0,0.25544833837604963,25.6
2018-10-26 17:36:00,2018-10-26 21:51:00,0.0,0.0,0.0,0,0.0,0.0,inf,0.0,60.0
2018-10-26 21:52:00,2018-10-27 02:07:00,0.0008132705241369563,0.0015337868447367474,0.000547043025940812,0,0.0,0.0,inf,0.0,60.0
2018-10-27 02:08:00,2018-10-27 06:23:00,0.0010103973179936534,0.003469897062460417,5.226805094575558e-05,0,0.0,0.0,inf,0.0,60.0
2018-10-27 06:24:00,2018-10-27 10:39:00,0.3642664755589043,0.2385472240433248,4.528693086784887,3,0.023255813953488372,0.01171875,85.33333333333333,0.23127082802596022,34.13333333333333
2018-10-27 10:40:00,2018-10-27 14:55:00,0.8705905392780291,0.976454198443651,174.05542969777818,15,0.11627906976744186,0.05859375,17.066666666666666,0.6041892176931651,6.826666666666667
2018-10-27 14:56:00,2018-10-27 19:11:00,0.03231612546643205,0.12085979637798781,0.06329717356532821,0,0.0,0.0,inf,0.0,60.0
2018-10-27 19:12:00,2018-10-27 23:27:00,0.0,0.0,0.0,0,0.0,0.0,inf,0.0,60.0
2018-10-27 23:28:00,2018-10-28 03:43:00,0.0,0.0,0.0,0,0.0,0.0,inf,0.0,60.0
2018-10-28 03:44:00,2018-10-28 07:59:00,0.43503418947319733,0.7524502723563632,19.1497068359903,3,0.023255813953488372,0.01171875,85.33333333333333,0.24159330325279896,34.13333333333333
2018-10-28 08:00:00,2018-10-28 12:15:00,1.4701859375000002,1.2687877349682959,222.12055826926584,24,0.18604651162790697,0.1015625,9.846153846153847,0.6409462641354354,3.9384615384615387
2018-10-28 12:16:00,2018-10-28 16:31:00,0.16994262797099702,0.14504657096962628,1.613838128360962,9,0.06976744186046512,0.046875,21.333333333333332,0.34632703872493076,8.533333333333333
2018-10-28 16:32:00,2018-10-28 20:47:00,0.0,0.0,0.0,0,0.0,0.0,inf,0.0,60.0
2018-10-28 20:48:00,2018-10-29 01:03:00,0.0,0.0,0.0,0,0.0,0.0,inf,0.0,60.0
2018-10-29 01:04:00,2018-10-29 05:19:00,0.0,0.0,0.0,0,0.0,0.0,inf,0.0,60.0
2018-10-29 05:20:00,2018-10-29 09:35:00,0.3051707328974989,0.2725563439628366,5.659221020919598,3,0.023255813953488372,0.01171875,85.33333333333333,0.2052923227699615,34.13333333333333
2018-10-29 09:36:00,2018-10-29 13:51:00,0.5641516193586493,0.2633869899576828,9.482830580762794,41,0.3178294573643411,0.19140625,5.224489795918367,0.6831138387588029,2.089795918367347
2018-10-29 13:52:00,2018-10-29 18:07:00,0.03414436399898935,0.05899856939448518,0.08093613681483078,0,0.0,0.0,inf,0.0,60.0
2018-10-29 18:08:00,2018-10-29 22:23:00,0.0,0.0,0.0,0,0.0,0.0,inf,0.0,60.0
2018-10-29 22:24:00,2018-10-30 02:39:00,0.0,0.0,0.0,0,0.0,0.0,inf,0.0,60.0
2018-10-30 02:40:00,2018-10-30 06:55:00,0.001215856508973751,0.0035755281442247746,8.54157563313964e-05,0,0.0,0.0,inf,0.0,60.0
2018-10-30 06:56:00,2018-10-30 11:11:00,0.16091354268101907,0.10758308357928284,0.3034145631161539,17,0.13178294573643412,0.08984375,11.130434782608695,0.5666919190099595,4.452173913043478
2018-10-30 11:12:00,2018-10-30 15:27:00,1.4271474658674763,1.53126411424598,463.5399380285886,8,0.06201550387596899,0.05078125,19.692307692307693,0.37528953922587016,7.876923076923077
2018-10-30 15:28:00,2018-10-30 19:43:00,0.0028517858309407423,0.007339161295859125,0.00020411053859493525,0,0.0,0.0,inf,0.0,60.0
2018-10-30 19:44:00,2018-10-30 23:59:00,0.0,0.0,0.0,0,0.0,0.0,inf,0.0,60.0
2018-10-31 00:00:00,2018-10-31 04:15:00,0.0,0.0,0.0,0,0.0,0.0,inf,0.0,60.0
2018-10-31 04:16:00,2018-10-31 08:31:00,0.2312913278352974,0.5577364810011952,3.943748683717257,10,0.07751937984496124,0.04296875,23.272727272727273,0.32974611396433917,9.30909090909091
2018-10-31 08:32:00,2018-10-31 12:47:00,2.6579137369791668,2.0830390122259295,561.5381050784526,46,0.35658914728682173,0.23046875,4.338983050847458,0.7268181441262567,1.7355932203389832
2018-10-31 12:48:00,2018-10-31 17:03:00,0.7442532561062655,1.184205720813249,93.74786302115727,14,0.10852713178294573,0.05859375,17.066666666666666,0.47053537527904626,6.826666666666667
2018-10-31 17:04:00,2018-10-31 21:19:00,0.0,0.0,0.0,0,0.0,0.0,inf,0.0,60.0
2018-10-31 21:20:00,2018-11-01 01:35:00,0.0,0.0,0.0,0,0.0,0.0,inf,0.0,60.0
2018-11-01 01:36:00,2018-11-01 05:51:00,0.0,0.0,0.0,0,0.0,0.0,inf,0.0,60.0
2018-11-01 05:52:00,2018-11-01 10:07:00,2.6956495069741147,1.863333320014503,120.53598901376341,1,0.007751937984496124,0.00390625,256.0,0.07068733535618435,60.0
2018-11-01 10:08:00,2018-11-01 14:23:00,2.3955541015625,1.863040912480178,152.269166735533,6,0.046511627906976744,0.0234375,42.666666666666664,0.29395102845201515,17.066666666666666
2018-11-01 14:24:00,2018-11-01 18:39:00,0.028490291066806495,0.05911548235857288,0.057469511332406006,0,0.0,0.0,inf,0.0,60.0
2018-11-01 18:40:00,2018-11-01 22:55:00,0.0,0.0,0.0,0,0.0,0.0,inf,0.0,60.0
2018-11-01 22:56:00,2018-11-02 03:11:00,0.0,0.0,0.0,0,0.0,0.0,inf,0.0,60.0
2018-11-02 03:12:00,2018-11-02 07:27:00,0.03264278613414274,0.06746468163762522,0.07443551893748512,0,0.0,0.0,inf,0.0,60.0
2018-11-02 07:28:00,2018-11-02 11:43:00,1.3400234657222927,1.7537107035137922,237.49926618913577,9,0.06976744186046512,0.03515625,28.444444444444443,0.3791548163575162,11.377777777777778
2018-11-02 11:44:00,2018-11-02 15:59:00,0.1180207779956505,0.07097592641121564,0.4932432233561719,17,0.13178294573643412,0.07421875,13.473684210526315,0.5800821377297152,5.389473684210526
2018-11-02 16:00:00,2018-11-02 20:15:00,0.00023174507491277284,0.0005734311881341197,8.290080053266683e-05,0,0.0,0.0,inf,0.0,60.0
2018-11-02 20:16:00,2018-11-03 00:31:00,0.0,0.0,0.0,0,0.0,0.0,inf,0.0,60.0
2018-11-03 00:32:00,2018-11-03 04:47:00,0.0,0.0,0.0,0,0.0,0.0,inf,0.0,60.0
2018-11-03 04:48:00,2018-11-03 09:03:00,1.432397126918703,1.577942137968429,131.3351972729695,2,0.015503875968992248,0.0078125,128.0,0.09356504032363351,51.2
2018-11-03 09:04:00,2018-11-03 13:19:00,5.183532872602401,0.8276755421300587,134.00888818859715,51,0.3953488372093023,0.30859375,3.240506329113924,0.795826979306307,1.2962025316455696
2018-11-03 13:20:00,2018-11-03 17:35:00,1.0160105726960316,1.4575048032840578,103.72755590742779,3,0.023255813953488372,0.015625,64.0,0.22501944859451642,25.6
2018-11-03 17:36:00,2018-11-03 21:51:00,0.0,0.0,0.0,0,0.0,0.0,inf,0.0,60.0
2018-11-03 21:52:00,2018-11-04 02:07:00,0.000147032808620556,0.0005283567759852398,6.116419060782871e-05,0,0.0,0.0,inf,0.0,60.0
2018-11-04 02:08:00,2018-11-04 06:23:00,0.0016656105942255903,0.006158951937900988,0.00013345481240808004,0,0.0,0.0,inf,0.0,60.0
2018-11-04 06:24:00,2018-11-04 10:39:00,0.9977629315938071,0.8763549322763156,82.322364429143,16,0.12403100775193798,0.07421875,13.473684210526315,0.5360421410144498,5.389473684210526
2018-11-04 10:40:00,2018-11-04 14:55:00,0.5394009721331754,0.40339464484094817,2.3229101925421927,1,0.007751937984496124,0.00390625,256.0,0.10267781608478167,60.0
2018-11-04 14:56:00,2018-11-04 19:11:00,0.003120785046022763,0.01045299662963109,0.0004957793379482542,0,0.0,0.0,inf,0.0,60.0
2018-11-04 19:12:00,2018-11-04 23:27:00,0.0,0.0,0.0,0,0.0,0.0,inf,0.0,60.0
2018-11-04 23:28:00,2018-11-05 03:43:00,0.0,0.0,0.0,0,0.0,0.0,inf,0.0,60.0
2018-11-05 03:44:00,2018-11-05 07:59:00,0.009345291511035341,0.017268379812890037,0.007011689741688534,0,0.0,0.0,inf,0.0,60.0
2018-11-05 08:00:00,2018-11-05 12:15:00,0.19397532355732366,0.04843267103040899,0.09315869176662982,71,0.5503875968992248,0.3671875,2.723404255319149,0.8762907931559298,1.0893617021276596
2018-11-05 12:16:00,2018-11-05 16:31:00,0.05884601574567251,0.06012265359301445,0.14694900704007668,2,0.015503875968992248,0.0078125,128.0,0.10930512016853781,51.2
2018-11-05 16:32:00,2018-11-05 20:47:00,2.4975979733699924e-05,0.00017897238487822449,2.640756620179654e-06,0,0.0,0.0,inf,0.0,60.0
2018-11-05 20:48:00,2018-11-06 01:03:00,0.0,0.0,0.0,0,0.0,0.0,inf,0.0,60.0
2018-11-06 01:04:00,2018-11-06 05:19:00,0.0005287701580201332,0.0015727849556969064,1.7227292432079643e-05,0,0.0,0.0,inf,0.0,60.0
2018-11-06 05:20:00,2018-11-06 09:35:00,1.2811929487051252,1.3488648363975966,85.33299491258926,2,0.015503875968992248,0.0078125,128.0,0.074265663210274,51.2
2018-11-06 09:36:00,2018-11-06 13:51:00,3.6217954145420794,1.6032990604381734,116.19335934852009,2,0.015503875968992248,0.0078125,128.0,0.1825302971895048,51.2
2018-11-06 13:52:00,2018-11-06 18:07:00,0.059227077218529225,0.09587811582873053,0.28539898818425935,2,0.015503875968992248,0.0078125,128.0,0.1109557839723658,51.2
2018-11-06 18:08:00,2018-11-06 22:23:00,0.0,0.0,0.0,0,0.0,0.0,inf,0.0,60.0
2018-11-06 22:24:00,2018-11-07 02:39:00,0.0,0.0,0.0,0,0.0,0.0,inf,0.0,60.0
2018-11-07 02:40:00,2018-11-07 06:55:00,0.009180551932940755,0.023232440415521246,0.0051266280698124365,0,0.0,0.0,inf,0.0,60.0
2018-11-07 06:56:00,2018-11-07 11:11:00,2.588110592113751,1.4516978545709627,87.74300601063551,2,0.015503875968992248,0.0078125,128.0,0.1864274691894886,51.2
2018-11-07 11:12:00,2018-11-07 15:27:00,2.190926072007416,1.7899267023842398,177.67785891420777,4,0.031007751937984496,0.015625,64.0,0.22729093141025078,25.6
2018-11-07 15:28:00,2018-11-07 19:43:00,0.0002994423810238575,0.0016566530596317161,3.948278796120003e-06,0,0.0,0.0,inf,0.0,60.0
2018-11-07 19:44:00,2018-11-07 23:59:00,0.0,0.0,0.0,0,0.0,0.0,inf,0.0,60.0
2018-11-08 00:00:00,2018-11-08 04:15:00,0.0,0.0,0.0,0,0.0,0.0,inf,0.0,60.0
2018-11-08 04:16:00,2018-11-08 08:31:00,0.1592612997831988,0.22865928786725742,2.3485991418904195,2,0.015503875968992248,0.0078125,128.0,0.14536913976294782,51.2
2018-11-08 08:32:00,2018-11-08 12:47:00,0.5520888671874999,0.2673624675910295,14.998135624321026,9,0.06976744186046512,0.03515625,28.444444444444443,0.46578407051037757,11.377777777777778
2018-11-08 12:48:00,2018-11-08 17:03:00,0.21872707099592592,0.2389791606587707,2.1377978972785137,13,0.10077519379844961,0.0546875,18.285714285714285,0.4514004544443473,7.314285714285715
2018-11-08 17:04:00,2018-11-08 21:19:00,0.0,0.0,0.0,0,0.0,0.0,inf,0.0,60.0
2018-11-08 21:20:00,2018-11-09 01:35:00,0.0,0.0,0.0,0,0.0,0.0,inf,0.0,60.0
2018-11-09 01:36:00,2018-11-09 05:51:00,0.0,0.0,0.0,0,0.0,0.0,inf,0.0,60.0
2018-11-09 05:52:00,2018-11-09 10:07:00,0.11858462205334233,0.09316875365212822,0.4606786045996937,6,0.046511627906976744,0.02734375,36.57142857142857,0.36971564734864587,14.62857142857143
2018-11-09 10:08:00,2018-11-09 14:23:00,0.21425849040218709,0.1466826059866842,2.2266938578607234,8,0.06201550387596899,0.046875,21.333333333333332,0.39376506735951783,8.533333333333333
2018-11-09 14:24:00,2018-11-09 18:39:00,0.0013756580055086386,0.0033505882601499843,0.00023365761000654464,0,0.0,0.0,inf,0.0,60.0
2018-11-09 18:40:00,2018-11-09 22:55:00,0.0,0.0,0.0,0,0.0,0.0,inf,0.0,60.0
2018-11-09 22:56:00,2018-11-10 03:11:00,0.0,0.0,0.0,0,0.0,0.0,inf,0.0,60.0
2018-11-10 03:12:00,2018-11-10 07:27:00,0.005789294219449001,0.013012700904402727,0.0023138106770036696,0,0.0,0.0,inf,0.0,60.0
2018-11-10 07:28:00,2018-11-10 11:43:00,0.1642082476889774,0.05214217211818207,0.1437772473132096,21,0.16279069767441862,0.10546875,9.481481481481481,0.5398740468723189,3.7925925925925927
2018-11-10 11:44:00,2018-11-10 15:59:00,0.10661338356469927,0.07911190545589931,0.6897584808130175,3,0.023255813953488372,0.01171875,85.33333333333333,0.24686856501869017,34.13333333333333
2018-11-10 16:00:00,2018-11-10 20:15:00,0.0,0.0,0.0,0,0.0,0.0,inf,0.0,60.0
2018-11-10 20:16:00,2018-11-11 00:31:00,0.0,0.0,0.0,0,0.0,0.0,inf,0.0,60.0
2018-11-11 00:32:00,2018-11-11 04:47:00,0.0,0.0,0.0,0,0.0,0.0,inf,0.0,60.0
2018-11-11 04:48:00,2018-11-11 09:03:00,0.05099819575670971,0.05934615028189952,0.18131166010056846,2,0.015503875968992248,0.0078125,128.0,0.14841479745610078,51.2
2018-11-11 09:04:00,2018-11-11 13:19:00,0.44846603821477515,0.4352763922202729,20.989205609675498,20,0.15503875968992248,0.08203125,12.19047619047619,0.6468153456817421,4.876190476190477
2018-11-11 13:20:00,2018-11-11 17:35:00,0.04704598014003816,0.06527013090397837,0.29959051173182527,0,0.0,0.0,inf,0.0,60.0
2018-11-11 17:36:00,2018-11-11 21:51:00,0.0,0.0,0.0,0,0.0,0.0,inf,0.0,60.0
2018-11-11 21:52:00,2018-11-12 02:07:00,0.0,0.0,0.0,0,0.0,0.0,inf,0.0,60.0
2018-11-12 02:08:00,2018-11-12 06:23:00,0.0,0.0,0.0,0,0.0,0.0,inf,0.0,60.0
2018-11-12 06:24:00,2018-11-12 10:39:00,0.20734769047629265,0.10761669244511907,0.47917314118743204,14,0.10852713178294573,0.06640625,15.058823529411764,0.4844463419380902,6.023529411764706
2018-11-12 10:40:00,2018-11-12 14:55:00,0.18685383322472796,0.14797679339854183,2.1680676581963483,3,0.023255813953488372,0.01171875,85.33333333333333,0.25883999048628836,34.13333333333333
2018-11-12 14:56:00,2018-11-12 19:11:00,6.202401887609729e-05,0.0006255158367184953,1.6560287363386498e-07,0,0.0,0.0,inf,0.0,60.0
2018-11-12 19:12:00,2018-11-12 23:27:00,0.0,0.0,0.0,0,0.0,0.0,inf,0.0,60.0
2018-11-12 23:28:00,2018-11-13 03:43:00,0.0,0.0,0.0,0,0.0,0.0,inf,0.0,60.0
2018-11-13 03:44:00,2018-11-13 07:59:00,0.011871415725991253,0.0209839327556523,0.010466338532741782,0,0.0,0.0,inf,0.0,60.0
2018-11-13 08:00:00,2018-11-13 12:15:00,0.48957417638389783,0.37164571205040414,15.92014806649209,35,0.2713178294573643,0.2265625,4.413793103448276,0.585340893792679,1.7655172413793105
2018-11-13 12:16:00,2018-11-13 16:31:00,0.170496948688798,0.35111351243260364,2.393465555567183,9,0.06976744186046512,0.05078125,19.692307692307693,0.30917185943734254,7.876923076923077
2018-11-13 16:32:00,2018-11-13 20:47:00,0.00034251337411210004,0.000619217005674227,7.48422718856678e-05,0,0.0,0.0,inf,0.0,60.0
2018-11-13 20:48:00,2018-11-14 01:03:00,5.1536259618344186e-05,0.0002477822933985868,1.9808886913391835e-06,0,0.0,0.0,inf,0.0,60.0
2018-11-14 01:04:00,2018-11-14 05:19:00,0.0,0.0,0.0,0,0.0,0.0,inf,0.0,60.0
2018-11-14 05:20:00,2018-11-14 09:35:00,0.15203957948543378,0.22071847574642928,0.5725933605695372,3,0.023255813953488372,0.01171875,85.33333333333333,0.20498800447123852,34.13333333333333
2018-11-14 09:36:00,2018-11-14 13:51:00,0.905529876292374,0.6417289912404487,16.89462175170776,6,0.046511627906976744,0.0234375,42.666666666666664,0.34069700040210454,17.066666666666666
2018-11-14 13:52:00,2018-11-14 18:07:00,0.0175613588966066,0.033262171710294705,0.022622959581523258,0,0.0,0.0,inf,0.0,60.0
2018-11-14 18:08:00,2018-11-14 22:23:00,0.0,0.0,0.0,0,0.0,0.0,inf,0.0,60.0
2018-11-14 22:24:00,2018-11-15 02:39:00,0.00012640236011479038,0.00041403050561917887,2.912876958258164e-06,0,0.0,0.0,inf,0.0,60.0
2018-11-15 02:40:00,2018-11-15 06:55:00,0.001666624355322104,0.003240129202849983,0.0003835502195803171,0,0.0,0.0,inf,0.0,60.0
2018-11-15 06:56:00,2018-11-15 11:11:00,1.3908369655352706,1.7570516153130031,73.04784241379011,3,0.023255813953488372,0.01171875,85.33333333333333,0.21843290186278494,34.13333333333333
2018-11-15 11:12:00,2018-11-15 15:27:00,2.5407531358246027,1.597504900559735,105.57701391273729,9,0.06976744186046512,0.04296875,23.272727272727273,0.4261083048493913,9.30909090909091
2018-11-15 15:28:00,2018-11-15 19:43:00,0.0003651482814996759,0.0017764243778058781,5.965396047531694e-06,0,0.0,0.0,inf,0.0,60.0
2018-11-15 19:44:00,2018-11-15 23:59:00,0.0014544324551589319,0.0018625157725506703,0.0002402097769362792,0,0.0,0.0,inf,0.0,60.0
2018-11-16 00:00:00,2018-11-16 04:15:00,0.0,0.0,0.0,0,0.0,0.0,inf,0.0,60.0
2018-11-16 04:16:00,2018-11-16 08:31:00,0.5206593304997794,0.87023368673593,22.830317932805787,2,0.015503875968992248,0.0078125,128.0,0.1172675753847362,51.2
2018-11-16 08:32:00,2018-11-16 12:47:00,4.567703190104167,0.6001568104310686,17.43163816291265,1,0.007751937984496124,0.00390625,256.0,0.07443701910629628,60.0
2018-11-16 12:48:00,2018-11-16 17:03:00,1.3257808113093033,1.5663143479388428,153.8318149244742,2,0.015503875968992248,0.0078125,128.0,0.13000820660422924,51.2
2018-11-16 17:04:00,2018-11-16 21:19:00,0.00016706950798621022,0.0005318608710744604,4.7652649288400455e-06,0,0.0,0.0,inf,0.0,60.0
2018-11-16 21:20:00,2018-11-17 01:35:00,0.0,0.0,0.0,0,0.0,0.0,inf,0.0,60.0
2018-11-17 01:36:00,2018-11-17 05:51:00,0.0,0.0,0.0,0,0.0,0.0,inf,0.0,60.0
2018-11-17 05:52:00,2018-11-17 10:07:00,0.3511741315810902,0.3852165333618028,8.302464172027255,25,0.1937984496124031,0.11328125,8.827586206896552,0.5602598205873398,3.531034482758621
2018-11-17 10:08:00,2018-11-17 14:23:00,1.5793622335609936,1.286464487823246,252.97671701030688,26,0.20155038759689922,0.12890625,7.757575757575758,0.6225180476015619,3.103030303030303
2018-11-17 14:24:00,2018-11-17 18:39:00,0.02414202129318977,0.060625462973415485,0.026320844632337515,0,0.0,0.0,inf,0.0,60.0
2018-11-17 18:40:00,2018-11-17 22:55:00,0.0,0.0,0.0,0,0.0,0.0,inf,0.0,60.0
2018-11-17 22:56:00,2018-11-18 03:11:00,0.0,0.0,0.0,0,0.0,0.0,inf,0.0,60.0
2018-11-18 03:12:00,2018-11-18 07:27:00,0.003535309784033669,0.009264167112443406,0.0007545576766119528,0,0.0,0.0,inf,0.0,60.0
2018-11-18 07:28:00,2018-11-18 11:43:00,2.456144611259557,1.9624012798520805,383.7840210860266,4,0.031007751937984496,0.015625,64.0,0.2846311902251119,25.6
2018-11-18 11:44:00,2018-11-18 15:59:00,1.0574710606666489,1.2757730431680148,175.84348081075805,7,0.05426356589147287,0.03515625,28.444444444444443,0.33269923147561586,11.377777777777778
2018-11-18 16:00:00,2018-11-18 20:15:00,8.919401947924873e-05,0.00032630375525114484,6.760211917217215e-06,0,0.0,0.0,inf,0.0,60.0
2018-11-18 20:16:00,2018-11-19 00:31:00,0.000942040799559025,0.001469585915791617,0.00046864996148623017,0,0.0,0.0,inf,0.0,60.0
2018-11-19 00:32:00,2018-11-19 04:47:00,0.0016808909531305118,0.0030288387891913436,0.0008365346630754838,0,0.0,0.0,inf,0.0,60.0
2018-11-19 04:48:00,2018-11-19 09:03:00,0.15209072414673996,0.2606636425280545,2.258406754190801,20,0.15503875968992248,0.08203125,12.19047619047619,0.33511945788941727,4.876190476190477
2018-11-19 09:04:00,2018-11-19 13:19:00,1.5485301928196509,1.4235778851653784,373.3075963345176,50,0.3875968992248062,0.30859375,3.240506329113924,0.739964323588676,1.2962025316455696
2018-11-19 13:20:00,2018-11-19 17:35:00,0.06408117520419361,0.1030459673481193,0.30779173420675493,2,0.015503875968992248,0.0078125,128.0,0.12369132547093281,51.2
2018-11-19 17:36:00,2018-11-19 21:51:00,0.0018260965838445657,0.003285602079023527,0.001026931327748502,0,0.0,0.0,inf,0.0,60.0
2018-11-19 21:52:00,2018-11-20 02:07:00,0.0,0.0,0.0,0,0.0,0.0,inf,0.0,60.0
2018-11-20 02:08:00,2018-11-20 06:23:00,0.0,0.0,0.0,0,0.0,0.0,inf,0.0,60.0
2018-11-20 06:24:00,2018-11-20 10:39:00,0.9019351901440552,1.2786864618819522,246.4836335315548,14,0.10852713178294573,0.05859375,17.066666666666666,0.5103576113098774,6.826666666666667
2018-11-20 10:40:00,2018-11-20 14:55:00,2.479549722576182,2.0403140371749373,539.9855863944283,17,0.13178294573643412,0.07421875,13.473684210526315,0.5194122070596101,5.389473684210526
2018-11-20 14:56:00,2018-11-20 19:11:00,0.0006261424641245664,0.0024729121191770097,1.851109014322067e-05,0,0.0,0.0,inf,0.0,60.0
2018-11-20 19:12:00,2018-11-20 23:27:00,0.0,0.0,0.0,0,0.0,0.0,inf,0.0,60.0
2018-11-20 23:28:00,2018-11-21 03:43:00,0.0,0.0,0.0,0,0.0,0.0,inf,0.0,60.0
2018-11-21 03:44:00,2018-11-21 07:59:00,0.02490733398333883,0.05993218634307812,0.04006292290515023,0,0.0,0.0,inf,0.0,60.0
2018-11-21 08:00:00,2018-11-21 12:15:00,0.31028851405995705,0.43802746791446995,0.5058930612601615,30,0.23255813953488372,0.1484375,6.7368421052631575,0.5784649972825759,2.694736842105263
2018-11-21 12:16:00,2018-11-21 16:31:00,0.08297904767899249,0.09878282240344677,0.4159835485754684,2,0.015503875968992248,0.0078125,128.0,0.14486355585738725,51.2
2018-11-21 16:32:00,2018-11-21 20:47:00,0.0,0.0,0.0,0,0.0,0.0,inf,0.0,60.0
2018-11-21 20:48:00,2018-11-22 01:03:00,0.0,0.0,0.0,0,0.0,0.0,inf,0.0,60.0
2018-11-22 01:04:00,2018-11-22 05:19:00,0.0,0.0,0.0,0,0.0,0.0,inf,0.0,60.0
2018-11-22 05:20:00,2018-11-22 09:35:00,0.05442158357250293,0.06074953992587356,0.18297981578298794,2,0.015503875968992248,0.0078125,128.0,0.09216967916142989,51.2
2018-11-22 09:36:00,2018-11-22 13:51:00,0.24002730778918288,0.061084564446183785,0.2999721436771497,13,0.10077519379844961,0.078125,12.8,0.5145825718638172,5.12
2018-11-22 13:52:00,2018-11-22 18:07:00,0.01126611134978963,0.024380955673897167,0.00866450174322739,0,0.0,0.0,inf,0.0,60.0
2018-11-22 18:08:00,2018-11-22 22:23:00,0.0,0.0,0.0,0,0.0,0.0,inf,0.0,60.0
2018-11-22 22:24:00,2018-11-23 02:39:00,0.0,0.0,0.0,0,0.0,0.0,inf,0.0,60.0
2018-11-23 02:40:00,2018-11-23 06:55:00,6.299844016461822e-06,0.00010060044150547354,1.706585489165242e-09,0,0.0,0.0,inf,0.0,60.0
2018-11-23 06:56:00,2018-11-23 11:11:00,0.06718221425111945,0.03381143457141745,0.07538142626558181,2,0.015503875968992248,0.0078125,128.0,0.1802850338195758,51.2
2018-11-23 11:12:00,2018-11-23 15:27:00,0.030258609514238678,0.026499251076201363,0.01729364900826442,0,0.0,0.0,inf,0.0,60.0
2018-11-23 15:28:00,2018-11-23 19:43:00,0.0,0.0,0.0,0,0.0,0.0,inf,0.0,60.0
2018-11-23 19:44:00,2018-11-23 23:59:00,0.0,0.0,0.0,0,0.0,0.0,inf,0.0,60.0
2018-11-24 00:00:00,2018-11-24 04:15:00,0.0,0.0,0.0,0,0.0,0.0,inf,0.0,60.0
2018-11-24 04:16:00,2018-11-24 08:31:00,0.016161901009785658,0.03024056334892713,0.017686158956655772,0,0.0,0.0,inf,0.0,60.0
2018-11-24 08:32:00,2018-11-24 12:47:00,0.1650290204952587,0.04087680822061165,0.14143625101276425,18,0.13953488372093023,0.11328125,8.827586206896552,0.5036282707219832,3.531034482758621
2018-11-24 12:48:00,2018-11-24 17:03:00,0.0269838506346355,0.03269523335211697,0.069817968987658,0,0.0,0.0,inf,0.0,60.0
2018-11-24 17:04:00,2018-11-24 21:19:00,0.0,0.0,0.0,0,0.0,0.0,inf,0.0,60.0
2018-11-24 21:20:00,2018-11-25 01:35:00,0.0,0.0,0.0,0,0.0,0.0,inf,0.0,60.0
2018-11-25 01:36:00,2018-11-25 05:51:00,0.0,0.0,0.0,0,0.0,0.0,inf,0.0,60.0
2018-11-25 05:52:00,2018-11-25 10:07:00,0.08755959416299221,0.08144316043577762,0.3481240540759837,2,0.015503875968992248,0.0078125,128.0,0.0866591386113886,51.2
2018-11-25 10:08:00,2018-11-25 14:23:00,0.21069653160939067,0.06320224800387107,0.3654782368397117,3,0.023255813953488372,0.01171875,85.33333333333333,0.26186039443022885,34.13333333333333
2018-11-25 14:24:00,2018-11-25 18:39:00,0.005145573730390396,0.012691662985735791,0.0016895624381022029,0,0.0,0.0,inf,0.0,60.0
2018-11-25 18:40:00,2018-11-25 22:55:00,0.0,0.0,0.0,0,0.0,0.0,inf,0.0,60.0
2018-11-25 22:56:00,2018-11-26 03:11:00,0.0,0.0,0.0,0,0.0,0.0,inf,0.0,60.0
2018-11-26 03:12:00,2018-11-26 07:27:00,0.008314572913233549,0.020401311260110792,0.003707240846509414,0,0.0,0.0,inf,0.0,60.0
2018-11-26 07:28:00,2018-11-26 11:43:00,3.981185447991602,1.4924042379685898,63.95944425353568,1,0.007751937984496124,0.00390625,256.0,0.04927659645267257,60.0
2018-11-26 11:44:00,2018-11-26 15:59:00,2.3647770500604595,2.1287029661970642,299.232370035802,2,0.015503875968992248,0.0078125,128.0,0.21039782561197562,51.2
2018-11-26 16:00:00,2018-11-26 20:15:00,0.0,0.0,0.0,0,0.0,0.0,inf,0.0,60.0
2018-11-26 20:16:00,2018-11-27 00:31:00,0.0,0.0,0.0,0,0.0,0.0,inf,0.0,60.0
2018-11-27 00:32:00,2018-11-27 04:47:00,0.0,0.0,0.0,0,0.0,0.0,inf,0.0,60.0
2018-11-27 04:48:00,2018-11-27 09:03:00,0.8466321397474693,1.2645486797368364,69.10555782017747,2,0.015503875968992248,0.0078125,128.0,0.15273131155442732,51.2
2018-11-27 09:04:00,2018-11-27 13:19:00,4.707641514899853,0.608438423833002,17.68200964199709,1,0.007751937984496124,0.00390625,256.0,0.07431134714243187,60.0
2018-11-27 13:20:00,2018-11-27 17:35:00,0.718473145787552,1.205902961407629,48.03447976714223,2,0.015503875968992248,0.0078125,128.0,0.1343690079750684,51.2
2018-11-27 17:36:00,2018-11-27 21:51:00,0.0,0.0,0.0,0,0.0,0.0,inf,0.0,60.0
2018-11-27 21:52:00,2018-11-28 02:07:00,0.0,0.0,0.0,0,0.0,0.0,inf,0.0,60.0
2018-11-28 02:08:00,2018-11-28 06:23:00,0.0,0.0,0.0,0,0.0,0.0,inf,0.0,60.0
2018-11-28 06:24:00,2018-11-28 10:39:00,1.1103463529712938,1.7197750424768647,47.21833910673572,2,0.015503875968992248,0.01171875,85.33333333333333,0.14566776402642634,34.13333333333333
2018-11-28 10:40:00,2018-11-28 14:55:00,3.108733022608605,2.232238991068844,377.7264666126615,11,0.08527131782945736,0.0546875,18.285714285714285,0.3456908243974886,7.314285714285715
2018-11-28 14:56:00,2018-11-28 19:11:00,0.00024900375189860146,0.0013550693347445378,2.729050814217738e-06,0,0.0,0.0,inf,0.0,60.0
2018-11-28 19:12:00,2018-11-28 23:27:00,0.0,0.0,0.0,0,0.0,0.0,inf,0.0,60.0
2018-11-28 23:28:00,2018-11-29 03:43:00,0.0,0.0,0.0,0,0.0,0.0,inf,0.0,60.0
2018-11-29 03:44:00,2018-11-29 07:59:00,0.001850870249106805,0.004657835601729428,0.00022061524332383622,0,0.0,0.0,inf,0.0,60.0
2018-11-29 08:00:00,2018-11-29 12:15:00,0.11081812654329694,0.04079907730206127,0.09925677649008631,7,0.05426356589147287,0.03515625,28.444444444444443,0.4104933486485681,11.377777777777778
2018-11-29 12:16:00,2018-11-29 16:31:00,0.0363425161587454,0.041676335547314945,0.10584981772233437,0,0.0,0.0,inf,0.0,60.0
2018-11-29 16:32:00,2018-11-29 20:47:00,0.0,0.0,0.0,0,0.0,0.0,inf,0.0,60.0
2018-11-29 20:48:00,2018-11-30 01:03:00,0.0,0.0,0.0,0,0.0,0.0,inf,0.0,60.0
2018-11-30 01:04:00,2018-11-30 05:19:00,0.0,0.0,0.0,0,0.0,0.0,inf,0.0,60.0
2018-11-30 05:20:00,2018-11-30 09:35:00,0.028981000211015493,0.03471440855869948,0.07992090743505229,0,0.0,0.0,inf,0.0,60.0
2018-11-30 09:36:00,2018-11-30 13:51:00,0.1754593850098229,0.05486337042024406,0.5059657052073042,9,0.06976744186046512,0.03515625,28.444444444444443,0.5094192317192161,11.377777777777778
2018-11-30 13:52:00,2018-11-30 18:07:00,0.018091030665874863,0.02705455135546216,0.023970918669601177,0,0.0,0.0,inf,0.0,60.0
2018-11-30 18:08:00,2018-11-30 22:23:00,0.0,0.0,0.0,0,0.0,0.0,inf,0.0,60.0
2018-11-30 22:24:00,2018-12-01 02:39:00,0.0,0.0,0.0,0,0.0,0.0,inf,0.0,60.0
2018-12-01 02:40:00,2018-12-01 06:55:00,0.0,0.0,0.0,0,0.0,0.0,inf,0.0,60.0
2018-12-01 06:56:00,2018-12-01 11:11:00,0.16440724447126565,0.18035865248572086,8.76463039028236,35,0.2713178294573643,0.15625,6.4,0.6690105438793275,2.56
2018-12-01 11:12:00,2018-12-01 15:27:00,0.06187315382191058,0.05541516518836533,0.4673207728788336,11,0.08527131782945736,0.04296875,23.272727272727273,0.5015183899213191,9.30909090909091
2018-12-01 15:28:00,2018-12-01 19:43:00,0.0,0.0,0.0,0,0.0,0.0,inf,0.0,60.0
2018-12-01 19:44:00,2018-12-01 23:59:00,0.0020250664407574417,0.00165542518114135,0.0004165206324728287,0,0.0,0.0,inf,0.0,60.0
2018-12-02 00:00:00,2018-12-02 04:15:00,0.001304930528642662,0.0022817910478179116,0.00024084073632538218,0,0.0,0.0,inf,0.0,60.0
2018-12-02 04:16:00,2018-12-02 08:31:00,0.011388689853560506,0.02319867676708847,0.009761890512593978,0,0.0,0.0,inf,0.0,60.0
2018-12-02 08:32:00,2018-12-02 12:47:00,0.0899941893228412,0.025077860049539803,0.08781175600962277,5,0.03875968992248062,0.03515625,28.444444444444443,0.34007021122122644,11.377777777777778
2018-12-02 12:48:00,2018-12-02 17:03:00,0.01603229601259714,0.023233178421432524,0.012215907770154463,0,0.0,0.0,inf,0.0,60.0
2018-12-02 17:04:00,2018-12-02 21:19:00,9.133252273310912e-05,0.0004907039521997951,3.6905701021814455e-07,0,0.0,0.0,inf,0.0,60.0
2018-12-02 21:20:00,2018-12-03 01:35:00,0.0006846415566098624,0.0014259202029313083,4.193539687269694e-05,0,0.0,0.0,inf,0.0,60.0
2018-12-03 01:36:00,2018-12-03 05:51:00,0.0,0.0,0.0,0,0.0,0.0,inf,0.0,60.0
2018-12-03 05:52:00,2018-12-03 10:07:00,0.05752822822872674,0.05815586183684439,0.18422263315064435,8,0.06201550387596899,0.0390625,25.6,0.4458378153259345,10.24
2018-12-03 10:08:00,2018-12-03 14:23:00,0.6053617396882147,0.8922051980213562,150.20703548581932,22,0.17054263565891473,0.11328125,8.827586206896552,0.6121322528186518,3.531034482758621
2018-12-03 14:24:00,2018-12-03 18:39:00,0.003618937274305572,0.01028046025720009,0.000732096759831133,0,0.0,0.0,inf,0.0,60.0
2018-12-03 18:40:00,2018-12-03 22:55:00,0.0,0.0,0.0,0,0.0,0.0,inf,0.0,60.0
2018-12-03 22:56:00,2018-12-04 03:11:00,0.0,0.0,0.0,0,0.0,0.0,inf,0.0,60.0
2018-12-04 03:12:00,2018-12-04 07:27:00,0.0037270760612629654,0.011899836431000269,0.0007208266411518213,0,0.0,0.0,inf,0.0,60.0
2018-12-04 07:28:00,2018-12-04 11:43:00,2.921850153518936,1.4382271986025152,67.95293098640725,39,0.3023255813953488,0.23046875,4.338983050847458,0.42960223052479835,1.7355932203389832
2018-12-04 11:44:00,2018-12-04 15:59:00,1.4511625108908972,1.3878372593419488,183.78059849624034,3,0.023255813953488372,0.015625,64.0,0.25814054504311645,25.6
2018-12-04 16:00:00,2018-12-04 20:15:00,0.0,0.0,0.0,0,0.0,0.0,inf,0.0,60.0
2018-12-04 20:16:00,2018-12-05 00:31:00,0.0,0.0,0.0,0,0.0,0.0,inf,0.0,60.0
2018-12-05 00:32:00,2018-12-05 04:47:00,0.0,0.0,0.0,0,0.0,0.0,inf,0.0,60.0
2018-12-05 04:48:00,2018-12-05 09:03:00,0.18999506914208592,0.5078359529531701,2.5175069038051396,5,0.03875968992248062,0.0234375,42.666666666666664,0.1984542805654292,17.066666666666666
2018-12-05 09:04:00,2018-12-05 13:19:00,3.0681273385682126,1.4550858795872785,247.18550405066796,20,0.15503875968992248,0.08984375,11.130434782608695,0.5809286081720227,4.452173913043478
2018-12-05 13:20:00,2018-12-05 17:35:00,0.1116967222302824,0.2555241655879976,1.1090517198883685,5,0.03875968992248062,0.01953125,51.2,0.2269692336093828,20.48
2018-12-05 17:36:00,2018-12-05 21:51:00,0.0,0.0,0.0,0,0.0,0.0,inf,0.0,60.0
2018-12-05 21:52:00,2018-12-06 02:07:00,0.0018490138328229103,0.0019199810706405016,0.00028730295097555505,0,0.0,0.0,inf,0.0,60.0
2018-12-06 02:08:00,2018-12-06 06:23:00,0.002883454502572328,0.0026853153752758275,0.0006542205907703815,0,0.0,0.0,inf,0.0,60.0
2018-12-06 06:24:00,2018-12-06 10:39:00,0.0825840787004824,0.0767854482243632,0.34100125217198474,5,0.03875968992248062,0.01953125,51.2,0.31741978389061837,20.48
2018-12-06 10:40:00,2018-12-06 14:55:00,0.06428248415703587,0.04894627805922274,0.11255922176376644,7,0.05426356589147287,0.03125,32.0,0.35486881657103014,12.8
2018-12-06 14:56:00,2018-12-06 19:11:00,0.0,0.0,0.0,0,0.0,0.0,inf,0.0,60.0
2018-12-06 19:12:00,2018-12-06 23:27:00,0.0006200271018453874,0.0012156540204645587,4.840817722364459e-05,0,0.0,0.0,inf,0.0,60.0
2018-12-06 23:28:00,2018-12-07 03:43:00,0.0004826466156472189,0.0009373726572090716,2.477424735484027e-05,0,0.0,0.0,inf,0.0,60.0
2018-12-07 03:44:00,2018-12-07 07:59:00,0.027683794289528402,0.0805292694075472,0.04488346264125179,0,0.0,0.0,inf,0.0,60.0
2018-12-07 08:00:00,2018-12-07 12:15:00,0.2291964304318571,0.13455244546637812,2.7129576002808857,8,0.06201550387596899,0.03515625,28.444444444444443,0.3727369054159541,11.377777777777778
2018-12-07 12:16:00,2018-12-07 16:31:00,0.04111651207809261,0.04401491009071848,0.11035972489964599,0,0.0,0.0,inf,0.0,60.0
2018-12-07 16:32:00,2018-12-07 20:47:00,0.0,0.0,0.0,0,0.0,0.0,inf,0.0,60.0
2018-12-07 20:48:00,2018-12-08 01:03:00,0.0,0.0,0.0,0,0.0,0.0,inf,0.0,60.0
2018-12-08 01:04:00,2018-12-08 05:19:00,0.0,0.0,0.0,0,0.0,0.0,inf,0.0,60.0
2018-12-08 05:20:00,2018-12-08 09:35:00,0.04405092116987647,0.0701770915805285,0.15039782627702036,0,0.0,0.0,inf,0.0,60.0
2018-12-08 09:36:00,2018-12-08 13:51:00,0.12046394005679498,0.07001980602310313,0.6740863048463923,21,0.16279069767441862,0.109375,9.142857142857142,0.5743353869116742,3.6571428571428575
2018-12-08 13:52:00,2018-12-08 18:07:00,0.00939823388040529,0.0280292477864724,0.005524425043477723,0,0.0,0.0,inf,0.0,60.0
2018-12-08 18:08:00,2018-12-08 22:23:00,0.0,0.0,0.0,0,0.0,0.0,inf,0.0,60.0
2018-12-08 22:24:00,2018-12-09 02:39:00,0.0,0.0,0.0,0,0.0,0.0,inf,0.0,60.0
2018-12-09 02:40:00,2018-12-09 06:55:00,0.0,0.0,0.0,0,0.0,0.0,inf,0.0,60.0
2018-12-09 06:56:00,2018-12-09 11:11:00,1.2185488321629006,1.4495481490440265,129.59473456908967,16,0.12403100775193798,0.06640625,15.058823529411764,0.560806734556256,6.023529411764706
2018-12-09 11:12:00,2018-12-09 15:27:00,1.0090815454000128,1.6342374165010676,106.03143752524335,12,0.09302325581395349,0.0625,16.0,0.3981214893663265,6.4
2018-12-09 15:28:00,2018-12-09 19:43:00,0.0,0.0,0.0,0,0.0,0.0,inf,0.0,60.0
2018-12-09 19:44:00,2018-12-09 23:59:00,0.0,0.0,0.0,0,0.0,0.0,inf,0.0,60.0
2018-12-10 00:00:00,2018-12-10 04:15:00,0.0,0.0,0.0,0,0.0,0.0,inf,0.0,60.0
2018-12-10 04:16:00,2018-12-10 08:31:00,0.05671903459703424,0.1440636436500419,0.20004431349809124,1,0.007751937984496124,0.00390625,256.0,0.04907760403761024,60.0
2018-12-10 08:32:00,2018-12-10 12:47:00,0.8304485753612884,1.1064303354540812,37.19345517060819,7,0.05426356589147287,0.02734375,36.57142857142857,0.3154551749863552,14.62857142857143
2018-12-10 12:48:00,2018-12-10 17:03:00,0.27093169844356607,0.5949267524941092,4.0272111418863,1,0.007751937984496124,0.00390625,256.0,0.08094649771148778,60.0
2018-12-10 17:04:00,2018-12-10 21:19:00,0.0,0.0,0.0,0,0.0,0.0,inf,0.0,60.0
2018-12-10 21:20:00,2018-12-11 01:35:00,0.0,0.0,0.0,0,0.0,0.0,inf,0.0,60.0
2018-12-11 01:36:00,2018-12-11 05:51:00,4.690584484404117e-06,7.490262755978473e-05,1.4132020998675015e-06,0,0.0,0.0,inf,0.0,60.0
2018-12-11 05:52:00,2018-12-11 10:07:00,0.08291355046975292,0.09586425730495708,0.44412034730593386,2,0.015503875968992248,0.0078125,128.0,0.17475154412139918,51.2
2018-12-11 10:08:00,2018-12-11 14:23:00,0.24571811448221037,0.13250748128698603,2.0097248402400436,13,0.10077519379844961,0.0703125,14.222222222222221,0.47130989869259204,5.688888888888889
2018-12-11 14:24:00,2018-12-11 18:39:00,0.0023822044858841725,0.006168914243201703,0.0003569126341490836,0,0.0,0.0,inf,0.0,60.0
2018-12-11 18:40:00,2018-12-11 22:55:00,0.0,0.0,0.0,0,0.0,0.0,inf,0.0,60.0
2018-12-11 22:56:00,2018-12-12 03:11:00,0.0,0.0,0.0,0,0.0,0.0,inf,0.0,60.0
2018-12-12 03:12:00,2018-12-12 07:27:00,0.0010290833962221337,0.003314684336708157,5.50686897977888e-05,0,0.0,0.0,inf,0.0,60.0
2018-12-12 07:28:00,2018-12-12 11:43:00,1.5251424346628464,1.5987022362416847,268.14022217955,11,0.08527131782945736,0.09375,10.666666666666666,0.44635287193466,4.266666666666667
2018-12-12 11:44:00,2018-12-12 15:59:00,0.6051447886547949,1.1561254672212165,73.18185870036854,16,0.12403100775193798,0.08984375,11.130434782608695,0.5745429662206538,4.452173913043478
2018-12-12 16:00:00,2018-12-12 20:15:00,0.0,0.0,0.0,0,0.0,0.0,inf,0.0,60.0
2018-12-12 20:16:00,2018-12-13 00:31:00,0.0,0.0,0.0,0,0.0,0.0,inf,0.0,60.0
2018-12-13 00:32:00,2018-12-13 04:47:00,0.0,0.0,0.0,0,0.0,0.0,inf,0.0,60.0
2018-12-13 04:48:00,2018-12-13 09:03:00,0.02638232117397392,0.04156116486345096,0.04814371666754984,0,0.0,0.0,inf,0.0,60.0
2018-12-13 09:04:00,2018-12-13 13:19:00,0.1933580795556158,0.02642387500590197,0.09114767187952884,21,0.16279069767441862,0.11328125,8.827586206896552,0.5430413134868143,3.531034482758621
2018-12-13 13:20:00,2018-12-13 17:35:00,0.02365954249783861,0.0405630368927592,0.042474962104630754,0,0.0,0.0,inf,0.0,60.0
2018-12-13 17:36:00,2018-12-13 21:51:00,0.0,0.0,0.0,0,0.0,0.0,inf,0.0,60.0
2018-12-13 21:52:00,2018-12-14 02:07:00,0.0,0.0,0.0,0,0.0,0.0,inf,0.0,60.0
2018-12-14 02:08:00,2018-12-14 06:23:00,0.0,0.0,0.0,0,0.0,0.0,inf,0.0,60.0
2018-12-14 06:24:00,2018-12-14 10:39:00,0.0512624718420077,0.042548125580943535,0.06608780996718869,3,0.023255813953488372,0.015625,64.0,0.18715423152556596,25.6
2018-12-14 10:40:00,2018-12-14 14:55:00,0.1460559499015076,0.09262232255327876,0.5242514906641965,6,0.046511627906976744,0.03515625,28.444444444444443,0.293640951386991,11.377777777777778
2018-12-14 14:56:00,2018-12-14 19:11:00,8.815652829915322e-05,0.0006322745466073794,3.3634027099522e-07,0,0.0,0.0,inf,0.0,60.0
2018-12-14 19:12:00,2018-12-14 23:27:00,0.0,0.0,0.0,0,0.0,0.0,inf,0.0,60.0
2018-12-14 23:28:00,2018-12-15 03:43:00,0.0,0.0,0.0,0,0.0,0.0,inf,0.0,60.0
2018-12-15 03:44:00,2018-12-15 07:59:00,0.0013900056397801392,0.003427565511567756,0.0001336886666816995,0,0.0,0.0,inf,0.0,60.0
2018-12-15 08:00:00,2018-12-15 12:15:00,0.08545975206705027,0.03502577477988896,0.07097259130044295,4,0.031007751937984496,0.0234375,42.666666666666664,0.2309355901868196,17.066666666666666
2018-12-15 12:16:00,2018-12-15 16:31:00,0.024901186546739052,0.02621275904010716,0.05479332041378686,0,0.0,0.0,inf,0.0,60.0
2018-12-15 16:32:00,2018-12-15 20:47:00,4.6456637073450685e-05,0.0002470912820352406,1.7321520667268335e-07,0,0.0,0.0,inf,0.0,60.0
2018-12-15 20:48:00,2018-12-16 01:03:00,4.238345912059533e-05,0.0002241161795509929,3.31830474208518e-07,0,0.0,0.0,inf,0.0,60.0
2018-12-16 01:04:00,2018-12-16 05:19:00,0.0,0.0,0.0,0,0.0,0.0,inf,0.0,60.0
2018-12-16 05:20:00,2018-12-16 09:35:00,0.029943139264482242,0.04678994770076852,0.044076603972165826,0,0.0,0.0,inf,0.0,60.0
2018-12-16 09:36:00,2018-12-16 13:51:00,0.1977936184099787,0.1389788995739585,1.650704673186664,12,0.09302325581395349,0.05859375,17.066666666666666,0.47937221492123655,6.826666666666667
2018-12-16 13:52:00,2018-12-16 18:07:00,0.00310492018976716,0.00764356768127413,0.0005996239696689748,0,0.0,0.0,inf,0.0,60.0
2018-12-16 18:08:00,2018-12-16 22:23:00,7.851657114750904e-05,0.00033659284138163014,3.7656143056421206e-07,0,0.0,0.0,inf,0.0,60.0
2018-12-16 22:24:00,2018-12-17 02:39:00,0.0,0.0,0.0,0,0.0,0.0,inf,0.0,60.0
2018-12-17 02:40:00,2018-12-17 06:55:00,0.0,0.0,0.0,0,0.0,0.0,inf,0.0,60.0
2018-12-17 06:56:00,2018-12-17 11:11:00,0.07403496900030496,0.055446265469568004,0.26810689482364636,2,0.015503875968992248,0.0078125,128.0,0.13188270284672785,51.2
2018-12-17 11:12:00,2018-12-17 15:27:00,0.07337997347206371,0.05285251921056576,0.21634306228529318,2,0.015503875968992248,0.0078125,128.0,0.14382022983788506,51.2
2018-12-17 15:28:00,2018-12-17 19:43:00,0.0,0.0,0.0,0,0.0,0.0,inf,0.0,60.0
2018-12-17 19:44:00,2018-12-17 23:59:00,0.0,0.0,0.0,0,0.0,0.0,inf,0.0,60.0
2018-12-18 00:00:00,2018-12-18 04:15:00,0.0,0.0,0.0,0,0.0,0.0,inf,0.0,60.0
2018-12-18 04:16:00,2018-12-18 08:31:00,0.007081296067546528,0.012427813407608118,0.004392963070774138,0,0.0,0.0,inf,0.0,60.0
2018-12-18 08:32:00,2018-12-18 12:47:00,0.11290595159217687,0.062009595447732144,0.663978972562375,8,0.06201550387596899,0.03515625,28.444444444444443,0.3953818595250626,11.377777777777778
2018-12-18 12:48:00,2018-12-18 17:03:00,0.02500972635083682,0.033925510610763605,0.04593347959611085,0,0.0,0.0,inf,0.0,60.0
2018-12-18 17:04:00,2018-12-18 21:19:00,0.0,0.0,0.0,0,0.0,0.0,inf,0.0,60.0
2018-12-18 21:20:00,2018-12-19 01:35:00,0.0,0.0,0.0,0,0.0,0.0,inf,0.0,60.0
2018-12-19 01:36:00,2018-12-19 05:51:00,0.0,0.0,0.0,0,0.0,0.0,inf,0.0,60.0
2018-12-19 05:52:00,2018-12-19 10:07:00,0.05093930656409193,0.055395270927022656,0.16768528395710072,2,0.015503875968992248,0.0078125,128.0,0.17615936000963092,51.2
2018-12-19 10:08:00,2018-12-19 14:23:00,0.1120563424085928,0.047725356624037076,0.22493288166555256,13,0.10077519379844961,0.0703125,14.222222222222221,0.46456740913354044,5.688888888888889
2018-12-19 14:24:00,2018-12-19 18:39:00,0.0010779780580142133,0.0029916918382897873,7.263815675667862e-05,0,0.0,0.0,inf,0.0,60.0
2018-12-19 18:40:00,2018-12-19 22:55:00,0.0,0.0,0.0,0,0.0,0.0,inf,0.0,60.0
2018-12-19 22:56:00,2018-12-20 03:11:00,0.0,0.0,0.0,0,0.0,0.0,inf,0.0,60.0
2018-12-20 03:12:00,2018-12-20 07:27:00,0.0,0.0,0.0,0,0.0,0.0,inf,0.0,60.0
2018-12-20 07:28:00,2018-12-20 11:43:00,0.06068476882835331,0.04200473169830017,0.053734353717506955,8,0.06201550387596899,0.03125,32.0,0.3681866694846314,12.8
2018-12-20 11:44:00,2018-12-20 15:59:00,0.07080161794661326,0.06889396769900531,0.46995189928535186,4,0.031007751937984496,0.015625,64.0,0.2685070400660465,25.6
2018-12-20 16:00:00,2018-12-20 20:15:00,0.0,0.0,0.0,0,0.0,0.0,inf,0.0,60.0
2018-12-20 20:16:00,2018-12-21 00:31:00,0.0,0.0,0.0,0,0.0,0.0,inf,0.0,60.0
2018-12-21 00:32:00,2018-12-21 04:47:00,0.0,0.0,0.0,0,0.0,0.0,inf,0.0,60.0
2018-12-21 04:48:00,2018-12-21 09:03:00,0.005941326788057229,0.012333578039401764,0.0026740406799984754,0,0.0,0.0,inf,0.0,60.0
2018-12-21 09:04:00,2018-12-21 13:19:00,0.08286790103153996,0.04174766557165684,0.3656961738067809,3,0.023255813953488372,0.01171875,85.33333333333333,0.31647655990322693,34.13333333333333
2018-12-21 13:20:00,2018-12-21 17:35:00,0.009358805174906495,0.01715141521471384,0.007509111892210612,0,0.0,0.0,inf,0.0,60.0
2018-12-21 17:36:00,2018-12-21 21:51:00,0.0,0.0,0.0,0,0.0,0.0,inf,0.0,60.0
2018-12-21 21:52:00,2018-12-22 02:07:00,0.0,0.0,0.0,0,0.0,0.0,inf,0.0,60.0
2018-12-22 02:08:00,2018-12-22 06:23:00,0.001183149572622953,0.0014563617635247324,0.0002683846491933805,0,0.0,0.0,inf,0.0,60.0
2018-12-22 06:24:00,2018-12-22 10:39:00,0.10279638425660416,0.09304324657802883,0.4125672042698876,3,0.023255813953488372,0.015625,64.0,0.17411560104940985,25.6
2018-12-22 10:40:00,2018-12-22 14:55:00,0.1115860164913032,0.07637958926695092,0.5506484547634286,2,0.015503875968992248,0.0078125,128.0,0.20124623837153796,51.2
2018-12-22 14:56:00,2018-12-22 19:11:00,0.00040976879230731294,0.001291815309164157,2.4989621646012323e-05,0,0.0,0.0,inf,0.0,60.0
2018-12-22 19:12:00,2018-12-22 23:27:00,3.991539489165982e-05,0.0002097999404726099,8.638164558456974e-06,0,0.0,0.0,inf,0.0,60.0
2018-12-22 23:28:00,2018-12-23 03:43:00,6.734069770822033e-05,0.0002943800678578637,2.0887780232003075e-05,0,0.0,0.0,inf,0.0,60.0
2018-12-23 03:44:00,2018-12-23 07:59:00,0.0015860209008541435,0.0038074973193849755,0.0001698956719843004,0,0.0,0.0,inf,0.0,60.0
2018-12-23 08:00:00,2018-12-23 12:15:00,0.18492348470445416,0.08674327440066228,1.0403096103807474,5,0.03875968992248062,0.0234375,42.666666666666664,0.31098510610261565,17.066666666666666
2018-12-23 12:16:00,2018-12-23 16:31:00,0.035779352944095996,0.03817782122428439,0.13223326363786397,0,0.0,0.0,inf,0.0,60.0
2018-12-23 16:32:00,2018-12-23 20:47:00,0.0,0.0,0.0,0,0.0,0.0,inf,0.0,60.0
2018-12-23 20:48:00,2018-12-24 01:03:00,0.0,0.0,0.0,0,0.0,0.0,inf,0.0,60.0
2018-12-24 01:04:00,2018-12-24 05:19:00,4.259161015090628e-06,6.801334722596218e-05,1.5515103229923614e-06,0,0.0,0.0,inf,0.0,60.0
2018-12-24 05:20:00,2018-12-24 09:35:00,0.11271758394594553,0.21075778086430202,4.524077878766343,26,0.20155038759689922,0.109375,9.142857142857142,0.5850718796561865,3.6571428571428575
2018-12-24 09:36:00,2018-12-24 13:51:00,0.3141788299264491,0.37646521641281677,17.41285665328863,52,0.40310077519379844,0.203125,4.923076923076923,0.7650035629538817,1.9692307692307693
2018-12-24 13:52:00,2018-12-24 18:07:00,0.007229201080193298,0.01336875805107971,0.004360352759492655,0,0.0,0.0,inf,0.0,60.0
2018-12-24 18:08:00,2018-12-24 22:23:00,0.0,0.0,0.0,0,0.0,0.0,inf,0.0,60.0
2018-12-24 22:24:00,2018-12-25 02:39:00,0.0,0.0,0.0,0,0.0,0.0,inf,0.0,60.0
2018-12-25 02:40:00,2018-12-25 06:55:00,0.0,0.0,0.0,0,0.0,0.0,inf,0.0,60.0
2018-12-25 06:56:00,2018-12-25 11:11:00,0.2501059733737107,0.18076666582074544,3.0694487839834372,22,0.17054263565891473,0.109375,9.142857142857142,0.6118767760570222,3.6571428571428575
2018-12-25 11:12:00,2018-12-25 15:27:00,0.8235942642323697,0.8961594476892957,98.1393797743902,12,0.09302325581395349,0.05078125,19.692307692307693,0.5125658767492647,7.876923076923077
2018-12-25 15:28:00,2018-12-25 19:43:00,0.0,0.0,0.0,0,0.0,0.0,inf,0.0,60.0
2018-12-25 19:44:00,2018-12-25 23:59:00,0.0,0.0,0.0,0,0.0,0.0,inf,0.0,60.0
2018-12-26 00:00:00,2018-12-26 04:15:00,0.0,0.0,0.0,0,0.0,0.0,inf,0.0,60.0
2018-12-26 04:16:00,2018-12-26 08:31:00,0.05293186673507742,0.1661685985938524,0.15455977250246264,1,0.007751937984496124,0.00390625,256.0,0.029838388869334317,60.0
2018-12-26 08:32:00,2018-12-26 12:47:00,3.3353255208333334,1.0863439855771877,106.7414497124619,21,0.16279069767441862,0.09375,10.666666666666666,0.6181377639838839,4.266666666666667
2018-12-26 12:48:00,2018-12-26 17:03:00,0.08554649572996391,0.11614053022279029,0.7777343815070699,2,0.015503875968992248,0.0078125,128.0,0.18762453847520033,51.2
2018-12-26 17:04:00,2018-12-26 21:19:00,0.0,0.0,0.0,0,0.0,0.0,inf,0.0,60.0
2018-12-26 21:20:00,2018-12-27 01:35:00,0.0,0.0,0.0,0,0.0,0.0,inf,0.0,60.0
2018-12-27 01:36:00,2018-12-27 05:51:00,0.0,0.0,0.0,0,0.0,0.0,inf,0.0,60.0
2018-12-27 05:52:00,2018-12-27 10:07:00,0.030012826814726484,0.03811406034771209,0.09225529047710518,0,0.0,0.0,inf,0.0,60.0
2018-12-27 10:08:00,2018-12-27 14:23:00,0.09638108639063511,0.05356333557902585,0.3646701525998182,19,0.14728682170542637,0.09765625,10.24,0.5265510420630707,4.096
2018-12-27 14:24:00,2018-12-27 18:39:00,0.0002539414905872656,0.0013515444450976672,2.8456542634301275e-06,0,0.0,0.0,inf,0.0,60.0
2018-12-27 18:40:00,2018-12-27 22:55:00,0.0,0.0,0.0,0,0.0,0.0,inf,0.0,60.0
2018-12-27 22:56:00,2018-12-28 03:11:00,0.0,0.0,0.0,0,0.0,0.0,inf,0.0,60.0
2018-12-28 03:12:00,2018-12-28 07:27:00,0.0009361572690624915,0.004519943351750858,3.9229736586528486e-05,0,0.0,0.0,inf,0.0,60.0
2018-12-28 07:28:00,2018-12-28 11:43:00,0.8040685285631843,0.8045594480250715,113.71193295658101,26,0.20155038759689922,0.1328125,7.529411764705882,0.6094212131383382,3.011764705882353
2018-12-28 11:44:00,2018-12-28 15:59:00,0.11504792159980484,0.11323318092513082,0.6904311272396749,2,0.015503875968992248,0.0078125,128.0,0.1388049277572608,51.2
2018-12-28 16:00:00,2018-12-28 20:15:00,0.0,0.0,0.0,0,0.0,0.0,inf,0.0,60.0
2018-12-28 20:16:00,2018-12-29 00:31:00,0.0,0.0,0.0,0,0.0,0.0,inf,0.0,60.0
2018-12-29 00:32:00,2018-12-29 04:47:00,0.0,0.0,0.0,0,0.0,0.0,inf,0.0,60.0
2018-12-29 04:48:00,2018-12-29 09:03:00,0.022580883135855656,0.03356379682212785,0.05411016472762356,0,0.0,0.0,inf,0.0,60.0
2018-12-29 09:04:00,2018-12-29 13:19:00,0.13562569509450645,0.044453708231807956,0.19971002145719507,21,0.16279069767441862,0.1015625,9.846153846153847,0.6418567804904428,3.9384615384615387
2018-12-29 13:20:00,2018-12-29 17:35:00,0.01216943183684852,0.031049741660760997,0.009073882350999946,0,0.0,0.0,inf,0.0,60.0
2018-12-29 17:36:00,2018-12-29 21:51:00,0.0,0.0,0.0,0,0.0,0.0,inf,0.0,60.0
2018-12-29 21:52:00,2018-12-30 02:07:00,0.0,0.0,0.0,0,0.0,0.0,inf,0.0,60.0
2018-12-30 02:08:00,2018-12-30 06:23:00,0.0,0.0,0.0,0,0.0,0.0,inf,0.0,60.0
2018-12-30 06:24:00,2018-12-30 10:39:00,0.33908505797824207,0.4249342042753694,44.43388773466719,18,0.13953488372093023,0.12109375,8.258064516129032,0.5053478178650374,3.303225806451613
2018-12-30 10:40:00,2018-12-30 14:55:00,2.145325289993984,1.765050835999861,364.7045389558819,5,0.03875968992248062,0.01953125,51.2,0.3139166708650545,20.48
2018-12-30 14:56:00,2018-12-30 19:11:00,0.0012119009509998185,0.00455615240125968,7.030891515905617e-05,0,0.0,0.0,inf,0.0,60.0
2018-12-30 19:12:00,2018-12-30 23:27:00,0.0,0.0,0.0,0,0.0,0.0,inf,0.0,60.0
2018-12-30 23:28:00,2018-12-31 03:43:00,0.0,0.0,0.0,0,0.0,0.0,inf,0.0,60.0
2018-12-31 03:44:00,2018-12-31 07:59:00,0.00476418610647706,0.012649727270506048,0.0013837466230464607,0,0.0,0.0,inf,0.0,60.0
2018-12-31 08:00:00,2018-12-31 12:15:00,0.14279877163869975,0.049737837291728385,0.13057676610249241,6,0.046511627906976744,0.02734375,36.57142857142857,0.37674777908700036,14.62857142857143
2018-12-31 12:16:00,2018-12-31 16:31:00,0.060977335738136726,0.06466479850758124,0.24005096034638912,2,0.015503875968992248,0.0078125,128.0,0.12157781828436307,51.2
2018-12-31 16:32:00,2018-12-31 20:47:00,0.0,0.0,0.0,0,0.0,0.0,inf,0.0,60.0
2018-12-31 20:48:00,2019-01-01 01:03:00,0.0,0.0,0.0,0,0.0,0.0,inf,0.0,60.0
2019-01-01 01:04:00,2019-01-01 05:19:00,0.0,0.0,0.0,0,0.0,0.0,inf,0.0,60.0
2019-01-01 05:20:00,2019-01-01 09:35:00,0.3633740298183656,0.676110447015689,8.140594099176488,1,0.007751937984496124,0.00390625,256.0,0.11170768771083692,60.0
2019-01-01 09:36:00,2019-01-01 13:51:00,3.0804411458333334,0.9051292300279248,94.60955034857886,30,0.23255813953488372,0.1640625,6.095238095238095,0.4647277619213572,2.4380952380952383
2019-01-01 13:52:00,2019-01-01 18:07:00,0.0667509045481346,0.19433666513098974,0.2459896787763049,1,0.007751937984496124,0.00390625,256.0,0.028053151954675247,60.0
2019-01-01 18:08:00,2019-01-01 22:23:00,0.00021514871292570195,0.00048584715839730994,2.153996942414347e-05,0,0.0,0.0,inf,0.0,60.0
2019-01-01 22:24:00,2019-01-02 02:39:00,0.00035188059174025223,0.0007402705482378218,4.484299194536105e-05,0,0.0,0.0,inf,0.0,60.0
2019-01-02 02:40:00,2019-01-02 06:55:00,8.374822927230108e-06,9.43794612264212e-05,3.0300875685957926e-06,0,0.0,0.0,inf,0.0,60.0
2019-01-02 06:56:00,2019-01-02 11:11:00,2.368330037186122,2.0048263965254263,270.24018342557594,6,0.046511627906976744,0.03515625,28.444444444444443,0.27786397557974246,11.377777777777778
2019-01-02 11:12:00,2019-01-02 15:27:00,2.9714756061250016,2.0265248043214577,197.38474403083893,2,0.015503875968992248,0.0078125,128.0,0.12584775363984504,51.2
2019-01-02 15:28:00,2019-01-02 19:43:00,0.0,0.0,0.0,0,0.0,0.0,inf,0.0,60.0
2019-01-02 19:44:00,2019-01-02 23:59:00,0.0,0.0,0.0,0,0.0,0.0,inf,0.0,60.0
2019-01-03 00:00:00,2019-01-03 04:15:00,0.0,0.0,0.0,0,0.0,0.0,inf,0.0,60.0
2019-01-03 04:16:00,2019-01-03 08:31:00,0.041635786057699097,0.09455371058975653,0.11436197843701086,0,0.0,0.0,inf,0.0,60.0
2019-01-03 08:32:00,2019-01-03 12:47:00,2.568994177326598,1.3731888962501866,254.12283594761007,14,0.10852713178294573,0.0703125,14.222222222222221,0.5547425274628289,5.688888888888889
2019-01-03 12:48:00,2019-01-03 17:03:00,0.2524998515346463,0.4038895033411307,4.40257951524038,1,0.007751937984496124,0.00390625,256.0,0.0831436369690614,60.0
2019-01-03 17:04:00,2019-01-03 21:19:00,0.0,0.0,0.0,0,0.0,0.0,inf,0.0,60.0
2019-01-03 21:20:00,2019-01-04 01:35:00,0.0,0.0,0.0,0,0.0,0.0,inf,0.0,60.0
2019-01-04 01:36:00,2019-01-04 05:51:00,0.0,0.0,0.0,0,0.0,0.0,inf,0.0,60.0
2019-01-04 05:52:00,2019-01-04 10:07:00,0.13773291707342314,0.23253858130524796,1.0808601364694659,1,0.007751937984496124,0.00390625,256.0,0.08068259162134102,60.0
2019-01-04 10:08:00,2019-01-04 14:23:00,2.0800138136644364,1.321713327159914,146.09247231927648,3,0.023255813953488372,0.015625,64.0,0.21923377045955844,25.6
2019-01-04 14:24:00,2019-01-04 18:39:00,0.00855858564676366,0.022109591578001877,0.004379370262667546,0,0.0,0.0,inf,0.0,60.0
2019-01-04 18:40:00,2019-01-04 22:55:00,0.0,0.0,0.0,0,0.0,0.0,inf,0.0,60.0
2019-01-04 22:56:00,2019-01-05 03:11:00,0.0,0.0,0.0,0,0.0,0.0,inf,0.0,60.0
2019-01-05 03:12:00,2019-01-05 07:27:00,0.001410591962430979,0.005697444640298289,9.244032101282551e-05,0,0.0,0.0,inf,0.0,60.0
2019-01-05 07:28:00,2019-01-05 11:43:00,1.5355133279378936,1.5733101573803092,392.4924096153277,5,0.03875968992248062,0.01953125,51.2,0.30992011648126866,20.48
2019-01-05 11:44:00,2019-01-05 15:59:00,1.2925170205423808,1.3883369185132108,156.18767494242866,7,0.05426356589147287,0.0390625,25.6,0.3839398982254644,10.24
2019-01-05 16:00:00,2019-01-05 20:15:00,0.0,0.0,0.0,0,0.0,0.0,inf,0.0,60.0
2019-01-05 20:16:00,2019-01-06 00:31:00,0.0,0.0,0.0,0,0.0,0.0,inf,0.0,60.0
2019-01-06 00:32:00,2019-01-06 04:47:00,0.0,0.0,0.0,0,0.0,0.0,inf,0.0,60.0
2019-01-06 04:48:00,2019-01-06 09:03:00,0.1166796072350774,0.20564710432691136,0.9838630128929727,2,0.015503875968992248,0.0078125,128.0,0.13314379900712872,51.2
2019-01-06 09:04:00,2019-01-06 13:19:00,2.7744750651041663,2.213125062375465,492.51803915699674,3,0.023255813953488372,0.01171875,85.33333333333333,0.21130315617472478,34.13333333333333
2019-01-06 13:20:00,2019-01-06 17:35:00,0.057088233628608154,0.10107429455515123,0.21539996439051978,1,0.007751937984496124,0.00390625,256.0,0.060996642518774465,60.0
2019-01-06 17:36:00,2019-01-06 21:51:00,0.0001239290124961203,0.000423979315071784,3.2758329455844057e-06,0,0.0,0.0,inf,0.0,60.0
2019-01-06 21:52:00,2019-01-07 02:07:00,0.00035306664257424546,0.00061610950792678,4.272967012185877e-05,0,0.0,0.0,inf,0.0,60.0
2019-01-07 02:08:00,2019-01-07 06:23:00,0.0,0.0,0.0,0,0.0,0.0,inf,0.0,60.0
2019-01-07 06:24:00,2019-01-07 10:39:00,0.0838406319140676,0.07454609138924875,0.380819312264359,5,0.03875968992248062,0.01953125,51.2,0.31190242840679566,20.48
2019-01-07 10:40:00,2019-01-07 14:55:00,0.16497908709444356,0.1875114472728927,0.358402761817658,7,0.05426356589147287,0.03125,32.0,0.32663069998973576,12.8
2019-01-07 14:56:00,2019-01-07 19:11:00,0.0006936255634355683,0.001816580605623175,8.180293354095075e-05,0,0.0,0.0,inf,0.0,60.0
2019-01-07 19:12:00,2019-01-07 23:27:00,6.719143973277702e-05,0.0003228379579906446,2.0338906821674184e-07,0,0.0,0.0,inf,0.0,60.0
2019-01-07 23:28:00,2019-01-08 03:43:00,0.000397633846071362,0.0007617695922900201,3.368699146329468e-05,0,0.0,0.0,inf,0.0,60.0
2019-01-08 03:44:00,2019-01-08 07:59:00,0.0012271907328065337,0.005886987777953922,6.882809062401864e-05,0,0.0,0.0,inf,0.0,60.0
2019-01-08 08:00:00,2019-01-08 12:15:00,0.1621325577829943,0.1766532745453988,9.88373330881857,65,0.5038759689922481,0.26171875,3.8208955223880596,0.8340098196640708,1.528358208955224
2019-01-08 12:16:00,2019-01-08 16:31:00,0.058364033785139276,0.0597687715642423,0.17643085353198631,2,0.015503875968992248,0.0078125,128.0,0.16628001976958434,51.2
2019-01-08 16:32:00,2019-01-08 20:47:00,0.00030022190751265686,0.0006999608869100771,1.010218451634507e-05,0,0.0,0.0,inf,0.0,60.0
2019-01-08 20:48:00,2019-01-09 01:03:00,0.00040328367364980266,0.0008661059907904476,7.604592063111219e-05,0,0.0,0.0,inf,0.0,60.0
2019-01-09 01:04:00,2019-01-09 05:19:00,1.2665286007828486e-05,0.00011630962741148377,1.6221984050961102e-06,0,0.0,0.0,inf,0.0,60.0
2019-01-09 05:20:00,2019-01-09 09:35:00,0.04634156731697239,0.06029463160619076,0.13860191193606122,0,0.0,0.0,inf,0.0,60.0
2019-01-09 09:36:00,2019-01-09 13:51:00,0.5661979972341273,0.4037267901503638,1.9228800852029238,12,0.09302325581395349,0.05078125,19.692307692307693,0.5661825748307502,7.876923076923077
2019-01-09 13:52:00,2019-01-09 18:07:00,0.1257837753194684,0.37541263774713557,0.8973234484288705,1,0.007751937984496124,0.00390625,256.0,0.06996028035407682,60.0
2019-01-09 18:08:00,2019-01-09 22:23:00,0.0,0.0,0.0,0,0.0,0.0,inf,0.0,60.0
2019-01-09 22:24:00,2019-01-10 02:39:00,0.0,0.0,0.0,0,0.0,0.0,inf,0.0,60.0
2019-01-10 02:40:00,2019-01-10 06:55:00,0.0,0.0,0.0,0,0.0,0.0,inf,0.0,60.0
2019-01-10 06:56:00,2019-01-10 11:11:00,1.8956571924822554,1.3639764663049465,114.47811433191613,6,0.046511627906976744,0.03515625,28.444444444444443,0.34308030091402086,11.377777777777778
2019-01-10 11:12:00,2019-01-10 15:27:00,0.7471780042952145,1.3798698500910647,25.977330780788243,2,0.015503875968992248,0.01171875,85.33333333333333,0.1528406027483722,34.13333333333333
2019-01-10 15:28:00,2019-01-10 19:43:00,0.0,0.0,0.0,0,0.0,0.0,inf,0.0,60.0
2019-01-10 19:44:00,2019-01-10 23:59:00,9.127176351999805e-05,0.00036228677711864615,3.32750307844679e-05,0,0.0,0.0,inf,0.0,60.0
2019-01-11 00:00:00,2019-01-11 04:15:00,6.638047966083386e-05,0.00030390961444915187,2.0726995788569408e-05,0,0.0,0.0,inf,0.0,60.0
2019-01-11 04:16:00,2019-01-11 08:31:00,0.03779302549623123,0.07926900109388445,0.10232295778196576,0,0.0,0.0,inf,0.0,60.0
2019-01-11 08:32:00,2019-01-11 12:47:00,1.7417235026041666,1.177090130628389,138.19158956698016,2,0.015503875968992248,0.0078125,128.0,0.20451836265774176,51.2
2019-01-11 12:48:00,2019-01-11 17:03:00,0.5427131955804603,0.7454536023913587,19.72889388393729,2,0.015503875968992248,0.0078125,128.0,0.1470554424964187,51.2
2019-01-11 17:04:00,2019-01-11 21:19:00,0.0,0.0,0.0,0,0.0,0.0,inf,0.0,60.0
2019-01-11 21:20:00,2019-01-12 01:35:00,0.0,0.0,0.0,0,0.0,0.0,inf,0.0,60.0
2019-01-12 01:36:00,2019-01-12 05:51:00,0.0,0.0,0.0,0,0.0,0.0,inf,0.0,60.0
2019-01-12 05:52:00,2019-01-12 10:07:00,0.07743477262469524,0.10264801375013469,0.6339338961880553,3,0.023255813953488372,0.01171875,85.33333333333333,0.26877307961202557,34.13333333333333
2019-01-12 10:08:00,2019-01-12 14:23:00,0.18995395484273908,0.12681827030787088,0.4266540927661751,16,0.12403100775193798,0.0703125,14.222222222222221,0.5197890166193296,5.688888888888889
2019-01-12 14:24:00,2019-01-12 18:39:00,0.0027204957479735462,0.006328533537300716,0.0005086592801631188,0,0.0,0.0,inf,0.0,60.0
2019-01-12 18:40:00,2019-01-12 22:55:00,0.0,0.0,0.0,0,0.0,0.0,inf,0.0,60.0
2019-01-12 22:56:00,2019-01-13 03:11:00,0.0,0.0,0.0,0,0.0,0.0,inf,0.0,60.0
2019-01-13 03:12:00,2019-01-13 07:27:00,9.256442025365073e-05,0.0007338063064382059,3.698637223333004e-07,0,0.0,0.0,inf,0.0,60.0
2019-01-13 07:28:00,2019-01-13 11:43:00,0.1797973881292237,0.13337540104454512,0.6369963155577077,24,0.18604651162790697,0.12109375,8.258064516129032,0.5360315182509843,3.303225806451613
2019-01-13 11:44:00,2019-01-13 15:59:00,0.1656485776046361,0.21322324580876043,6.553736467650931,24,0.18604651162790697,0.10546875,9.481481481481481,0.6889632976508769,3.7925925925925927
2019-01-13 16:00:00,2019-01-13 20:15:00,0.0,0.0,0.0,0,0.0,0.0,inf,0.0,60.0
2019-01-13 20:16:00,2019-01-14 00:31:00,0.0,0.0,0.0,0,0.0,0.0,inf,0.0,60.0
2019-01-14 00:32:00,2019-01-14 04:47:00,8.900180637354136e-05,0.00032519386112148655,5.220212018771462e-06,0,0.0,0.0,inf,0.0,60.0
2019-01-14 04:48:00,2019-01-14 09:03:00,0.11584054094072427,0.3417209841929057,1.3974123042856004,8,0.06201550387596899,0.03125,32.0,0.29751115986572446,12.8
2019-01-14 09:04:00,2019-01-14 13:19:00,3.893732473957585,1.6401187486927804,341.3025903385648,48,0.37209302325581395,0.23828125,4.19672131147541,0.7528053687729205,1.678688524590164
2019-01-14 13:20:00,2019-01-14 17:35:00,0.8534807170243442,1.2647607778645364,69.00357539890507,2,0.015503875968992248,0.0078125,128.0,0.1284568498524021,51.2
2019-01-14 17:36:00,2019-01-14 21:51:00,0.0,0.0,0.0,0,0.0,0.0,inf,0.0,60.0
2019-01-14 21:52:00,2019-01-15 02:07:00,0.0,0.0,0.0,0,0.0,0.0,inf,0.0,60.0
2019-01-15 02:08:00,2019-01-15 06:23:00,0.0,0.0,0.0,0,0.0,0.0,inf,0.0,60.0
2019-01-15 06:24:00,2019-01-15 10:39:00,0.15304776346576582,0.13855128966054372,2.541741081067057,6,0.046511627906976744,0.03515625,28.444444444444443,0.3202162244449857,11.377777777777778
2019-01-15 10:40:00,2019-01-15 14:55:00,0.11665847918913463,0.047138179476356734,0.23243399599276016,14,0.10852713178294573,0.0859375,11.636363636363637,0.521348787881081,4.654545454545455
2019-01-15 14:56:00,2019-01-15 19:11:00,0.0021876359667927486,0.006011943586119804,0.0002783288683737405,0,0.0,0.0,inf,0.0,60.0
2019-01-15 19:12:00,2019-01-15 23:27:00,0.0,0.0,0.0,0,0.0,0.0,inf,0.0,60.0
2019-01-15 23:28:00,2019-01-16 03:43:00,0.0,0.0,0.0,0,0.0,0.0,inf,0.0,60.0
2019-01-16 03:44:00,2019-01-16 07:59:00,0.004154920230081271,0.012706764135758579,0.0009249805787692322,0,0.0,0.0,inf,0.0,60.0
2019-01-16 08:00:00,2019-01-16 12:15:00,0.17636919214879454,0.048579360358604946,0.13581670132781065,35,0.2713178294573643,0.17578125,5.688888888888889,0.6637137213044252,2.2755555555555556
2019-01-16 12:16:00,2019-01-16 16:31:00,0.07580211774134868,0.07287140583731513,0.30523865645316056,9,0.06976744186046512,0.05078125,19.692307692307693,0.3972086196377034,7.876923076923077
2019-01-16 16:32:00,2019-01-16 20:47:00,0.0,0.0,0.0,0,0.0,0.0,inf,0.0,60.0
2019-01-16 20:48:00,2019-01-17 01:03:00,0.0,0.0,0.0,0,0.0,0.0,inf,0.0,60.0
2019-01-17 01:04:00,2019-01-17 05:19:00,0.0,0.0,0.0,0,0.0,0.0,inf,0.0,60.0
2019-01-17 05:20:00,2019-01-17 09:35:00,0.0886600978969538,0.11455746697437424,1.8183781997614181,18,0.13953488372093023,0.078125,12.8,0.47221502833108986,5.12
2019-01-17 09:36:00,2019-01-17 13:51:00,0.32397250194469024,0.3428019052176354,5.825213824716033,7,0.05426356589147287,0.04296875,23.272727272727273,0.3044977693275573,9.30909090909091
2019-01-17 13:52:00,2019-01-17 18:07:00,0.028135793103557176,0.04165559963628121,0.11290589771103053,0,0.0,0.0,inf,0.0,60.0
2019-01-17 18:08:00,2019-01-17 22:23:00,0.0,0.0,0.0,0,0.0,0.0,inf,0.0,60.0
2019-01-17 22:24:00,2019-01-18 02:39:00,0.0,0.0,0.0,0,0.0,0.0,inf,0.0,60.0
2019-01-18 02:40:00,2019-01-18 06:55:00,3.960853772032759e-05,0.0004150145874599096,6.752346534612488e-08,0,0.0,0.0,inf,0.0,60.0
2019-01-18 06:56:00,2019-01-18 11:11:00,2.6721977201319618,1.7704387308703045,136.41812861766206,2,0.015503875968992248,0.0078125,128.0,0.15373612291538016,51.2
2019-01-18 11:12:00,2019-01-18 15:27:00,3.254609036660127,1.6069096416419562,156.88395117856982,8,0.06201550387596899,0.03515625,28.444444444444443,0.39015672347421376,11.377777777777778
2019-01-18 15:28:00,2019-01-18 19:43:00,0.0007153161937790952,0.0033963872487288303,2.2971463402403795e-05,0,0.0,0.0,inf,0.0,60.0
2019-01-18 19:44:00,2019-01-18 23:59:00,0.0,0.0,0.0,0,0.0,0.0,inf,0.0,60.0
2019-01-19 00:00:00,2019-01-19 04:15:00,0.0,0.0,0.0,0,0.0,0.0,inf,0.0,60.0
2019-01-19 04:16:00,2019-01-19 08:31:00,0.2088509959321772,0.5057388552108475,2.625340711589624,1,0.007751937984496124,0.00390625,256.0,0.0577705483733101,60.0
2019-01-19 08:32:00,2019-01-19 12:47:00,2.2917376302083334,1.6914467647697675,540.9407481885816,3,0.023255813953488372,0.01171875,85.33333333333333,0.2937381407232923,34.13333333333333
2019-01-19 12:48:00,2019-01-19 17:03:00,0.10942097850178915,0.14677357617735629,0.7525004800460993,2,0.015503875968992248,0.0078125,128.0,0.1527823954043464,51.2
2019-01-19 17:04:00,2019-01-19 21:19:00,0.0,0.0,0.0,0,0.0,0.0,inf,0.0,60.0
2019-01-19 21:20:00,2019-01-20 01:35:00,0.0,0.0,0.0,0,0.0,0.0,inf,0.0,60.0
2019-01-20 01:36:00,2019-01-20 05:51:00,0.0,0.0,0.0,0,0.0,0.0,inf,0.0,60.0
2019-01-20 05:52:00,2019-01-20 10:07:00,1.2960662661412186,1.4958263257327171,129.79291661802813,2,0.015503875968992248,0.0078125,128.0,0.16474649803599864,51.2
2019-01-20 10:08:00,2019-01-20 14:23:00,3.942961165318491,1.277477044181677,139.11615219331003,8,0.06201550387596899,0.03515625,28.444444444444443,0.33894875961012777,11.377777777777778
2019-01-20 14:24:00,2019-01-20 18:39:00,0.14316973694162027,0.34567292732608296,1.2536802684254986,1,0.007751937984496124,0.00390625,256.0,0.051429955385454376,60.0
2019-01-20 18:40:00,2019-01-20 22:55:00,0.0,0.0,0.0,0,0.0,0.0,inf,0.0,60.0
2019-01-20 22:56:00,2019-01-21 03:11:00,1.00886863191796e-05,0.00011385312189765375,2.3104496862635644e-06,0,0.0,0.0,inf,0.0,60.0
2019-01-21 03:12:00,2019-01-21 07:27:00,0.0003504379015112364,0.0007493577630826343,0.0001313811905579999,0,0.0,0.0,inf,0.0,60.0
2019-01-21 07:28:00,2019-01-21 11:43:00,0.27813270388726313,0.2730839546565679,4.846281788699983,11,0.08527131782945736,0.05078125,19.692307692307693,0.4349207779952881,7.876923076923077
2019-01-21 11:44:00,2019-01-21 15:59:00,0.10255129169440322,0.11395285437002502,0.5528540554896646,7,0.05426356589147287,0.02734375,36.57142857142857,0.4393756936828047,14.62857142857143
2019-01-21 16:00:00,2019-01-21 20:15:00,8.450096371376457e-06,9.522774986078946e-05,3.080225505093975e-09,0,0.0,0.0,inf,0.0,60.0
2019-01-21 20:16:00,2019-01-22 00:31:00,0.0,0.0,0.0,0,0.0,0.0,inf,0.0,60.0
2019-01-22 00:32:00,2019-01-22 04:47:00,0.0,0.0,0.0,0,0.0,0.0,inf,0.0,60.0
2019-01-22 04:48:00,2019-01-22 09:03:00,0.04543226192251262,0.066973378152871,0.1651563246200275,0,0.0,0.0,inf,0.0,60.0
2019-01-22 09:04:00,2019-01-22 13:19:00,0.19241664909078,0.03513308211917683,0.11748358531738463,54,0.4186046511627907,0.30078125,3.324675324675325,0.8184046745653876,1.3298701298701299
2019-01-22 13:20:00,2019-01-22 17:35:00,0.04208034914393495,0.0681259400781158,0.12424958090924745,0,0.0,0.0,inf,0.0,60.0
2019-01-22 17:36:00,2019-01-22 21:51:00,0.0,0.0,0.0,0,0.0,0.0,inf,0.0,60.0
2019-01-22 21:52:00,2019-01-23 02:07:00,0.0,0.0,0.0,0,0.0,0.0,inf,0.0,60.0
2019-01-23 02:08:00,2019-01-23 06:23:00,0.0,0.0,0.0,0,0.0,0.0,inf,0.0,60.0
2019-01-23 06:24:00,2019-01-23 10:39:00,1.7295658697616203,1.7529765260510701,154.60141629073652,2,0.015503875968992248,0.0078125,128.0,0.12965565989797173,51.2
2019-01-23 10:40:00,2019-01-23 14:55:00,3.7762477989171024,1.5236808704636706,149.79640601911674,3,0.023255813953488372,0.01171875,85.33333333333333,0.23160539121430518,34.13333333333333
2019-01-23 14:56:00,2019-01-23 19:11:00,0.017468088494922457,0.051623160541681076,0.01644924410755629,0,0.0,0.0,inf,0.0,60.0
2019-01-23 19:12:00,2019-01-23 23:27:00,0.00039188206186144725,0.0009910372509945723,0.00013426555704359924,0,0.0,0.0,inf,0.0,60.0
2019-01-23 23:28:00,2019-01-24 03:43:00,0.0,0.0,0.0,0,0.0,0.0,inf,0.0,60.0
2019-01-24 03:44:00,2019-01-24 07:59:00,0.0065447455291668954,0.01625996107928031,0.002726328363054689,0,0.0,0.0,inf,0.0,60.0
2019-01-24 08:00:00,2019-01-24 12:15:00,0.32081345368790887,0.1407877262878837,2.6364645728678657,4,0.031007751937984496,0.015625,64.0,0.3003576495415479,25.6
2019-01-24 12:16:00,2019-01-24 16:31:00,0.12422262826894097,0.11642972775651725,0.5760927763556263,2,0.015503875968992248,0.0078125,128.0,0.18219137293572593,51.2
2019-01-24 16:32:00,2019-01-24 20:47:00,0.0,0.0,0.0,0,0.0,0.0,inf,0.0,60.0
2019-01-24 20:48:00,2019-01-25 01:03:00,0.0,0.0,0.0,0,0.0,0.0,inf,0.0,60.0
2019-01-25 01:04:00,2019-01-25 05:19:00,0.00031110336697916274,0.0006920319204174991,1.311260271442819e-05,0,0.0,0.0,inf,0.0,60.0
2019-01-25 05:20:00,2019-01-25 09:35:00,0.03616672793035048,0.04208468410462431,0.0855192234594762,0,0.0,0.0,inf,0.0,60.0
2019-01-25 09:36:00,2019-01-25 13:51:00,0.1780150189596095,0.04342095739733368,0.14255979216116016,37,0.2868217054263566,0.23046875,4.338983050847458,0.5152334861715235,1.7355932203389832
2019-01-25 13:52:00,2019-01-25 18:07:00,0.01603650278226973,0.024822102563752495,0.02014930534077193,0,0.0,0.0,inf,0.0,60.0
2019-01-25 18:08:00,2019-01-25 22:23:00,0.0014898758876575862,0.0026325414448508336,0.0006205670060216972,0,0.0,0.0,inf,0.0,60.0
2019-01-25 22:24:00,2019-01-26 02:39:00,0.0003237898138021782,0.000709867274063143,1.1903683683017822e-05,0,0.0,0.0,inf,0.0,60.0
2019-01-26 02:40:00,2019-01-26 06:55:00,0.0014863024037451464,0.0016064510248994194,0.00043766038046228926,0,0.0,0.0,inf,0.0,60.0
2019-01-26 06:56:00,2019-01-26 11:11:00,0.23923753448736707,0.17851296258611016,3.37614509829627,7,0.05426356589147287,0.03515625,28.444444444444443,0.33052304691423273,11.377777777777778
2019-01-26 11:12:00,2019-01-26 15:27:00,0.23760277867077514,0.1345988831170136,2.9361658791415315,8,0.06201550387596899,0.03125,32.0,0.47390598458149685,12.8
2019-01-26 15:28:00,2019-01-26 19:43:00,0.002006457532828614,0.0027009945773935804,0.0001696748340043577,0,0.0,0.0,inf,0.0,60.0
2019-01-26 19:44:00,2019-01-26 23:59:00,0.0,0.0,0.0,0,0.0,0.0,inf,0.0,60.0
2019-01-27 00:00:00,2019-01-27 04:15:00,0.0,0.0,0.0,0,0.0,0.0,inf,0.0,60.0
2019-01-27 04:16:00,2019-01-27 08:31:00,0.00616566880716773,0.012662207846076747,0.0029559576488977705,0,0.0,0.0,inf,0.0,60.0
2019-01-27 08:32:00,2019-01-27 12:47:00,0.14941281719513738,0.04978424505779568,0.10107728956753298,14,0.10852713178294573,0.0625,16.0,0.5687145520255561,6.4
2019-01-27 12:48:00,2019-01-27 17:03:00,0.08486650675544542,0.10290358924107315,0.6344751018368573,2,0.015503875968992248,0.0078125,128.0,0.1599434244902575,51.2
2019-01-27 17:04:00,2019-01-27 21:19:00,0.0,0.0,0.0,0,0.0,0.0,inf,0.0,60.0
2019-01-27 21:20:00,2019-01-28 01:35:00,0.00102250816617528,0.0014264405823274332,0.00022646989460613657,0,0.0,0.0,inf,0.0,60.0
2019-01-28 01:36:00,2019-01-28 05:51:00,0.0010831823781581246,0.0015231974902974333,0.0002568452193299341,0,0.0,0.0,inf,0.0,60.0
2019-01-28 05:52:00,2019-01-28 10:07:00,0.1601034283681295,0.17051556218226538,1.606332182042232,2,0.015503875968992248,0.0078125,128.0,0.11660876345019959,51.2
2019-01-28 10:08:00,2019-01-28 14:23:00,0.3490216457783899,0.08551172311605021,0.9220365108998925,4,0.031007751937984496,0.015625,64.0,0.28937019742241665,25.6
2019-01-28 14:24:00,2019-01-28 18:39:00,0.011810064419937668,0.02680860432310969,0.00955049784352959,0,0.0,0.0,inf,0.0,60.0
2019-01-28 18:40:00,2019-01-28 22:55:00,0.0,0.0,0.0,0,0.0,0.0,inf,0.0,60.0
2019-01-28 22:56:00,2019-01-29 03:11:00,0.0,0.0,0.0,0,0.0,0.0,inf,0.0,60.0
2019-01-29 03:12:00,2019-01-29 07:27:00,0.0036872322539251295,0.010309095982201482,0.0007809144137477212,0,0.0,0.0,inf,0.0,60.0
2019-01-29 07:28:00,2019-01-29 11:43:00,3.669305650196092,1.6641389283918648,93.59044676698797,2,0.015503875968992248,0.0078125,128.0,0.189300678695617,51.2
2019-01-29 11:44:00,2019-01-29 15:59:00,2.156862075153511,2.3735390955969753,390.97310205235453,14,0.10852713178294573,0.0625,16.0,0.3929271546762816,6.4
2019-01-29 16:00:00,2019-01-29 20:15:00,0.0,0.0,0.0,0,0.0,0.0,inf,0.0,60.0
2019-01-29 20:16:00,2019-01-30 00:31:00,0.0,0.0,0.0,0,0.0,0.0,inf,0.0,60.0
2019-01-30 00:32:00,2019-01-30 04:47:00,0.0009137918143145741,0.0014347310631280911,0.00011110877830933997,0,0.0,0.0,inf,0.0,60.0
2019-01-30 04:48:00,2019-01-30 09:03:00,0.32143999915121196,0.5269831905216352,7.52526511037122,2,0.015503875968992248,0.0078125,128.0,0.1450426603846805,51.2
2019-01-30 09:04:00,2019-01-30 13:19:00,2.947053202421171,0.8990609215645139,117.67010353683908,60,0.46511627906976744,0.34765625,2.8764044943820224,0.8326944036762228,1.150561797752809
2019-01-30 13:20:00,2019-01-30 17:35:00,0.1924212511927688,0.295973032403302,1.8039704897869044,1,0.007751937984496124,0.00390625,256.0,0.10392948411690818,60.0
2019-01-30 17:36:00,2019-01-30 21:51:00,0.0009561605375719877,0.001777625537148006,0.0002978915778439658,0,0.0,0.0,inf,0.0,60.0
2019-01-30 21:52:00,2019-01-31 02:07:00,0.0,0.0,0.0,0,0.0,0.0,inf,0.0,60.0
2019-01-31 02:08:00,2019-01-31 06:23:00,0.0,0.0,0.0,0,0.0,0.0,inf,0.0,60.0
2019-01-31 06:24:00,2019-01-31 10:39:00,0.0434734900805286,0.041626876469872294,0.06602827988536233,0,0.0,0.0,inf,0.0,60.0
2019-01-31 10:40:00,2019-01-31 14:55:00,0.10819619535896605,0.0552967163520404,0.44210147522942916,7,0.05426356589147287,0.046875,21.333333333333332,0.43810742844366884,8.533333333333333
2019-01-31 14:56:00,2019-01-31 19:11:00,0.0027620102040211317,0.0054778769509064434,0.0007223039388419436,0,0.0,0.0,inf,0.0,60.0
2019-01-31 19:12:00,2019-01-31 23:27:00,0.0006585102381926038,0.001214630492521883,5.6493285216726995e-05,0,0.0,0.0,inf,0.0,60.0
2019-01-31 23:28:00,2019-02-01 03:43:00,0.0,0.0,0.0,0,0.0,0.0,inf,0.0,60.0
2019-02-01 03:44:00,2019-02-01 07:59:00,0.023251237172231112,0.044029977953408114,0.04213777824957469,0,0.0,0.0,inf,0.0,60.0
2019-02-01 08:00:00,2019-02-01 12:15:00,1.8128184014318058,1.4624165434889627,216.22065900952794,21,0.16279069767441862,0.10546875,9.481481481481481,0.6236363872104647,3.7925925925925927
2019-02-01 12:16:00,2019-02-01 16:31:00,0.2227803821819043,0.2344882026054498,3.7362872119653936,7,0.05426356589147287,0.03125,32.0,0.331628891369974,12.8
2019-02-01 16:32:00,2019-02-01 20:47:00,0.0,0.0,0.0,0,0.0,0.0,inf,0.0,60.0
2019-02-01 20:48:00,2019-02-02 01:03:00,0.0,0.0,0.0,0,0.0,0.0,inf,0.0,60.0
2019-02-02 01:04:00,2019-02-02 05:19:00,0.0,0.0,0.0,0,0.0,0.0,inf,0.0,60.0
2019-02-02 05:20:00,2019-02-02 09:35:00,0.03916784216906306,0.03819502689220638,0.11132557512658095,0,0.0,0.0,inf,0.0,60.0
2019-02-02 09:36:00,2019-02-02 13:51:00,0.14639939554727233,0.046276483308335975,0.18679982309481513,5,0.03875968992248062,0.0234375,42.666666666666664,0.2677891134958042,17.066666666666666
2019-02-02 13:52:00,2019-02-02 18:07:00,0.035720348697243595,0.05207643405498683,0.11043563099230824,0,0.0,0.0,inf,0.0,60.0
2019-02-02 18:08:00,2019-02-02 22:23:00,0.0,0.0,0.0,0,0.0,0.0,inf,0.0,60.0
2019-02-02 22:24:00,2019-02-03 02:39:00,0.0,0.0,0.0,0,0.0,0.0,inf,0.0,60.0
2019-02-03 02:40:00,2019-02-03 06:55:00,4.2304600559314635e-06,6.755502966198793e-05,7.705251035026959e-10,0,0.0,0.0,inf,0.0,60.0
2019-02-03 06:56:00,2019-02-03 11:11:00,0.1331832246495186,0.0796233460586563,0.4328981113101242,10,0.07751937984496124,0.046875,21.333333333333332,0.3599632477104575,8.533333333333333
2019-02-03 11:12:00,2019-02-03 15:27:00,0.2013050472539213,0.10635492280491081,1.043375366751963,23,0.17829457364341086,0.09765625,10.24,0.6446858020035066,4.096
2019-02-03 15:28:00,2019-02-03 19:43:00,0.003108721741812285,0.009144439673181291,0.0005443409360100199,0,0.0,0.0,inf,0.0,60.0
2019-02-03 19:44:00,2019-02-03 23:59:00,0.0,0.0,0.0,0,0.0,0.0,inf,0.0,60.0
2019-02-04 00:00:00,2019-02-04 04:15:00,0.0,0.0,0.0,0,0.0,0.0,inf,0.0,60.0
2019-02-04 04:16:00,2019-02-04 08:31:00,0.35912458267850583,0.8632038961972224,7.840795458431902,1,0.007751937984496124,0.00390625,256.0,0.07771549071109977,60.0
2019-02-04 08:32:00,2019-02-04 12:47:00,0.7119716796875,0.21974183590395527,5.749241523871298,11,0.08527131782945736,0.05859375,17.066666666666666,0.5095090556856313,6.826666666666667
2019-02-04 12:48:00,2019-02-04 17:03:00,0.1005460831134287,0.09275296301383361,0.4847886400828001,2,0.015503875968992248,0.0078125,128.0,0.14935055615711648,51.2
2019-02-04 17:04:00,2019-02-04 21:19:00,0.0,0.0,0.0,0,0.0,0.0,inf,0.0,60.0
2019-02-04 21:20:00,2019-02-05 01:35:00,0.0,0.0,0.0,0,0.0,0.0,inf,0.0,60.0
2019-02-05 01:36:00,2019-02-05 05:51:00,0.0,0.0,0.0,0,0.0,0.0,inf,0.0,60.0
2019-02-05 05:52:00,2019-02-05 10:07:00,0.1473094903635339,0.1324574112263373,0.9043412665405237,8,0.06201550387596899,0.03125,32.0,0.33884756540100835,12.8
2019-02-05 10:08:00,2019-02-05 14:23:00,0.7249589987309853,0.6425197225631442,27.620489038163605,37,0.2868217054263566,0.23046875,4.338983050847458,0.6364177258664998,1.7355932203389832
2019-02-05 14:24:00,2019-02-05 18:39:00,0.032516773766822694,0.05544638850993056,0.07989959060672153,0,0.0,0.0,inf,0.0,60.0
2019-02-05 18:40:00,2019-02-05 22:55:00,0.0,0.0,0.0,0,0.0,0.0,inf,0.0,60.0
2019-02-05 22:56:00,2019-02-06 03:11:00,0.0,0.0,0.0,0,0.0,0.0,inf,0.0,60.0
2019-02-06 03:12:00,2019-02-06 07:27:00,0.004307350614102087,0.010681273981184812,0.0011571163061532374,0,0.0,0.0,inf,0.0,60.0
2019-02-06 07:28:00,2019-02-06 11:43:00,0.13602706837325185,0.0461522590143345,0.19568438371151758,27,0.20930232558139536,0.21875,4.571428571428571,0.5161062728579079,1.8285714285714287
2019-02-06 11:44:00,2019-02-06 15:59:00,0.09044021187647801,0.046867277845200644,0.10214671251241934,6,0.046511627906976744,0.0234375,42.666666666666664,0.32111310711061697,17.066666666666666
2019-02-06 16:00:00,2019-02-06 20:15:00,0.0002521229050399226,0.0006381037371924943,4.9765292463318803e-05,0,0.0,0.0,inf,0.0,60.0
2019-02-06 20:16:00,2019-02-07 00:31:00,0.0,0.0,0.0,0,0.0,0.0,inf,0.0,60.0
2019-02-07 00:32:00,2019-02-07 04:47:00,0.0,0.0,0.0,0,0.0,0.0,inf,0.0,60.0
2019-02-07 04:48:00,2019-02-07 09:03:00,0.041731536976142784,0.057415791993212006,0.10550010615886346,0,0.0,0.0,inf,0.0,60.0
2019-02-07 09:04:00,2019-02-07 13:19:00,0.21947612740134803,0.07302898329966748,0.8714843027850065,13,0.10077519379844961,0.0625,16.0,0.48409830930497394,6.4
2019-02-07 13:20:00,2019-02-07 17:35:00,0.06559467584806822,0.06612607511519217,0.2423336020966891,5,0.03875968992248062,0.0234375,42.666666666666664,0.2456799432455374,17.066666666666666
2019-02-07 17:36:00,2019-02-07 21:51:00,0.0,0.0,0.0,0,0.0,0.0,inf,0.0,60.0
2019-02-07 21:52:00,2019-02-08 02:07:00,0.0,0.0,0.0,0,0.0,0.0,inf,0.0,60.0
2019-02-08 02:08:00,2019-02-08 06:23:00,0.0,0.0,0.0,0,0.0,0.0,inf,0.0,60.0
2019-02-08 06:24:00,2019-02-08 10:39:00,0.5922437308344591,0.8599183012335175,165.24802160951955,12,0.09302325581395349,0.078125,12.8,0.5006473020079572,5.12
2019-02-08 10:40:00,2019-02-08 14:55:00,0.3768342807789693,0.31636473474043275,12.039981987419331,17,0.13178294573643412,0.078125,12.8,0.5274323119520277,5.12
2019-02-08 14:56:00,2019-02-08 19:11:00,0.009219475269478585,0.01927512706881148,0.006946246349312087,0,0.0,0.0,inf,0.0,60.0
2019-02-08 19:12:00,2019-02-08 23:27:00,0.0,0.0,0.0,0,0.0,0.0,inf,0.0,60.0
2019-02-08 23:28:00,2019-02-09 03:43:00,0.0,0.0,0.0,0,0.0,0.0,inf,0.0,60.0
2019-02-09 03:44:00,2019-02-09 07:59:00,0.01930609192085994,0.04666610518285823,0.022931577244846593,0,0.0,0.0,inf,0.0,60.0
2019-02-09 08:00:00,2019-02-09 12:15:00,1.0430225175652983,1.0950073196299686,123.67022079438598,37,0.2868217054263566,0.1640625,6.095238095238095,0.7337656691568843,2.4380952380952383
2019-02-09 12:16:00,2019-02-09 16:31:00,0.4764753344224185,1.030163436738495,8.326470389432222,4,0.031007751937984496,0.01953125,51.2,0.17502805074983854,20.48
2019-02-09 16:32:00,2019-02-09 20:47:00,0.0,0.0,0.0,0,0.0,0.0,inf,0.0,60.0
2019-02-09 20:48:00,2019-02-10 01:03:00,0.0,0.0,0.0,0,0.0,0.0,inf,0.0,60.0
2019-02-10 01:04:00,2019-02-10 05:19:00,0.0,0.0,0.0,0,0.0,0.0,inf,0.0,60.0
2019-02-10 05:20:00,2019-02-10 09:35:00,0.1145352185415677,0.09918126792458809,0.9850770251418923,2,0.015503875968992248,0.0078125,128.0,0.21294213070004084,51.2
2019-02-10 09:36:00,2019-02-10 13:51:00,0.22058517766837288,0.05385580850387722,0.3716708898144165,13,0.10077519379844961,0.0546875,18.285714285714285,0.4837398256885422,7.314285714285715
2019-02-10 13:52:00,2019-02-10 18:07:00,0.03822568430784395,0.056143851765534956,0.07499440984381116,0,0.0,0.0,inf,0.0,60.0
2019-02-10 18:08:00,2019-02-10 22:23:00,0.00018528079263531355,0.0004816865358735648,3.6000523686743365e-06,0,0.0,0.0,inf,0.0,60.0
2019-02-10 22:24:00,2019-02-11 02:39:00,0.0,0.0,0.0,0,0.0,0.0,inf,0.0,60.0
2019-02-11 02:40:00,2019-02-11 06:55:00,0.0010596301475818653,0.00307195877121672,6.498366570972755e-05,0,0.0,0.0,inf,0.0,60.0
2019-02-11 06:56:00,2019-02-11 11:11:00,0.27050485097347254,0.24631488268086543,5.833985059769014,8,0.06201550387596899,0.03125,32.0,0.47214556494895366,12.8
2019-02-11 11:12:00,2019-02-11 15:27:00,3.9646584503851954,1.9180680513512023,279.190846177591,11,0.08527131782945736,0.04296875,23.272727272727273,0.32733993724123367,9.30909090909091
2019-02-11 15:28:00,2019-02-11 19:43:00,0.10450462026748132,0.2894463665279311,0.6129588833621752,1,0.007751937984496124,0.00390625,256.0,0.04844912813787928,60.0
2019-02-11 19:44:00,2019-02-11 23:59:00,0.0,0.0,0.0,0,0.0,0.0,inf,0.0,60.0
2019-02-12 00:00:00,2019-02-12 04:15:00,0.0,0.0,0.0,0,0.0,0.0,inf,0.0,60.0
2019-02-12 04:16:00,2019-02-12 08:31:00,0.34447759171240583,0.7018793848415471,11.462454738215081,5,0.03875968992248062,0.03125,32.0,0.2677647507674761,12.8
2019-02-12 08:32:00,2019-02-12 12:47:00,2.739661328125,1.6241185620106662,251.96100844488657,19,0.14728682170542637,0.078125,12.8,0.5518273584948532,5.12
2019-02-12 12:48:00,2019-02-12 17:03:00,0.32809146177510795,0.30508868601637606,9.177707084518772,5,0.03875968992248062,0.01953125,51.2,0.2799587077458383,20.48
2019-02-12 17:04:00,2019-02-12 21:19:00,0.0,0.0,0.0,0,0.0,0.0,inf,0.0,60.0
2019-02-12 21:20:00,2019-02-13 01:35:00,0.0,0.0,0.0,0,0.0,0.0,inf,0.0,60.0
2019-02-13 01:36:00,2019-02-13 05:51:00,0.0,0.0,0.0,0,0.0,0.0,inf,0.0,60.0
2019-02-13 05:52:00,2019-02-13 10:07:00,0.20581768723196212,0.16544813376470913,0.6845465272887533,1,0.007751937984496124,0.00390625,256.0,0.09625192405846301,60.0
2019-02-13 10:08:00,2019-02-13 14:23:00,2.1097951832964625,1.269543833313316,171.2060247864733,4,0.031007751937984496,0.01953125,51.2,0.286839094957606,20.48
2019-02-13 14:24:00,2019-02-13 18:39:00,0.10191423509499717,0.1841923229741931,0.709920052019476,1,0.007751937984496124,0.00390625,256.0,0.07167538503884714,60.0
2019-02-13 18:40:00,2019-02-13 22:55:00,0.0,0.0,0.0,0,0.0,0.0,inf,0.0,60.0
2019-02-13 22:56:00,2019-02-14 03:11:00,0.0,0.0,0.0,0,0.0,0.0,inf,0.0,60.0
2019-02-14 03:12:00,2019-02-14 07:27:00,0.004264474852830134,0.01057490318564478,0.0011429674910692635,0,0.0,0.0,inf,0.0,60.0
2019-02-14 07:28:00,2019-02-14 11:43:00,0.2623208934180304,0.1882331711448229,6.406818165379236,10,0.07751937984496124,0.0390625,25.6,0.47632445525139394,10.24
2019-02-14 11:44:00,2019-02-14 15:59:00,0.14900883907574652,0.07320003805008213,0.3595471878301784,6,0.046511627906976744,0.02734375,36.57142857142857,0.3121576187954033,14.62857142857143
2019-02-14 16:00:00,2019-02-14 20:15:00,0.00022779327002555466,0.0012658692077504934,2.2789094738981203e-06,0,0.0,0.0,inf,0.0,60.0
2019-02-14 20:16:00,2019-02-15 00:31:00,0.0,0.0,0.0,0,0.0,0.0,inf,0.0,60.0
2019-02-15 00:32:00,2019-02-15 04:47:00,0.0,0.0,0.0,0,0.0,0.0,inf,0.0,60.0
2019-02-15 04:48:00,2019-02-15 09:03:00,0.48391699712973435,0.9236785039694888,13.748580894356216,1,0.007751937984496124,0.00390625,256.0,0.0798049717727466,60.0
2019-02-15 09:04:00,2019-02-15 13:19:00,5.080697807183405,0.7462123110117512,28.504241323602162,2,0.015503875968992248,0.0078125,128.0,0.11645589576481295,51.2
2019-02-15 13:20:00,2019-02-15 17:35:00,2.1185878081326788,1.9232656306408458,211.91762482050441,2,0.015503875968992248,0.0078125,128.0,0.13807479630241207,51.2
2019-02-15 17:36:00,2019-02-15 21:51:00,2.1855899488886508e-05,0.0001551261885211996,7.558763954707945e-06,0,0.0,0.0,inf,0.0,60.0
2019-02-15 21:52:00,2019-02-16 02:07:00,0.0,0.0,0.0,0,0.0,0.0,inf,0.0,60.0
2019-02-16 02:08:00,2019-02-16 06:23:00,0.0006228495781597025,0.0027637880623196114,1.7648161175805877e-05,0,0.0,0.0,inf,0.0,60.0
2019-02-16 06:24:00,2019-02-16 10:39:00,2.95370875948549,1.8538375067267483,140.90412093253812,1,0.007751937984496124,0.00390625,256.0,0.05536732316622064,60.0
2019-02-16 10:40:00,2019-02-16 14:55:00,4.925028645833333,1.2132451323851414,65.4987488260862,2,0.015503875968992248,0.0078125,128.0,0.1798377512758489,51.2
2019-02-16 14:56:00,2019-02-16 19:11:00,0.23202553515435625,0.4883083174403514,3.5229201015123612,1,0.007751937984496124,0.00390625,256.0,0.06069165926734472,60.0
2019-02-16 19:12:00,2019-02-16 23:27:00,0.0,0.0,0.0,0,0.0,0.0,inf,0.0,60.0
2019-02-16 23:28:00,2019-02-17 03:43:00,0.0,0.0,0.0,0,0.0,0.0,inf,0.0,60.0
2019-02-17 03:44:00,2019-02-17 07:59:00,0.03573394778055777,0.05917462749209985,0.09965784207005025,0,0.0,0.0,inf,0.0,60.0
2019-02-17 08:00:00,2019-02-17 12:15:00,0.5856777476448953,0.9507917853547537,7.000565966878877,4,0.031007751937984496,0.015625,64.0,0.1756825321865771,25.6
2019-02-17 12:16:00,2019-02-17 16:31:00,1.6436165865001808,1.7217837474356144,156.1226327229714,3,0.023255813953488372,0.01171875,85.33333333333333,0.1876723832114257,34.13333333333333
2019-02-17 16:32:00,2019-02-17 20:47:00,0.0010392161765165723,0.0019100689410040455,7.321001597011714e-05,0,0.0,0.0,inf,0.0,60.0
2019-02-17 20:48:00,2019-02-18 01:03:00,0.0,0.0,0.0,0,0.0,0.0,inf,0.0,60.0
2019-02-18 01:04:00,2019-02-18 05:19:00,0.0,0.0,0.0,0,0.0,0.0,inf,0.0,60.0
2019-02-18 05:20:00,2019-02-18 09:35:00,1.3335165974972225,1.3875826079148577,90.76630876056784,2,0.015503875968992248,0.0078125,128.0,0.0812872416166239,51.2
2019-02-18 09:36:00,2019-02-18 13:51:00,5.14258359375,0.38055786488861065,8.685397764843188,2,0.015503875968992248,0.0078125,128.0,0.09848792311347282,51.2
2019-02-18 13:52:00,2019-02-18 18:07:00,1.1395429672280806,1.4401429836844788,94.60377742532528,2,0.015503875968992248,0.0078125,128.0,0.13678333406759977,51.2
2019-02-18 18:08:00,2019-02-18 22:23:00,0.001158876616889393,0.002140891420867064,0.0010690731163983023,0,0.0,0.0,inf,0.0,60.0
2019-02-18 22:24:00,2019-02-19 02:39:00,0.0,0.0,0.0,0,0.0,0.0,inf,0.0,60.0
2019-02-19 02:40:00,2019-02-19 06:55:00,0.001138469319543227,0.004037081913465474,6.464635561400495e-05,0,0.0,0.0,inf,0.0,60.0
2019-02-19 06:56:00,2019-02-19 11:11:00,0.4857191209078183,0.6512226618371337,118.40360626282292,23,0.17829457364341086,0.109375,9.142857142857142,0.6217876838532393,3.6571428571428575
2019-02-19 11:12:00,2019-02-19 15:27:00,0.9208736332511078,1.0145398413283897,195.0166950266125,19,0.14728682170542637,0.09375,10.666666666666666,0.5665989179716496,4.266666666666667
2019-02-19 15:28:00,2019-02-19 19:43:00,0.11687024972402835,0.2920741673780209,0.8802489070008156,1,0.007751937984496124,0.00390625,256.0,0.08207472642938334,60.0
2019-02-19 19:44:00,2019-02-19 23:59:00,0.0,0.0,0.0,0,0.0,0.0,inf,0.0,60.0
2019-02-20 00:00:00,2019-02-20 04:15:00,0.0,0.0,0.0,0,0.0,0.0,inf,0.0,60.0
2019-02-20 04:16:00,2019-02-20 08:31:00,0.5635680275711935,0.8727315751366548,23.721306858712982,2,0.015503875968992248,0.0078125,128.0,0.13910834005482367,51.2
2019-02-20 08:32:00,2019-02-20 12:47:00,1.7446425781250001,1.180381842096112,249.87268211352566,24,0.18604651162790697,0.12890625,7.757575757575758,0.5932593510418217,3.103030303030303
2019-02-20 12:48:00,2019-02-20 17:03:00,0.7891091110904128,1.1031048772737633,39.05568304852517,3,0.023255813953488372,0.01171875,85.33333333333333,0.1924571636247226,34.13333333333333
2019-02-20 17:04:00,2019-02-20 21:19:00,0.0,0.0,0.0,0,0.0,0.0,inf,0.0,60.0
2019-02-20 21:20:00,2019-02-21 01:35:00,0.0,0.0,0.0,0,0.0,0.0,inf,0.0,60.0
2019-02-21 01:36:00,2019-02-21 05:51:00,0.0,0.0,0.0,0,0.0,0.0,inf,0.0,60.0
2019-02-21 05:52:00,2019-02-21 10:07:00,0.11630613209588758,0.1118950252089641,0.2051184239853366,8,0.06201550387596899,0.03125,32.0,0.3683910044651,12.8
2019-02-21 10:08:00,2019-02-21 14:23:00,0.43429973769374985,0.31981333106941157,8.196329504906283,14,0.10852713178294573,0.0625,16.0,0.4948393720556904,6.4
2019-02-21 14:24:00,2019-02-21 18:39:00,0.036249678205380664,0.07501956090044906,0.08668798632658438,0,0.0,0.0,inf,0.0,60.0
2019-02-21 18:40:00,2019-02-21 22:55:00,0.0,0.0,0.0,0,0.0,0.0,inf,0.0,60.0
2019-02-21 22:56:00,2019-02-22 03:11:00,0.0,0.0,0.0,0,0.0,0.0,inf,0.0,60.0
2019-02-22 03:12:00,2019-02-22 07:27:00,0.16187032426626044,0.3508554915704038,1.7453701160835748,1,0.007751937984496124,0.00390625,256.0,0.0699851561974366,60.0
2019-02-22 07:28:00,2019-02-22 11:43:00,4.670947395833333,1.551175920085785,88.31384710654957,43,0.3333333333333333,0.28125,3.5555555555555554,0.49147915054868996,1.4222222222222223
2019-02-22 11:44:00,2019-02-22 15:59:00,4.458627451472284,1.9965663320762714,146.0543678608607,37,0.2868217054263566,0.21484375,4.654545454545454,0.5530082244777997,1.8618181818181818
2019-02-22 16:00:00,2019-02-22 20:15:00,0.026003216710333565,0.08357076818014031,0.03519743142772475,0,0.0,0.0,inf,0.0,60.0
2019-02-22 20:16:00,2019-02-23 00:31:00,0.0,0.0,0.0,0,0.0,0.0,inf,0.0,60.0
2019-02-23 00:32:00,2019-02-23 04:47:00,0.0,0.0,0.0,0,0.0,0.0,inf,0.0,60.0
2019-02-23 04:48:00,2019-02-23 09:03:00,0.9118953787698826,1.0687642359623364,53.026145142337036,2,0.015503875968992248,0.0078125,128.0,0.1373986493535996,51.2
2019-02-23 09:04:00,2019-02-23 13:19:00,3.4600557291666663,1.2739531172035445,229.92163965420687,3,0.023255813953488372,0.01953125,51.2,0.26555747300280624,20.48
2019-02-23 13:20:00,2019-02-23 17:35:00,0.8454312267190642,0.8764312950871206,37.72804178831051,9,0.06976744186046512,0.0390625,25.6,0.38272497508348075,10.24
2019-02-23 17:36:00,2019-02-23 21:51:00,0.0,0.0,0.0,0,0.0,0.0,inf,0.0,60.0
2019-02-23 21:52:00,2019-02-24 02:07:00,0.0,0.0,0.0,0,0.0,0.0,inf,0.0,60.0
2019-02-24 02:08:00,2019-02-24 06:23:00,0.0031578588496174098,0.011705749612622916,0.0004781859110660177,0,0.0,0.0,inf,0.0,60.0
2019-02-24 06:24:00,2019-02-24 10:39:00,3.063342867832077,1.9255923074279193,154.65598525577445,2,0.015503875968992248,0.0078125,128.0,0.11984482343548179,51.2
2019-02-24 10:40:00,2019-02-24 14:55:00,4.923431119791667,1.25128310730733,65.66219569202116,17,0.13178294573643412,0.08984375,11.130434782608695,0.4960244747823308,4.452173913043478
2019-02-24 14:56:00,2019-02-24 19:11:00,0.145909167002559,0.2817656402353976,1.3689091833360851,1,0.007751937984496124,0.00390625,256.0,0.05461362805640638,60.0
2019-02-24 19:12:00,2019-02-24 23:27:00,0.0,0.0,0.0,0,0.0,0.0,inf,0.0,60.0
2019-02-24 23:28:00,2019-02-25 03:43:00,3.7306026932136695e-05,0.00021023048314715453,1.8310887724604158e-07,0,0.0,0.0,inf,0.0,60.0
2019-02-25 03:44:00,2019-02-25 07:59:00,0.06774753238509434,0.12439129782962362,0.31041511764026564,1,0.007751937984496124,0.00390625,256.0,0.08074837345174886,60.0
2019-02-25 08:00:00,2019-02-25 12:15:00,3.9725561197916663,1.3721182704824373,153.36253211145709,11,0.08527131782945736,0.0703125,14.222222222222221,0.36900425697947886,5.688888888888889
2019-02-25 12:16:00,2019-02-25 16:31:00,1.0559093021260397,0.9424632501902227,80.20154671737481,23,0.17829457364341086,0.10546875,9.481481481481481,0.5956661308145889,3.7925925925925927
2019-02-25 16:32:00,2019-02-25 20:47:00,0.003129618087942772,0.009135848971131965,0.0005386961737140506,0,0.0,0.0,inf,0.0,60.0
2019-02-25 20:48:00,2019-02-26 01:03:00,0.0,0.0,0.0,0,0.0,0.0,inf,0.0,60.0
2019-02-26 01:04:00,2019-02-26 05:19:00,0.0006985945184062267,0.0010079946635754957,6.676793566283868e-05,0,0.0,0.0,inf,0.0,60.0
2019-02-26 05:20:00,2019-02-26 09:35:00,0.12465933261988042,0.10662711698068762,0.28159926237396415,4,0.031007751937984496,0.02734375,36.57142857142857,0.20660472575126806,14.62857142857143
2019-02-26 09:36:00,2019-02-26 13:51:00,4.0670450520833334,1.895019757542716,216.64910436258936,25,0.1937984496124031,0.12109375,8.258064516129032,0.4625484753885999,3.303225806451613
2019-02-26 13:52:00,2019-02-26 18:07:00,1.3411116072826965,1.5254246584431275,108.28817722856212,2,0.015503875968992248,0.0078125,128.0,0.14530659912586805,51.2
2019-02-26 18:08:00,2019-02-26 22:23:00,0.0,0.0,0.0,0,0.0,0.0,inf,0.0,60.0
2019-02-26 22:24:00,2019-02-27 02:39:00,0.0,0.0,0.0,0,0.0,0.0,inf,0.0,60.0
2019-02-27 02:40:00,2019-02-27 06:55:00,0.045212648376141404,0.11232657276108961,0.12275802425223842,0,0.0,0.0,inf,0.0,60.0
2019-02-27 06:56:00,2019-02-27 11:11:00,3.8774833984375,1.7204528507988317,104.8202602737577,1,0.007751937984496124,0.00390625,256.0,0.05490017125726223,60.0
2019-02-27 11:12:00,2019-02-27 15:27:00,4.947066410629635,1.3790886261426543,54.3573262648571,2,0.015503875968992248,0.0078125,128.0,0.12015358017573108,51.2
2019-02-27 15:28:00,2019-02-27 19:43:00,0.09664836850080162,0.1781470616742048,1.2146217637869898,4,0.031007751937984496,0.015625,64.0,0.25887247768799976,25.6
2019-02-27 19:44:00,2019-02-27 23:59:00,0.0,0.0,0.0,0,0.0,0.0,inf,0.0,60.0
2019-02-28 00:00:00,2019-02-28 04:15:00,0.0,0.0,0.0,0,0.0,0.0,inf,0.0,60.0
2019-02-28 04:16:00,2019-02-28 08:31:00,0.6740248242231309,1.0470615383277069,32.506866102803066,2,0.015503875968992248,0.0078125,128.0,0.09876155820962232,51.2
2019-02-28 08:32:00,2019-02-28 12:47:00,5.724128971354166,0.8524734968562373,25.943796855820644,1,0.007751937984496124,0.00390625,256.0,0.06280344999866183,60.0
2019-02-28 12:48:00,2019-02-28 17:03:00,3.280594529191654,2.2644559234711905,221.4279588510776,4,0.031007751937984496,0.01953125,51.2,0.20620155356807685,20.48
2019-02-28 17:04:00,2019-02-28 21:19:00,0.0,0.0,0.0,0,0.0,0.0,inf,0.0,60.0
2019-02-28 21:20:00,2019-03-01 01:35:00,0.0,0.0,0.0,0,0.0,0.0,inf,0.0,60.0
2019-03-01 01:36:00,2019-03-01 05:51:00,0.0006558233662826735,0.001537526772936919,0.0001463361722515746,0,0.0,0.0,inf,0.0,60.0
2019-03-01 05:52:00,2019-03-01 10:07:00,0.4668873865659737,0.600237996172338,6.776122704552854,3,0.023255813953488372,0.015625,64.0,0.183162091559058,25.6
2019-03-01 10:08:00,2019-03-01 14:23:00,5.105377994791667,1.478961310262877,100.16615673683589,7,0.05426356589147287,0.02734375,36.57142857142857,0.2502762883012617,14.62857142857143
2019-03-01 14:24:00,2019-03-01 18:39:00,0.8923525405958479,1.1919327510744713,71.70712002875524,2,0.015503875968992248,0.0078125,128.0,0.16725106347736132,51.2
2019-03-01 18:40:00,2019-03-01 22:55:00,0.0004259427929655344,0.0013996563543896186,1.1628227240988382e-05,0,0.0,0.0,inf,0.0,60.0
2019-03-01 22:56:00,2019-03-02 03:11:00,0.0,0.0,0.0,0,0.0,0.0,inf,0.0,60.0
2019-03-02 03:12:00,2019-03-02 07:27:00,0.0254029314514319,0.04373363780993723,0.05053577745980907,0,0.0,0.0,inf,0.0,60.0
2019-03-02 07:28:00,2019-03-02 11:43:00,0.3596735598017867,0.1229037849697925,1.3327935609135415,6,0.046511627906976744,0.02734375,36.57142857142857,0.2920519000000874,14.62857142857143
2019-03-02 11:44:00,2019-03-02 15:59:00,0.43810398760910807,0.3097971321044042,12.66675992976935,5,0.03875968992248062,0.01953125,51.2,0.38490020456913565,20.48
2019-03-02 16:00:00,2019-03-02 20:15:00,0.008568462579034982,0.02050084051370303,0.0047034264248468315,0,0.0,0.0,inf,0.0,60.0
2019-03-02 20:16:00,2019-03-03 00:31:00,0.0,0.0,0.0,0,0.0,0.0,inf,0.0,60.0
2019-03-03 00:32:00,2019-03-03 04:47:00,4.5097543740515204e-05,0.00022430099857171038,5.536262573934292e-06,0,0.0,0.0,inf,0.0,60.0
2019-03-03 04:48:00,2019-03-03 09:03:00,0.3768110951869055,0.877377569376761,7.758229847296574,1,0.007751937984496124,0.00390625,256.0,0.10660177927204313,60.0
2019-03-03 09:04:00,2019-03-03 13:19:00,3.292716927083333,1.8205644409633015,308.21014339615004,38,0.29457364341085274,0.20703125,4.830188679245283,0.6979206746414294,1.9320754716981132
2019-03-03 13:20:00,2019-03-03 17:35:00,0.35083659021154995,0.4338694881928354,3.504099560646273,1,0.007751937984496124,0.00390625,256.0,0.10790646328894106,60.0
2019-03-03 17:36:00,2019-03-03 21:51:00,0.0,0.0,0.0,0,0.0,0.0,inf,0.0,60.0
2019-03-03 21:52:00,2019-03-04 02:07:00,0.0,0.0,0.0,0,0.0,0.0,inf,0.0,60.0
2019-03-04 02:08:00,2019-03-04 06:23:00,0.0025285683632729175,0.006305453394660602,0.0004476475689394763,0,0.0,0.0,inf,0.0,60.0
2019-03-04 06:24:00,2019-03-04 10:39:00,0.626146034745443,0.9913902330636716,17.93619991339375,5,0.03875968992248062,0.01953125,51.2,0.2821574079379771,20.48
2019-03-04 10:40:00,2019-03-04 14:55:00,0.23613044187094162,0.5717946856579991,7.923701488999981,8,0.06201550387596899,0.03515625,28.444444444444443,0.34449273211939224,11.377777777777778
2019-03-04 14:56:00,2019-03-04 19:11:00,0.08036166461933224,0.11975039241530208,0.5945036344207604,2,0.015503875968992248,0.0078125,128.0,0.1511808976692112,51.2
2019-03-04 19:12:00,2019-03-04 23:27:00,0.0,0.0,0.0,0,0.0,0.0,inf,0.0,60.0
2019-03-04 23:28:00,2019-03-05 03:43:00,0.0,0.0,0.0,0,0.0,0.0,inf,0.0,60.0
2019-03-05 03:44:00,2019-03-05 07:59:00,0.0464613373870495,0.06644378858841421,0.15800633682319176,0,0.0,0.0,inf,0.0,60.0
2019-03-05 08:00:00,2019-03-05 12:15:00,0.4271863486115248,0.20384745691873968,2.1148639145513695,3,0.023255813953488372,0.015625,64.0,0.23572207662298644,25.6
2019-03-05 12:16:00,2019-03-05 16:31:00,0.4440351497216433,0.3812590524328827,13.395562335528034,26,0.20155038759689922,0.1015625,9.846153846153847,0.6736903421367105,3.9384615384615387
2019-03-05 16:32:00,2019-03-05 20:47:00,0.0038809773812206842,0.012138491458638791,0.0007882826794483853,0,0.0,0.0,inf,0.0,60.0
2019-03-05 20:48:00,2019-03-06 01:03:00,0.0,0.0,0.0,0,0.0,0.0,inf,0.0,60.0
2019-03-06 01:04:00,2019-03-06 05:19:00,5.776525594955246e-06,9.224371646371979e-05,2.0096952463234083e-09,0,0.0,0.0,inf,0.0,60.0
2019-03-06 05:20:00,2019-03-06 09:35:00,0.5156025774878661,0.49739693342471925,20.158618472627445,3,0.023255813953488372,0.01171875,85.33333333333333,0.20850324306603413,34.13333333333333
2019-03-06 09:36:00,2019-03-06 13:51:00,0.8259570963541667,0.35137738681207076,5.479997060597895,2,0.015503875968992248,0.0078125,128.0,0.12642177034161636,51.2
2019-03-06 13:52:00,2019-03-06 18:07:00,0.08883184553980454,0.08840962891061331,0.4487342317624998,2,0.015503875968992248,0.0078125,128.0,0.1495153529193912,51.2
2019-03-06 18:08:00,2019-03-06 22:23:00,0.0,0.0,0.0,0,0.0,0.0,inf,0.0,60.0
2019-03-06 22:24:00,2019-03-07 02:39:00,0.0,0.0,0.0,0,0.0,0.0,inf,0.0,60.0
2019-03-07 02:40:00,2019-03-07 06:55:00,0.016382869396502634,0.037302043102629065,0.01504923968630283,0,0.0,0.0,inf,0.0,60.0
2019-03-07 06:56:00,2019-03-07 11:11:00,0.28971726527774166,0.12253449665390063,1.7159133540261848,7,0.05426356589147287,0.02734375,36.57142857142857,0.43394868484036336,14.62857142857143
2019-03-07 11:12:00,2019-03-07 15:27:00,0.424295696749739,0.3088244389539037,11.316677412974101,14,0.10852713178294573,0.0625,16.0,0.5915909068178707,6.4
2019-03-07 15:28:00,2019-03-07 19:43:00,0.11206673969541626,0.2762776225741072,0.8685465515112988,2,0.015503875968992248,0.0078125,128.0,0.15056871546316067,51.2
2019-03-07 19:44:00,2019-03-07 23:59:00,5.070127400359873e-05,0.0002755986169191445,1.6348231847578455e-05,0,0.0,0.0,inf,0.0,60.0
2019-03-08 00:00:00,2019-03-08 04:15:00,0.0,0.0,0.0,0,0.0,0.0,inf,0.0,60.0
2019-03-08 04:16:00,2019-03-08 08:31:00,0.09882117588012812,0.09309071070474166,0.7566204898523017,7,0.05426356589147287,0.02734375,36.57142857142857,0.35803678201184796,14.62857142857143
2019-03-08 08:32:00,2019-03-08 12:47:00,3.753566666666667,2.5810021215205157,512.1641427782904,39,0.3023255813953488,0.1875,5.333333333333333,0.4905795476188018,2.1333333333333333
2019-03-08 12:48:00,2019-03-08 17:03:00,3.2144024359365435,2.5476714107404392,401.9791742531556,12,0.09302325581395349,0.07421875,13.473684210526315,0.32409554222960324,5.389473684210526
2019-03-08 17:04:00,2019-03-08 21:19:00,0.0002167863946826807,0.0012562918063381394,2.056419313387101e-06,0,0.0,0.0,inf,0.0,60.0
2019-03-08 21:20:00,2019-03-09 01:35:00,0.0,0.0,0.0,0,0.0,0.0,inf,0.0,60.0
2019-03-09 01:36:00,2019-03-09 05:51:00,0.002555058880171103,0.003003728973644889,0.000908170150436619,0,0.0,0.0,inf,0.0,60.0
2019-03-09 05:52:00,2019-03-09 10:07:00,0.8546932875609805,1.3040276486874263,47.10947402512849,5,0.03875968992248062,0.01953125,51.2,0.24030271881564008,20.48
2019-03-09 10:08:00,2019-03-09 14:23:00,3.991968619791667,1.8988726026601517,596.4834145084358,55,0.4263565891472868,0.30078125,3.324675324675325,0.7855239342958819,1.3298701298701299
2019-03-09 14:24:00,2019-03-09 18:39:00,0.9163517970274845,1.2692316289659518,99.83102249787578,3,0.023255813953488372,0.01171875,85.33333333333333,0.22130781665162386,34.13333333333333
2019-03-09 18:40:00,2019-03-09 22:55:00,0.0,0.0,0.0,0,0.0,0.0,inf,0.0,60.0
2019-03-09 22:56:00,2019-03-10 03:11:00,0.0,0.0,0.0,0,0.0,0.0,inf,0.0,60.0
2019-03-10 03:12:00,2019-03-10 07:27:00,0.1661109941620931,0.38901738622536836,1.4588581796217563,1,0.007751937984496124,0.00390625,256.0,0.11535110299769381,60.0
2019-03-10 07:28:00,2019-03-10 11:43:00,3.1309955729166665,1.9719514481361744,344.2629096517273,59,0.4573643410852713,0.36328125,2.752688172043011,0.8263983199354255,1.1010752688172043
2019-03-10 11:44:00,2019-03-10 15:59:00,1.2850605080369668,1.5150743904804194,114.55155700359715,19,0.14728682170542637,0.07421875,13.473684210526315,0.6224245296185411,5.389473684210526
2019-03-10 16:00:00,2019-03-10 20:15:00,0.08902410560326199,0.18857154117710892,0.6043537849296314,2,0.015503875968992248,0.0078125,128.0,0.10639056852115295,51.2
2019-03-10 20:16:00,2019-03-11 00:31:00,0.0,0.0,0.0,0,0.0,0.0,inf,0.0,60.0
2019-03-11 00:32:00,2019-03-11 04:47:00,0.0,0.0,0.0,0,0.0,0.0,inf,0.0,60.0
2019-03-11 04:48:00,2019-03-11 09:03:00,1.0899484569024656,1.080720932898949,45.67096201522486,10,0.07751937984496124,0.05078125,19.692307692307693,0.34688830393661774,7.876923076923077
2019-03-11 09:04:00,2019-03-11 13:19:00,5.486564192708333,1.0959679884376539,183.08481554897787,12,0.09302325581395349,0.05859375,17.066666666666666,0.5504117166991193,6.826666666666667
2019-03-11 13:20:00,2019-03-11 17:35:00,3.1203757854444785,2.211923134204138,197.24292498363337,2,0.015503875968992248,0.0078125,128.0,0.13370381533613754,51.2
2019-03-11 17:36:00,2019-03-11 21:51:00,0.0,0.0,0.0,0,0.0,0.0,inf,0.0,60.0
2019-03-11 21:52:00,2019-03-12 02:07:00,0.0008756303504325192,0.001457726623482822,0.0003765905813780052,0,0.0,0.0,inf,0.0,60.0
2019-03-12 02:08:00,2019-03-12 06:23:00,0.026313478294287998,0.07116991416364424,0.04137814045028186,0,0.0,0.0,inf,0.0,60.0
2019-03-12 06:24:00,2019-03-12 10:39:00,1.2131022135416667,0.4516256855513213,10.418669681430995,35,0.2713178294573643,0.17578125,5.688888888888889,0.6805514464960047,2.2755555555555556
2019-03-12 10:40:00,2019-03-12 14:55:00,1.3919742347256683,1.2552068043877311,87.47241405471102,3,0.023255813953488372,0.02734375,36.57142857142857,0.22465440492197122,14.62857142857143
2019-03-12 14:56:00,2019-03-12 19:11:00,0.05816648431240142,0.07168072991390295,0.2848721907027321,2,0.015503875968992248,0.0078125,128.0,0.12543350816411963,51.2
2019-03-12 19:12:00,2019-03-12 23:27:00,0.0,0.0,0.0,0,0.0,0.0,inf,0.0,60.0
2019-03-12 23:28:00,2019-03-13 03:43:00,0.0,0.0,0.0,0,0.0,0.0,inf,0.0,60.0
2019-03-13 03:44:00,2019-03-13 07:59:00,0.07269127579433857,0.07683842991339702,0.6267869703854021,8,0.06201550387596899,0.046875,21.333333333333332,0.443574964362306,8.533333333333333
2019-03-13 08:00:00,2019-03-13 12:15:00,0.4535003915683331,0.19661251593306886,4.642659546728836,18,0.13953488372093023,0.08984375,11.130434782608695,0.5172804740231522,4.452173913043478
2019-03-13 12:16:00,2019-03-13 16:31:00,0.3199585714580183,0.26281400296279933,3.5481772100793636,7,0.05426356589147287,0.03515625,28.444444444444443,0.31691187077957444,11.377777777777778
2019-03-13 16:32:00,2019-03-13 20:47:00,0.003402244589336243,0.009481091181610639,0.0006688306603241397,0,0.0,0.0,inf,0.0,60.0
2019-03-13 20:48:00,2019-03-14 01:03:00,0.0007268691134748395,0.0014626940808269615,0.00016833690742920534,0,0.0,0.0,inf,0.0,60.0
2019-03-14 01:04:00,2019-03-14 05:19:00,0.0003044894758091122,0.0014510161016075297,4.5184569373889245e-06,0,0.0,0.0,inf,0.0,60.0
2019-03-14 05:20:00,2019-03-14 09:35:00,0.693066215751925,0.8143082120922901,16.07198556752442,16,0.12403100775193798,0.0625,16.0,0.5125755700033328,6.4
2019-03-14 09:36:00,2019-03-14 13:51:00,0.8929581078709734,0.3844171190102364,9.032104520231112,23,0.17829457364341086,0.10546875,9.481481481481481,0.6153483009566818,3.7925925925925927
2019-03-14 13:52:00,2019-03-14 18:07:00,0.1427722318207083,0.14314707797934606,0.7213678909429272,2,0.015503875968992248,0.0078125,128.0,0.13555348307455586,51.2
2019-03-14 18:08:00,2019-03-14 22:23:00,0.0,0.0,0.0,0,0.0,0.0,inf,0.0,60.0
2019-03-14 22:24:00,2019-03-15 02:39:00,0.00012297404870887553,0.00043991345673063796,5.045170447131923e-05,0,0.0,0.0,inf,0.0,60.0
2019-03-15 02:40:00,2019-03-15 06:55:00,0.031679616286942935,0.05945018111975006,0.07149850604145018,0,0.0,0.0,inf,0.0,60.0
2019-03-15 06:56:00,2019-03-15 11:11:00,0.7068158987542805,0.4505328948784097,14.513209685411686,11,0.08527131782945736,0.05859375,17.066666666666666,0.37373480908642853,6.826666666666667
2019-03-15 11:12:00,2019-03-15 15:27:00,0.2669752133647844,0.20842746660648875,1.436720351762107,11,0.08527131782945736,0.04296875,23.272727272727273,0.4491254056158698,9.30909090909091
2019-03-15 15:28:00,2019-03-15 19:43:00,0.030184751844456865,0.05301413572201097,0.09948112012660901,0,0.0,0.0,inf,0.0,60.0
2019-03-15 19:44:00,2019-03-15 23:59:00,0.0,0.0,0.0,0,0.0,0.0,inf,0.0,60.0
2019-03-16 00:00:00,2019-03-16 04:15:00,0.0,0.0,0.0,0,0.0,0.0,inf,0.0,60.0
2019-03-16 04:16:00,2019-03-16 08:31:00,0.3393094499935935,0.5722094521092167,3.578707710310511,3,0.023255813953488372,0.015625,64.0,0.167770800840711,25.6
2019-03-16 08:32:00,2019-03-16 12:47:00,2.13793203125,0.7701165898993705,67.38612132004657,31,0.24031007751937986,0.1875,5.333333333333333,0.5998911141267917,2.1333333333333333
2019-03-16 12:48:00,2019-03-16 17:03:00,0.4127577167495602,0.38158245484079273,5.484124412419043,2,0.015503875968992248,0.0078125,128.0,0.17356358651405093,51.2
2019-03-16 17:04:00,2019-03-16 21:19:00,0.0008375377470234366,0.0017456095472718034,7.754228513203491e-05,0,0.0,0.0,inf,0.0,60.0
2019-03-16 21:20:00,2019-03-17 01:35:00,0.00032405059523936484,0.0009230871156782087,7.120976069554832e-06,0,0.0,0.0,inf,0.0,60.0
2019-03-17 01:36:00,2019-03-17 05:51:00,0.002299080627974872,0.003343864633050151,0.0011092906826045217,0,0.0,0.0,inf,0.0,60.0
2019-03-17 05:52:00,2019-03-17 10:07:00,0.6154023905536664,0.8768359528545623,26.61462126731101,12,0.09302325581395349,0.05078125,19.692307692307693,0.4166001626121002,7.876923076923077
2019-03-17 10:08:00,2019-03-17 14:23:00,4.060126302083333,2.27905975241134,608.3472059153848,53,0.4108527131782946,0.3046875,3.282051282051282,0.7663631281613464,1.3128205128205128
2019-03-17 14:24:00,2019-03-17 18:39:00,0.7340561883665706,1.3216707011991278,41.08941033739596,9,0.06976744186046512,0.0390625,25.6,0.2998714640895238,10.24
2019-03-17 18:40:00,2019-03-17 22:55:00,0.0,0.0,0.0,0,0.0,0.0,inf,0.0,60.0
2019-03-17 22:56:00,2019-03-18 03:11:00,0.0,0.0,0.0,0,0.0,0.0,inf,0.0,60.0
2019-03-18 03:12:00,2019-03-18 07:27:00,0.11634614356792154,0.17571052698612033,0.9030215196727548,3,0.023255813953488372,0.01171875,85.33333333333333,0.17106173934862526,34.13333333333333
2019-03-18 07:28:00,2019-03-18 11:43:00,1.0300567708333332,0.6155608238667427,60.48986573507678,36,0.27906976744186046,0.171875,5.818181818181818,0.6468149953737187,2.3272727272727276
2019-03-18 11:44:00,2019-03-18 15:59:00,0.7150046918967197,0.5357104223501739,12.958179218351844,24,0.18604651162790697,0.1171875,8.533333333333333,0.5141763198203971,3.4133333333333336
2019-03-18 16:00:00,2019-03-18 20:15:00,0.2586518147795973,0.4888071326040606,5.788701254077139,2,0.015503875968992248,0.0078125,128.0,0.13140764688062437,51.2
2019-03-18 20:16:00,2019-03-19 00:31:00,0.0,0.0,0.0,0,0.0,0.0,inf,0.0,60.0
2019-03-19 00:32:00,2019-03-19 04:47:00,0.0,0.0,0.0,0,0.0,0.0,inf,0.0,60.0
2019-03-19 04:48:00,2019-03-19 09:03:00,1.7446533839844676,1.6693520742290138,123.80259043387562,2,0.015503875968992248,0.0078125,128.0,0.07647457711824794,51.2
2019-03-19 09:04:00,2019-03-19 13:19:00,6.4367393880208335,0.7431279779204645,106.89442204151317,74,0.5736434108527132,0.36328125,2.752688172043011,0.895444586368949,1.1010752688172043
2019-03-19 13:20:00,2019-03-19 17:35:00,3.2531915783419216,2.161140505969286,180.21334907093575,2,0.015503875968992248,0.0078125,128.0,0.13810479415431615,51.2
2019-03-19 17:36:00,2019-03-19 21:51:00,0.00013072744388499172,0.0009630066892656865,7.389536106753913e-07,0,0.0,0.0,inf,0.0,60.0
2019-03-19 21:52:00,2019-03-20 02:07:00,0.0007286174056648634,0.0011310330348442857,7.827711298421372e-05,0,0.0,0.0,inf,0.0,60.0
2019-03-20 02:08:00,2019-03-20 06:23:00,0.02376873514823136,0.041207679309696134,0.050083709033286114,0,0.0,0.0,inf,0.0,60.0
2019-03-20 06:24:00,2019-03-20 10:39:00,0.25082688785230944,0.1327935044755361,0.28063154955102043,32,0.24806201550387597,0.18359375,5.446808510638298,0.652260420295623,2.178723404255319
2019-03-20 10:40:00,2019-03-20 14:55:00,0.49978621808743284,0.23722770060968418,4.056325311400296,5,0.03875968992248062,0.01953125,51.2,0.3118987545090014,20.48
2019-03-20 14:56:00,2019-03-20 19:11:00,0.37372450368102345,0.5356959225042854,12.958423602960076,3,0.023255813953488372,0.01171875,85.33333333333333,0.19392952784909726,34.13333333333333
2019-03-20 19:12:00,2019-03-20 23:27:00,0.0,0.0,0.0,0,0.0,0.0,inf,0.0,60.0
2019-03-20 23:28:00,2019-03-21 03:43:00,0.0,0.0,0.0,0,0.0,0.0,inf,0.0,60.0
2019-03-21 03:44:00,2019-03-21 07:59:00,0.0866975950372733,0.12206588945879318,0.36214914699258793,2,0.015503875968992248,0.0078125,128.0,0.14098161069292847,51.2
2019-03-21 08:00:00,2019-03-21 12:15:00,1.1431092447916666,0.853251127777919,98.58945290340158,38,0.29457364341085274,0.1796875,5.565217391304348,0.6652637011365794,2.226086956521739
2019-03-21 12:16:00,2019-03-21 16:31:00,0.773972722374419,0.6173004091340133,76.74221534415719,41,0.3178294573643411,0.21484375,4.654545454545454,0.6686627121559179,1.8618181818181818
2019-03-21 16:32:00,2019-03-21 20:47:00,0.02888523457556054,0.0650782853980358,0.05413991481855843,0,0.0,0.0,inf,0.0,60.0
2019-03-21 20:48:00,2019-03-22 01:03:00,0.0,0.0,0.0,0,0.0,0.0,inf,0.0,60.0
2019-03-22 01:04:00,2019-03-22 05:19:00,0.0009744514076386754,0.0038349949935174224,4.463442172833442e-05,0,0.0,0.0,inf,0.0,60.0
2019-03-22 05:20:00,2019-03-22 09:35:00,0.46576995203821714,0.2566307641771915,2.6834015276311307,5,0.03875968992248062,0.03125,32.0,0.2190587974771526,12.8
2019-03-22 09:36:00,2019-03-22 13:51:00,1.3614036458333334,0.9353011822155052,178.0613648791399,47,0.3643410852713178,0.19921875,5.019607843137255,0.7518624925417862,2.007843137254902
2019-03-22 13:52:00,2019-03-22 18:07:00,0.13564369128971604,0.12097655211760328,0.5685812828341112,3,0.023255813953488372,0.01171875,85.33333333333333,0.19750958833052107,34.13333333333333
2019-03-22 18:08:00,2019-03-22 22:23:00,0.0,0.0,0.0,0,0.0,0.0,inf,0.0,60.0
2019-03-22 22:24:00,2019-03-23 02:39:00,0.0,0.0,0.0,0,0.0,0.0,inf,0.0,60.0
2019-03-23 02:40:00,2019-03-23 06:55:00,0.05540972758248275,0.07399672817393145,0.25552798642457314,2,0.015503875968992248,0.0078125,128.0,0.17649547182250921,51.2
2019-03-23 06:56:00,2019-03-23 11:11:00,1.4934565104166666,1.1743971883090216,56.667501990002215,15,0.11627906976744186,0.0703125,14.222222222222221,0.4619949236952895,5.688888888888889
2019-03-23 11:12:00,2019-03-23 15:27:00,3.3189146484375,1.574341035024119,223.48336164042632,47,0.3643410852713178,0.296875,3.3684210526315788,0.772827237540719,1.3473684210526315
2019-03-23 15:28:00,2019-03-23 19:43:00,0.3694941266131479,0.5695204063077316,10.923200691357673,2,0.015503875968992248,0.0078125,128.0,0.11416358896941117,51.2
2019-03-23 19:44:00,2019-03-23 23:59:00,4.165830319756965e-06,6.652297553865609e-05,7.694957244998434e-10,0,0.0,0.0,inf,0.0,60.0
2019-03-24 00:00:00,2019-03-24 04:15:00,0.00022191765478337606,0.0005907504015704237,5.716505354398751e-06,0,0.0,0.0,inf,0.0,60.0
2019-03-24 04:16:00,2019-03-24 08:31:00,0.2807463059213104,0.2301104305164674,1.6369875544026289,1,0.007751937984496124,0.00390625,256.0,0.10592142957431687,60.0
2019-03-24 08:32:00,2019-03-24 12:47:00,3.93603515625,2.438910611796125,585.444778650671,54,0.4186046511627907,0.26953125,3.710144927536232,0.6979312656005762,1.4840579710144928
2019-03-24 12:48:00,2019-03-24 17:03:00,1.7347817058670927,1.847143131817813,83.17045133858694,27,0.20930232558139536,0.14453125,6.918918918918919,0.6407840533490499,2.7675675675675677
2019-03-24 17:04:00,2019-03-24 21:19:00,0.007462291034554635,0.020440218569261932,0.0031953709913608865,0,0.0,0.0,inf,0.0,60.0
2019-03-24 21:20:00,2019-03-25 01:35:00,0.0008224706201009088,0.001749030096252694,0.0008175475423540449,0,0.0,0.0,inf,0.0,60.0
2019-03-25 01:36:00,2019-03-25 05:51:00,0.008157537952340982,0.02242101907981638,0.003894845859163622,0,0.0,0.0,inf,0.0,60.0
2019-03-25 05:52:00,2019-03-25 10:07:00,0.6888002596354303,0.39221547440621257,18.081140393097684,17,0.13178294573643412,0.07421875,13.473684210526315,0.5392110253770214,5.389473684210526
2019-03-25 10:08:00,2019-03-25 14:23:00,2.3980315755208337,1.9690730993368044,430.6895935743195,35,0.2713178294573643,0.1796875,5.565217391304348,0.6786321906760288,2.226086956521739
2019-03-25 14:24:00,2019-03-25 18:39:00,1.3387195998598034,1.3669087046956714,94.47249869489711,12,0.09302325581395349,0.078125,12.8,0.30869764116774334,5.12
2019-03-25 18:40:00,2019-03-25 22:55:00,9.832267600259784e-05,0.0004760840765829046,4.383581977845128e-07,0,0.0,0.0,inf,0.0,60.0
2019-03-25 22:56:00,2019-03-26 03:11:00,0.0,0.0,0.0,0,0.0,0.0,inf,0.0,60.0
2019-03-26 03:12:00,2019-03-26 07:27:00,0.15261885876528955,0.23791293959822643,1.1516733863197424,2,0.015503875968992248,0.0078125,128.0,0.1191783484773415,51.2
2019-03-26 07:28:00,2019-03-26 11:43:00,2.74262265625,1.5887369685213524,236.1660924074756,16,0.12403100775193798,0.08984375,11.130434782608695,0.4854822958507077,4.452173913043478
2019-03-26 11:44:00,2019-03-26 15:59:00,2.171758203125,1.428651433005638,227.23918537972395,6,0.046511627906976744,0.0234375,42.666666666666664,0.3443881920055585,17.066666666666666
2019-03-26 16:00:00,2019-03-26 20:15:00,0.14503750703547824,0.24211219337643278,2.778985889304708,3,0.023255813953488372,0.01171875,85.33333333333333,0.21923976171839415,34.13333333333333
2019-03-26 20:16:00,2019-03-27 00:31:00,0.000960518224900184,0.002224227600031808,8.1927291753175e-05,0,0.0,0.0,inf,0.0,60.0
2019-03-27 00:32:00,2019-03-27 04:47:00,0.0,0.0,0.0,0,0.0,0.0,inf,0.0,60.0
2019-03-27 04:48:00,2019-03-27 09:03:00,0.3531027499116011,0.35893483756727673,2.647683721641165,7,0.05426356589147287,0.02734375,36.57142857142857,0.22000578398462486,14.62857142857143
2019-03-27 09:04:00,2019-03-27 13:19:00,1.622445377604167,1.2320291681891224,72.07785052946548,13,0.10077519379844961,0.05859375,17.066666666666666,0.40310469187813985,6.826666666666667
2019-03-27 13:20:00,2019-03-27 17:35:00,1.2936467705718724,1.3363407105427756,188.18125632460433,34,0.26356589147286824,0.1796875,5.565217391304348,0.593464753424753,2.226086956521739
2019-03-27 17:36:00,2019-03-27 21:51:00,0.0006668437593699998,0.0025751829803192933,2.1195516372713715e-05,0,0.0,0.0,inf,0.0,60.0
2019-03-27 21:52:00,2019-03-28 02:07:00,0.0,0.0,0.0,0,0.0,0.0,inf,0.0,60.0
2019-03-28 02:08:00,2019-03-28 06:23:00,0.02288837590938219,0.04232335289103829,0.034605888475373284,0,0.0,0.0,inf,0.0,60.0
2019-03-28 06:24:00,2019-03-28 10:39:00,0.5108063825694693,0.28713843937703093,2.3466879673445087,4,0.031007751937984496,0.01953125,51.2,0.1769794852112762,20.48
2019-03-28 10:40:00,2019-03-28 14:55:00,2.6932235753064764,1.5228297477986732,197.7728310934032,32,0.24806201550387597,0.17578125,5.688888888888889,0.5222808551168752,2.2755555555555556
2019-03-28 14:56:00,2019-03-28 19:11:00,1.0681801171975178,1.2629944499167163,75.72689862616679,2,0.015503875968992248,0.0078125,128.0,0.12292338928993098,51.2
2019-03-28 19:12:00,2019-03-28 23:27:00,0.0,0.0,0.0,0,0.0,0.0,inf,0.0,60.0
2019-03-28 23:28:00,2019-03-29 03:43:00,0.0,0.0,0.0,0,0.0,0.0,inf,0.0,60.0
2019-03-29 03:44:00,2019-03-29 07:59:00,0.7334649206815914,0.9574593843844883,27.018663131867676,1,0.007751937984496124,0.00390625,256.0,0.07361215887729246,60.0
2019-03-29 08:00:00,2019-03-29 12:15:00,4.7156023437500005,1.4470310490598643,224.75086547231436,68,0.5271317829457365,0.4453125,2.245614035087719,0.8873027401816106,1.0
2019-03-29 12:16:00,2019-03-29 16:31:00,4.226782329517254,1.6628148723320617,94.74543600181897,30,0.23255813953488372,0.19140625,5.224489795918367,0.4805996989395653,2.089795918367347
2019-03-29 16:32:00,2019-03-29 20:47:00,0.10102376693171469,0.21558413166246285,0.7124650796250136,1,0.007751937984496124,0.00390625,256.0,0.07779442262281464,60.0
2019-03-29 20:48:00,2019-03-30 01:03:00,0.0,0.0,0.0,0,0.0,0.0,inf,0.0,60.0
2019-03-30 01:04:00,2019-03-30 05:19:00,0.010583339687136564,0.0283886681409448,0.006484559763755622,0,0.0,0.0,inf,0.0,60.0
2019-03-30 05:20:00,2019-03-30 09:35:00,2.3796297556375365,1.7748076647973985,132.7093463546565,1,0.007751937984496124,0.00390625,256.0,0.08418463206608724,60.0
2019-03-30 09:36:00,2019-03-30 13:51:00,6.0398333984375,0.4678373004390206,8.902474231370485,2,0.015503875968992248,0.0078125,128.0,0.1310849701704675,51.2
2019-03-30 13:52:00,2019-03-30 18:07:00,1.789946259215347,1.5622035969305819,102.18940871956669,2,0.015503875968992248,0.0078125,128.0,0.11077278415201051,51.2
2019-03-30 18:08:00,2019-03-30 22:23:00,0.0,0.0,0.0,0,0.0,0.0,inf,0.0,60.0
2019-03-30 22:24:00,2019-03-31 02:39:00,0.0,0.0,0.0,0,0.0,0.0,inf,0.0,60.0
2019-03-31 02:40:00,2019-03-31 06:55:00,0.18896288170035885,0.2964515772790019,1.9626499963287762,1,0.007751937984496124,0.00390625,256.0,0.07095405921824709,60.0
2019-03-31 06:56:00,2019-03-31 11:11:00,4.6555247496116925,1.8270628677789116,138.43419776278216,4,0.031007751937984496,0.01953125,51.2,0.22258491668151922,20.48
2019-03-31 11:12:00,2019-03-31 15:27:00,5.982021502796706,1.1500547213610663,94.08713916631297,9,0.06976744186046512,0.03515625,28.444444444444443,0.36105621532454074,11.377777777777778
2019-03-31 15:28:00,2019-03-31 19:43:00,0.7608405666599024,1.1134505581734422,43.10387264166175,2,0.015503875968992248,0.0078125,128.0,0.07848769614745445,51.2
2019-03-31 19:44:00,2019-03-31 23:59:00,0.0,0.0,0.0,0,0.0,0.0,inf,0.0,60.0
2019-04-01 00:00:00,2019-04-01 04:15:00,4.5779817948290645e-05,0.00029805119407779563,9.161978735901309e-08,0,0.0,0.0,inf,0.0,60.0
2019-04-01 04:16:00,2019-04-01 08:31:00,1.2979981150463897,1.3449103919050025,74.51696024391678,2,0.015503875968992248,0.0078125,128.0,0.09214553063317249,51.2
2019-04-01 08:32:00,2019-04-01 12:47:00,6.019445247395833,0.7633240198910599,22.14572054612021,1,0.007751937984496124,0.00390625,256.0,0.06344951777645753,60.0
2019-04-01 12:48:00,2019-04-01 17:03:00,4.12293496534817,1.8502085579670051,108.3213301015452,4,0.031007751937984496,0.015625,64.0,0.1937253669581619,25.6
2019-04-01 17:04:00,2019-04-01 21:19:00,0.044412057783024844,0.12354987380805887,0.11169926942869561,0,0.0,0.0,inf,0.0,60.0
2019-04-01 21:20:00,2019-04-02 01:35:00,0.00014354409510069615,0.00044531199984089475,1.5418841941113832e-06,0,0.0,0.0,inf,0.0,60.0
2019-04-02 01:36:00,2019-04-02 05:51:00,0.04460916952820501,0.07986545282564833,0.1544177232455987,0,0.0,0.0,inf,0.0,60.0
2019-04-02 05:52:00,2019-04-02 10:07:00,3.245461848958333,1.9766505496952338,142.58895080725543,1,0.007751937984496124,0.00390625,256.0,0.05319370245790341,60.0
2019-04-02 10:08:00,2019-04-02 14:23:00,6.516297976239574,0.5196850953348634,11.947693222922046,2,0.015503875968992248,0.0078125,128.0,0.11011903930745423,51.2
2019-04-02 14:24:00,2019-04-02 18:39:00,1.578347093876127,1.7994538048829034,148.521048161294,2,0.015503875968992248,0.0078125,128.0,0.13194450250215375,51.2
2019-04-02 18:40:00,2019-04-02 22:55:00,0.0015491829708580084,0.0028043005162213495,0.0017460404755769553,0,0.0,0.0,inf,0.0,60.0
2019-04-02 22:56:00,2019-04-03 03:11:00,0.0,0.0,0.0,0,0.0,0.0,inf,0.0,60.0
2019-04-03 03:12:00,2019-04-03 07:27:00,0.2459881272201178,0.28495007186799015,2.7329578468597373,2,0.015503875968992248,0.0078125,128.0,0.13748407545026226,51.2
2019-04-03 07:28:00,2019-04-03 11:43:00,3.1517692708333334,1.2513254081453158,137.26326864425468,13,0.10077519379844961,0.0703125,14.222222222222221,0.3979698271764146,5.688888888888889
2019-04-03 11:44:00,2019-04-03 15:59:00,2.456463891332751,0.9334987599782048,85.38469935455322,9,0.06976744186046512,0.04296875,23.272727272727273,0.4189120875933679,9.30909090909091
2019-04-03 16:00:00,2019-04-03 20:15:00,0.10093184692363172,0.1535610185424682,0.8185622771030368,2,0.015503875968992248,0.0078125,128.0,0.10257752109292632,51.2
2019-04-03 20:16:00,2019-04-04 00:31:00,0.0,0.0,0.0,0,0.0,0.0,inf,0.0,60.0
2019-04-04 00:32:00,2019-04-04 04:47:00,0.0024832744498979446,0.008351616344214585,0.0003110601943398346,0,0.0,0.0,inf,0.0,60.0
2019-04-04 04:48:00,2019-04-04 09:03:00,1.5464770383667916,1.324209852516692,89.56559136520151,56,0.43410852713178294,0.265625,3.764705882352941,0.40796284031128077,1.5058823529411764
2019-04-04 09:04:00,2019-04-04 13:19:00,5.2590623820097,0.6312369225162199,58.50595384999478,12,0.09302325581395349,0.05859375,17.066666666666666,0.48765552778708404,6.826666666666667
2019-04-04 13:20:00,2019-04-04 17:35:00,2.6007029450363053,1.6628170147738268,92.41721876225245,2,0.015503875968992248,0.0078125,128.0,0.12395150340093482,51.2
2019-04-04 17:36:00,2019-04-04 21:51:00,0.0036339614678601614,0.011353462595433125,0.0006932402321230625,0,0.0,0.0,inf,0.0,60.0
2019-04-04 21:52:00,2019-04-05 02:07:00,0.0,0.0,0.0,0,0.0,0.0,inf,0.0,60.0
2019-04-05 02:08:00,2019-04-05 06:23:00,0.10284415331913939,0.15087529212977074,0.8323952765871875,2,0.015503875968992248,0.0078125,128.0,0.10427390465877141,51.2
2019-04-05 06:24:00,2019-04-05 10:39:00,3.4238861979166666,1.6054712281673351,98.82124668459664,1,0.007751937984496124,0.00390625,256.0,0.06680662379432452,60.0
2019-04-05 10:40:00,2019-04-05 14:55:00,5.05582084618157,0.9868543016146496,82.93762023060776,18,0.13953488372093023,0.1015625,9.846153846153847,0.42152764925016944,3.9384615384615387
2019-04-05 14:56:00,2019-04-05 19:11:00,0.9502251599028414,1.1345977802890939,53.17264407166602,2,0.015503875968992248,0.0078125,128.0,0.09205162428870492,51.2
2019-04-05 19:12:00,2019-04-05 23:27:00,0.0019955353526335097,0.0017797760518770461,0.00011629480463765587,0,0.0,0.0,inf,0.0,60.0
2019-04-05 23:28:00,2019-04-06 03:43:00,0.0,0.0,0.0,0,0.0,0.0,inf,0.0,60.0
2019-04-06 03:44:00,2019-04-06 07:59:00,0.6924129485192403,0.7983136481171417,20.44100683365782,2,0.015503875968992248,0.0078125,128.0,0.08870942847770995,51.2
2019-04-06 08:00:00,2019-04-06 12:15:00,3.4448736328125005,1.118369814861466,154.29386700701312,8,0.06201550387596899,0.0390625,25.6,0.48658520787173254,10.24
2019-04-06 12:16:00,2019-04-06 16:31:00,3.4891118110217803,1.254946634555163,82.95127177766949,15,0.11627906976744186,0.0625,16.0,0.5746641535488455,6.4
2019-04-06 16:32:00,2019-04-06 20:47:00,0.118462051843861,0.23850947184717317,0.9405024020443123,1,0.007751937984496124,0.00390625,256.0,0.05737960321946827,60.0
2019-04-06 20:48:00,2019-04-07 01:03:00,0.0,0.0,0.0,0,0.0,0.0,inf,0.0,60.0
2019-04-07 01:04:00,2019-04-07 05:19:00,0.02337325073448214,0.05055351276427129,0.03766586012746353,0,0.0,0.0,inf,0.0,60.0
2019-04-07 05:20:00,2019-04-07 09:35:00,2.2331505508664797,1.4860171094916177,105.7100423711445,2,0.015503875968992248,0.0078125,128.0,0.09800092033321105,51.2
2019-04-07 09:36:00,2019-04-07 13:51:00,4.331992187500001,1.2178559163853562,200.69687735594354,29,0.2248062015503876,0.125,8.0,0.6937078383960686,3.2
2019-04-07 13:52:00,2019-04-07 18:07:00,1.3196120517814998,1.205435358815548,121.09206638600695,4,0.031007751937984496,0.015625,64.0,0.28407724152986275,25.6
2019-04-07 18:08:00,2019-04-07 22:23:00,0.0010776496472504006,0.0019487296599269245,0.0008797617647232283,0,0.0,0.0,inf,0.0,60.0
2019-04-07 22:24:00,2019-04-08 02:39:00,0.0,0.0,0.0,0,0.0,0.0,inf,0.0,60.0
2019-04-08 02:40:00,2019-04-08 06:55:00,0.2330158672422566,0.33010544042364626,2.3476431398060487,1,0.007751937984496124,0.00390625,256.0,0.08397643140452125,60.0
2019-04-08 06:56:00,2019-04-08 11:11:00,4.25876875,1.6730048081349123,120.45849170499504,7,0.05426356589147287,0.02734375,36.57142857142857,0.25298506785522834,14.62857142857143
2019-04-08 11:12:00,2019-04-08 15:27:00,3.8920216015050704,1.860411630368925,473.4826996536948,56,0.43410852713178294,0.25,4.0,0.8067371570035545,1.6
2019-04-08 15:28:00,2019-04-08 19:43:00,0.8275375382836718,1.0934807737972954,44.10615631751578,1,0.007751937984496124,0.00390625,256.0,0.07023880545605148,60.0
2019-04-08 19:44:00,2019-04-08 23:59:00,0.0,0.0,0.0,0,0.0,0.0,inf,0.0,60.0
2019-04-09 00:00:00,2019-04-09 04:15:00,0.000479544703898033,0.0021107775255668052,1.0505165995829553e-05,0,0.0,0.0,inf,0.0,60.0
2019-04-09 04:16:00,2019-04-09 08:31:00,1.3667079906985866,1.440550110435209,89.72485526049059,2,0.015503875968992248,0.0078125,128.0,0.15159237518602214,51.2
2019-04-09 08:32:00,2019-04-09 12:47:00,6.2452212890625,0.7476598059094214,23.49301593264989,1,0.007751937984496124,0.00390625,256.0,0.07428640579916633,60.0
2019-04-09 12:48:00,2019-04-09 17:03:00,4.282727360274384,1.7565435737562922,89.02563038829607,7,0.05426356589147287,0.03125,32.0,0.22980919012313136,12.8
2019-04-09 17:04:00,2019-04-09 21:19:00,0.07054020373941791,0.16103316447857946,0.3148523014063481,1,0.007751937984496124,0.00390625,256.0,0.05002946050297383,60.0
2019-04-09 21:20:00,2019-04-10 01:35:00,0.0,0.0,0.0,0,0.0,0.0,inf,0.0,60.0
2019-04-10 01:36:00,2019-04-10 05:51:00,0.06761244775037836,0.10366543970678978,0.383428558312107,2,0.015503875968992248,0.0078125,128.0,0.08929045112786342,51.2
2019-04-10 05:52:00,2019-04-10 10:07:00,3.0377419452194045,1.8435271662586992,139.35145633718474,2,0.015503875968992248,0.0078125,128.0,0.2007739635091779,51.2
2019-04-10 10:08:00,2019-04-10 14:23:00,2.764169596354167,1.9628428308990882,257.7729129909906,38,0.29457364341085274,0.19921875,5.019607843137255,0.7064761520819761,2.007843137254902
2019-04-10 14:24:00,2019-04-10 18:39:00,0.522994556566493,0.7280288962582068,15.99241672991365,18,0.13953488372093023,0.0859375,11.636363636363637,0.41165499396259275,4.654545454545455
2019-04-10 18:40:00,2019-04-10 22:55:00,0.0,0.0,0.0,0,0.0,0.0,inf,0.0,60.0
2019-04-10 22:56:00,2019-04-11 03:11:00,0.0,0.0,0.0,0,0.0,0.0,inf,0.0,60.0
2019-04-11 03:12:00,2019-04-11 07:27:00,0.45698654908346525,0.5636590632591928,11.087149680536067,1,0.007751937984496124,0.00390625,256.0,0.08065284152415905,60.0
2019-04-11 07:28:00,2019-04-11 11:43:00,4.149377604166666,2.0907270485836777,442.31252526193794,29,0.2248062015503876,0.16015625,6.2439024390243905,0.6239560245220456,2.497560975609756
2019-04-11 11:44:00,2019-04-11 15:59:00,4.799543005909374,1.757341641706906,220.4868796038004,19,0.14728682170542637,0.08203125,12.19047619047619,0.47016159598412305,4.876190476190477
2019-04-11 16:00:00,2019-04-11 20:15:00,0.36750374235194033,0.6584366702617552,8.94422451759784,2,0.015503875968992248,0.0078125,128.0,0.1087615049630049,51.2
2019-04-11 20:16:00,2019-04-12 00:31:00,0.0,0.0,0.0,0,0.0,0.0,inf,0.0,60.0
2019-04-12 00:32:00,2019-04-12 04:47:00,0.009417820794621688,0.02573982324808257,0.0050434627024772685,0,0.0,0.0,inf,0.0,60.0
2019-04-12 04:48:00,2019-04-12 09:03:00,1.3742251202291849,1.2579481557012593,59.68899019671619,11,0.08527131782945736,0.05859375,17.066666666666666,0.4163585545379536,6.826666666666667
2019-04-12 09:04:00,2019-04-12 13:19:00,2.9724370442708334,1.8166959729551273,360.07694268520396,56,0.43410852713178294,0.3359375,2.9767441860465116,0.7936908343814815,1.1906976744186046
2019-04-12 13:20:00,2019-04-12 17:35:00,1.7495299261559243,1.611083024868784,159.53895691320022,17,0.13178294573643412,0.07421875,13.473684210526315,0.5610630518173906,5.389473684210526
2019-04-12 17:36:00,2019-04-12 21:51:00,0.01234645959285892,0.0312265721241883,0.009287844863650765,0,0.0,0.0,inf,0.0,60.0
2019-04-12 21:52:00,2019-04-13 02:07:00,0.0,0.0,0.0,0,0.0,0.0,inf,0.0,60.0
2019-04-13 02:08:00,2019-04-13 06:23:00,0.14721175710155232,0.1965983306818455,1.2586262173455303,2,0.015503875968992248,0.0078125,128.0,0.09271639736587614,51.2
2019-04-13 06:24:00,2019-04-13 10:39:00,2.703802065201475,1.40039163508795,242.07102104716023,52,0.40310077519379844,0.2421875,4.129032258064516,0.7776003448886877,1.6516129032258065
2019-04-13 10:40:00,2019-04-13 14:55:00,1.2776063151041668,0.6454864618476924,40.96859626019331,7,0.05426356589147287,0.03125,32.0,0.3808436078158802,12.8
2019-04-13 14:56:00,2019-04-13 19:11:00,0.3137670435435449,0.32896846628214765,2.9101988927867803,2,0.015503875968992248,0.0078125,128.0,0.1312137779586666,51.2
2019-04-13 19:12:00,2019-04-13 23:27:00,0.0,0.0,0.0,0,0.0,0.0,inf,0.0,60.0
2019-04-13 23:28:00,2019-04-14 03:43:00,0.0016357366865278281,0.0022881595840242644,0.0011545929990814598,0,0.0,0.0,inf,0.0,60.0
2019-04-14 03:44:00,2019-04-14 07:59:00,0.9758377741076866,1.0298242923831535,35.38886520601037,1,0.007751937984496124,0.00390625,256.0,0.07022282973558011,60.0
2019-04-14 08:00:00,2019-04-14 12:15:00,5.573264778645834,1.0864722322645413,35.062697873756,1,0.007751937984496124,0.00390625,256.0,0.11253175938608329,60.0
2019-04-14 12:16:00,2019-04-14 16:31:00,3.761949934895833,1.3671154781898915,149.5068271515949,12,0.09302325581395349,0.0625,16.0,0.4414466041558793,6.4
2019-04-14 16:32:00,2019-04-14 20:47:00,0.20795754231382937,0.394837910433401,2.8107134773961246,1,0.007751937984496124,0.00390625,256.0,0.05677262830646587,60.0
2019-04-14 20:48:00,2019-04-15 01:03:00,0.001724607038179559,0.0031101931813396935,0.0005883991348279542,0,0.0,0.0,inf,0.0,60.0
2019-04-15 01:04:00,2019-04-15 05:19:00,0.045459406491937776,0.08189012656177258,0.15917796867742098,0,0.0,0.0,inf,0.0,60.0
2019-04-15 05:20:00,2019-04-15 09:35:00,2.5968628255208337,1.8211419225912635,139.22049521665707,1,0.007751937984496124,0.00390625,256.0,0.061797431412235204,60.0
2019-04-15 09:36:00,2019-04-15 13:51:00,5.6954029296875,1.3910982297324073,351.4520432887389,64,0.49612403100775193,0.2734375,3.657142857142857,0.8677112919252616,1.4628571428571429
2019-04-15 13:52:00,2019-04-15 18:07:00,2.5301838805713617,1.746844478546669,148.57634104671519,21,0.16279069767441862,0.0859375,11.636363636363637,0.35198828836424806,4.654545454545455
2019-04-15 18:08:00,2019-04-15 22:23:00,0.004224065200561294,0.011175393054491988,0.001107588562156304,0,0.0,0.0,inf,0.0,60.0
2019-04-15 22:24:00,2019-04-16 02:39:00,0.0,0.0,0.0,0,0.0,0.0,inf,0.0,60.0
2019-04-16 02:40:00,2019-04-16 06:55:00,0.2191786592020475,0.2443942325330763,1.8844529708311502,1,0.007751937984496124,0.00390625,256.0,0.1050801309942825,60.0
2019-04-16 06:56:00,2019-04-16 11:11:00,3.3558406901041664,1.7138072293517688,249.97755154335124,62,0.4806201550387597,0.37109375,2.694736842105263,0.7912330363931246,1.0778947368421052
2019-04-16 11:12:00,2019-04-16 15:27:00,5.628521028645833,1.0355945188610642,77.7460705549482,3,0.023255813953488372,0.01171875,85.33333333333333,0.2550557023245183,34.13333333333333
2019-04-16 15:28:00,2019-04-16 19:43:00,0.8956200688520681,1.1402491570168822,49.16484363865678,2,0.015503875968992248,0.0078125,128.0,0.0741674855485991,51.2
2019-04-16 19:44:00,2019-04-16 23:59:00,0.0,0.0,0.0,0,0.0,0.0,inf,0.0,60.0
2019-04-17 00:00:00,2019-04-17 04:15:00,0.0028814783256838747,0.009313941703872888,0.00043105543403859533,0,0.0,0.0,inf,0.0,60.0
2019-04-17 04:16:00,2019-04-17 08:31:00,1.3806753079771514,1.3374975760683037,77.1409210068237,2,0.015503875968992248,0.0078125,128.0,0.0755873293950757,51.2
2019-04-17 08:32:00,2019-04-17 12:47:00,5.728734375,0.5743624770361716,12.201546800447169,1,0.007751937984496124,0.00390625,256.0,0.06295112403957298,60.0
2019-04-17 12:48:00,2019-04-17 17:03:00,3.6934599403116275,1.4868695291310685,53.56051690842095,3,0.023255813953488372,0.01171875,85.33333333333333,0.1930509366412597,34.13333333333333
2019-04-17 17:04:00,2019-04-17 21:19:00,0.08065183056204553,0.16180221893285565,0.4323352040025715,1,0.007751937984496124,0.00390625,256.0,0.06752685912240718,60.0
2019-04-17 21:20:00,2019-04-18 01:35:00,0.0006735692590586775,0.0009804155855896932,0.00014663535715942914,0,0.0,0.0,inf,0.0,60.0
2019-04-18 01:36:00,2019-04-18 05:51:00,0.08649624978727487,0.11132337488015931,0.649768900964169,2,0.015503875968992248,0.0078125,128.0,0.10523705661353773,51.2
2019-04-18 05:52:00,2019-04-18 10:07:00,3.2177319661458332,1.798947475256533,118.64125197801766,1,0.007751937984496124,0.00390625,256.0,0.05491427534573327,60.0
2019-04-18 10:08:00,2019-04-18 14:23:00,5.7391265625,0.7013828013779203,16.07304546598696,1,0.007751937984496124,0.00390625,256.0,0.08314344896361804,60.0
2019-04-18 14:24:00,2019-04-18 18:39:00,1.8607057607594846,1.5271424332345338,118.02012518443841,1,0.007751937984496124,0.00390625,256.0,0.06849741498970338,60.0
2019-04-18 18:40:00,2019-04-18 22:55:00,0.001463478859794061,0.0017232023069414138,0.00035135356372217413,0,0.0,0.0,inf,0.0,60.0
2019-04-18 22:56:00,2019-04-19 03:11:00,0.0,0.0,0.0,0,0.0,0.0,inf,0.0,60.0
2019-04-19 03:12:00,2019-04-19 07:27:00,0.5428638224225846,0.6624495307934802,8.215211882489417,1,0.007751937984496124,0.00390625,256.0,0.06917666940179625,60.0
2019-04-19 07:28:00,2019-04-19 11:43:00,4.933370052083333,1.0567847422145287,35.34101197547721,1,0.007751937984496124,0.00390625,256.0,0.0502143355584297,60.0
2019-04-19 11:44:00,2019-04-19 15:59:00,4.864736848958334,1.018353143259504,48.33353934775071,4,0.031007751937984496,0.015625,64.0,0.25657248510491343,25.6
2019-04-19 16:00:00,2019-04-19 20:15:00,0.5140949680136833,0.7546693542659837,16.25141049068924,1,0.007751937984496124,0.00390625,256.0,0.06882724922560601,60.0
2019-04-19 20:16:00,2019-04-20 00:31:00,0.0007637522584448897,0.0013353519808105634,0.0002813292974699524,0,0.0,0.0,inf,0.0,60.0
2019-04-20 00:32:00,2019-04-20 04:47:00,0.019463140752874024,0.042810193890623044,0.026147847869241667,0,0.0,0.0,inf,0.0,60.0
2019-04-20 04:48:00,2019-04-20 09:03:00,1.9038477787435446,1.5559544160959158,91.46274827742202,2,0.015503875968992248,0.0078125,128.0,0.15142032935888475,51.2
2019-04-20 09:04:00,2019-04-20 13:19:00,5.7058742838541665,0.5690518095752125,33.74446000126501,35,0.2713178294573643,0.140625,7.111111111111111,0.6830822148183979,2.8444444444444446
2019-04-20 13:20:00,2019-04-20 17:35:00,3.060302604166667,1.5631689932603623,94.9376265310335,2,0.015503875968992248,0.0078125,128.0,0.10360207219762269,51.2
2019-04-20 17:36:00,2019-04-20 21:51:00,0.029062330946499678,0.062214951896569996,0.055382351475710065,0,0.0,0.0,inf,0.0,60.0
2019-04-20 21:52:00,2019-04-21 02:07:00,0.001556282108416878,0.002290390767042397,0.0006656749968007163,0,0.0,0.0,inf,0.0,60.0
2019-04-21 02:08:00,2019-04-21 06:23:00,0.15558528220308826,0.1712478368706587,1.2577910310546148,2,0.015503875968992248,0.0078125,128.0,0.12154701037420378,51.2
2019-04-21 06:24:00,2019-04-21 10:39:00,3.843744596354166,1.614177652362191,84.77782270635186,1,0.007751937984496124,0.00390625,256.0,0.048751289428283315,60.0
2019-04-21 10:40:00,2019-04-21 14:55:00,5.4677272786458335,0.8744985593921366,59.90452675827322,2,0.015503875968992248,0.0078125,128.0,0.18406644312834744,51.2
2019-04-21 14:56:00,2019-04-21 19:11:00,1.4328231637962436,1.441145038736049,92.69804338088647,2,0.015503875968992248,0.0078125,128.0,0.07183736955078653,51.2
2019-04-21 19:12:00,2019-04-21 23:27:00,0.0009437174277832211,0.0018532234769336154,7.153564554758206e-05,0,0.0,0.0,inf,0.0,60.0
2019-04-21 23:28:00,2019-04-22 03:43:00,0.0017503740528488233,0.0022660063519257725,0.0007304411961162352,0,0.0,0.0,inf,0.0,60.0
2019-04-22 03:44:00,2019-04-22 07:59:00,0.918131434227882,0.9900769104486727,31.29184738646357,2,0.015503875968992248,0.0078125,128.0,0.07569723760684653,51.2
2019-04-22 08:00:00,2019-04-22 12:15:00,5.6652455078125,0.9618544098348526,31.884289316449202,1,0.007751937984496124,0.00390625,256.0,0.05497661555152798,60.0
2019-04-22 12:16:00,2019-04-22 16:31:00,4.642327799479166,1.3713256191629122,43.61634966519741,2,0.015503875968992248,0.01171875,85.33333333333333,0.1185787494030446,34.13333333333333
2019-04-22 16:32:00,2019-04-22 20:47:00,0.26055331385782365,0.445161833370783,3.936795305908801,1,0.007751937984496124,0.00390625,256.0,0.05221071986064031,60.0
2019-04-22 20:48:00,2019-04-23 01:03:00,0.0008371192136967791,0.001668726739749802,7.614929150606652e-05,0,0.0,0.0,inf,0.0,60.0
2019-04-23 01:04:00,2019-04-23 05:19:00,0.05967357132045982,0.09332376526699399,0.3008952233025621,2,0.015503875968992248,0.0078125,128.0,0.09068952406882551,51.2
2019-04-23 05:20:00,2019-04-23 09:35:00,2.58625756836512,1.759092888516032,128.2855443896582,1,0.007751937984496124,0.00390625,256.0,0.060527329001879446,60.0
2019-04-23 09:36:00,2019-04-23 13:51:00,6.098023828125001,0.39205931317664156,9.267394318863172,2,0.015503875968992248,0.0078125,128.0,0.10464543811551648,51.2
2019-04-23 13:52:00,2019-04-23 18:07:00,2.0336872592304247,1.5143431792693054,123.03813059717048,2,0.015503875968992248,0.0078125,128.0,0.08352652673091142,51.2
2019-04-23 18:08:00,2019-04-23 22:23:00,0.004206323043474924,0.010661417617754089,0.0010675574416750334,0,0.0,0.0,inf,0.0,60.0
2019-04-23 22:24:00,2019-04-24 02:39:00,0.000940584115409589,0.0017234529419260518,0.0005247188568628416,0,0.0,0.0,inf,0.0,60.0
2019-04-24 02:40:00,2019-04-24 06:55:00,0.25744823813140394,0.2938976503220109,1.7698273828223405,2,0.015503875968992248,0.01171875,85.33333333333333,0.1584460755739768,34.13333333333333
2019-04-24 06:56:00,2019-04-24 11:11:00,2.8337261067708335,1.1847495584194114,262.92735418228875,9,0.06976744186046512,0.03515625,28.444444444444443,0.44429939009269637,11.377777777777778
2019-04-24 11:12:00,2019-04-24 15:27:00,2.4280595703124996,1.3004095024336517,235.3996950709938,10,0.07751937984496124,0.046875,21.333333333333332,0.38673583637298525,8.533333333333333
2019-04-24 15:28:00,2019-04-24 19:43:00,0.7999498496469807,0.9680223546895632,33.22015824255961,1,0.007751937984496124,0.00390625,256.0,0.0707697839722526,60.0
2019-04-24 19:44:00,2019-04-24 23:59:00,0.0,0.0,0.0,0,0.0,0.0,inf,0.0,60.0
2019-04-25 00:00:00,2019-04-25 04:15:00,0.007021049082122088,0.020455189416673045,0.002684519567716167,0,0.0,0.0,inf,0.0,60.0
2019-04-25 04:16:00,2019-04-25 08:31:00,0.9709119457294353,1.088826389878091,17.177400576862706,6,0.046511627906976744,0.02734375,36.57142857142857,0.39113095711461576,14.62857142857143
2019-04-25 08:32:00,2019-04-25 12:47:00,4.355144986979166,1.4675161090861468,266.49043635618654,36,0.27906976744186046,0.16796875,5.953488372093023,0.7079222083123783,2.3813953488372093
2019-04-25 12:48:00,2019-04-25 17:03:00,3.5919337239583333,1.4418196387012325,49.35042364236091,2,0.015503875968992248,0.0078125,128.0,0.1172688145899781,51.2
2019-04-25 17:04:00,2019-04-25 21:19:00,0.08499391054925931,0.14136180928884307,0.476249529085248,2,0.015503875968992248,0.0078125,128.0,0.09519069285972595,51.2
2019-04-25 21:20:00,2019-04-26 01:35:00,0.0,0.0,0.0,0,0.0,0.0,inf,0.0,60.0
2019-04-26 01:36:00,2019-04-26 05:51:00,0.15083782607616916,0.19911520869015756,1.4984674440030978,1,0.007751937984496124,0.00390625,256.0,0.0821054967770321,60.0
2019-04-26 05:52:00,2019-04-26 10:07:00,2.8457255208333336,1.7570633825503301,168.10761656085896,2,0.015503875968992248,0.0078125,128.0,0.1765124790054996,51.2
2019-04-26 10:08:00,2019-04-26 14:23:00,5.457624388547565,0.5302466222998946,16.68794122462552,23,0.17829457364341086,0.1171875,8.533333333333333,0.3601043322371266,3.4133333333333336
2019-04-26 14:24:00,2019-04-26 18:39:00,1.0643283949020943,1.1356021294022796,40.655526795381434,8,0.06201550387596899,0.04296875,23.272727272727273,0.4129960664245761,9.30909090909091
2019-04-26 18:40:00,2019-04-26 22:55:00,0.0008170276857450735,0.0028511093545527835,3.352570555791476e-05,0,0.0,0.0,inf,0.0,60.0
2019-04-26 22:56:00,2019-04-27 03:11:00,0.0,0.0,0.0,0,0.0,0.0,inf,0.0,60.0
2019-04-27 03:12:00,2019-04-27 07:27:00,0.05190928300510876,0.05615428807529922,0.17168062648606539,3,0.023255813953488372,0.01171875,85.33333333333333,0.24224415666893476,34.13333333333333
2019-04-27 07:28:00,2019-04-27 11:43:00,1.3151914416037065,1.7979585104277143,47.566925815470164,1,0.007751937984496124,0.00390625,256.0,0.06206263778450978,60.0
2019-04-27 11:44:00,2019-04-27 15:59:00,2.8066975911458334,2.2102771636247014,355.5831732217852,5,0.03875968992248062,0.01953125,51.2,0.3105158729897291,20.48
2019-04-27 16:00:00,2019-04-27 20:15:00,0.31552991658383867,0.34654150422284963,7.70836970082359,2,0.015503875968992248,0.0078125,128.0,0.17662443214477472,51.2
2019-04-27 20:16:00,2019-04-28 00:31:00,0.0,0.0,0.0,0,0.0,0.0,inf,0.0,60.0
2019-04-28 00:32:00,2019-04-28 04:47:00,0.020960200448209513,0.046689853449618825,0.029095425140901608,0,0.0,0.0,inf,0.0,60.0
2019-04-28 04:48:00,2019-04-28 09:03:00,1.2921162099772592,0.9946578541449311,24.169808683392073,5,0.03875968992248062,0.0234375,42.666666666666664,0.2167402772531907,17.066666666666666
2019-04-28 09:04:00,2019-04-28 13:19:00,4.3181986328125,1.4045127385104432,286.64934077526027,20,0.15503875968992248,0.09375,10.666666666666666,0.594707241317905,4.266666666666667
2019-04-28 13:20:00,2019-04-28 17:35:00,2.153834505208333,1.3679503342368577,220.8583270075612,30,0.23255813953488372,0.171875,5.818181818181818,0.5800462278061743,2.3272727272727276
2019-04-28 17:36:00,2019-04-28 21:51:00,0.029870830233799755,0.06378464123811489,0.06210288382327411,0,0.0,0.0,inf,0.0,60.0
2019-04-28 21:52:00,2019-04-29 02:07:00,0.0,0.0,0.0,0,0.0,0.0,inf,0.0,60.0
2019-04-29 02:08:00,2019-04-29 06:23:00,0.2203062695012654,0.2366348926028524,3.105078489819202,2,0.015503875968992248,0.0078125,128.0,0.13638343943765793,51.2
2019-04-29 06:24:00,2019-04-29 10:39:00,3.935662718836282,1.618071272408481,92.16685720600378,1,0.007751937984496124,0.00390625,256.0,0.06083383592443236,60.0
2019-04-29 10:40:00,2019-04-29 14:55:00,5.6005458984375,0.6191837702514248,27.9039043076409,2,0.015503875968992248,0.0078125,128.0,0.1835390674215166,51.2
2019-04-29 14:56:00,2019-04-29 19:11:00,1.4559916795442407,1.43276277285418,89.59315305539789,2,0.015503875968992248,0.0078125,128.0,0.0714959643517339,51.2
2019-04-29 19:12:00,2019-04-29 23:27:00,0.0,0.0,0.0,0,0.0,0.0,inf,0.0,60.0
2019-04-29 23:28:00,2019-04-30 03:43:00,0.0025941177935516558,0.00931226394025649,0.00032720741692197523,0,0.0,0.0,inf,0.0,60.0
2019-04-30 03:44:00,2019-04-30 07:59:00,0.8273155835406147,0.7081678611504537,19.237797941626006,2,0.015503875968992248,0.0078125,128.0,0.18531967427607796,51.2
2019-04-30 08:00:00,2019-04-30 12:15:00,3.0780459635416664,1.9333321150254852,436.94160224134936,19,0.14728682170542637,0.1015625,9.846153846153847,0.5533261734563096,3.9384615384615387
2019-04-30 12:16:00,2019-04-30 16:31:00,2.0743176432291666,0.9999617380527996,168.27987188430123,11,0.08527131782945736,0.05859375,17.066666666666666,0.3570062208766707,6.826666666666667
2019-04-30 16:32:00,2019-04-30 20:47:00,0.22458459030925612,0.40199018627375616,2.7052241588263968,1,0.007751937984496124,0.00390625,256.0,0.07493089897327618,60.0
2019-04-30 20:48:00,2019-05-01 01:03:00,0.0,0.0,0.0,0,0.0,0.0,inf,0.0,60.0
2019-05-01 01:04:00,2019-05-01 05:19:00,0.03371083775670465,0.043464415118915155,0.1560788481156378,0,0.0,0.0,inf,0.0,60.0
2019-05-01 05:20:00,2019-05-01 09:35:00,0.3982895479409302,0.14238346005728778,1.3699351057087736,23,0.17829457364341086,0.09765625,10.24,0.6358868297843376,4.096
2019-05-01 09:36:00,2019-05-01 13:51:00,2.2195468098958333,1.3977784730413971,214.27121921105447,48,0.37209302325581395,0.30078125,3.324675324675325,0.7504902980379007,1.3298701298701299
2019-05-01 13:52:00,2019-05-01 18:07:00,1.1753908767064318,0.9965317586938386,66.88840525893768,33,0.2558139534883721,0.1796875,5.565217391304348,0.5584557690619598,2.226086956521739
2019-05-01 18:08:00,2019-05-01 22:23:00,0.009111247260786142,0.02673302589577614,0.0046017249496324904,0,0.0,0.0,inf,0.0,60.0
2019-05-01 22:24:00,2019-05-02 02:39:00,0.0,0.0,0.0,0,0.0,0.0,inf,0.0,60.0
2019-05-02 02:40:00,2019-05-02 06:55:00,0.26088070399741076,0.34982885753083104,2.894984278465967,1,0.007751937984496124,0.00390625,256.0,0.1041198675633292,60.0
2019-05-02 06:56:00,2019-05-02 11:11:00,1.3222419921875,1.0213704353061703,181.21965295376336,26,0.20155038759689922,0.1171875,8.533333333333333,0.6411540565826396,3.4133333333333336
2019-05-02 11:12:00,2019-05-02 15:27:00,1.8623841796875,1.3028555918831335,214.25262617475644,42,0.32558139534883723,0.19140625,5.224489795918367,0.7163686829895222,2.089795918367347
2019-05-02 15:28:00,2019-05-02 19:43:00,0.7754640166009773,0.9311870246816901,37.44820351906643,2,0.015503875968992248,0.0078125,128.0,0.17636470542408403,51.2
2019-05-02 19:44:00,2019-05-02 23:59:00,0.0,0.0,0.0,0,0.0,0.0,inf,0.0,60.0
2019-05-03 00:00:00,2019-05-03 04:15:00,0.019943632925456336,0.041622227334672614,0.028321841872320626,0,0.0,0.0,inf,0.0,60.0
2019-05-03 04:16:00,2019-05-03 08:31:00,1.0276063216809244,1.152038811657642,45.01298248217458,25,0.1937984496124031,0.12109375,8.258064516129032,0.5900281276445444,3.303225806451613
2019-05-03 08:32:00,2019-05-03 12:47:00,3.0407585937499997,1.6667606067314653,291.495366764228,24,0.18604651162790697,0.14453125,6.918918918918919,0.6257875739706588,2.7675675675675677
2019-05-03 12:48:00,2019-05-03 17:03:00,2.05431329053516,1.7787363813363086,277.7535477704936,33,0.2558139534883721,0.1484375,6.7368421052631575,0.6091176558950271,2.694736842105263
2019-05-03 17:04:00,2019-05-03 21:19:00,0.08812953063631436,0.14861047991609097,0.6257963405126014,2,0.015503875968992248,0.0078125,128.0,0.15424244644336066,51.2
2019-05-03 21:20:00,2019-05-04 01:35:00,0.0,0.0,0.0,0,0.0,0.0,inf,0.0,60.0
2019-05-04 01:36:00,2019-05-04 05:51:00,0.07546352550696526,0.07788948434327467,0.6173302119007542,5,0.03875968992248062,0.01953125,51.2,0.3106568824916485,20.48
2019-05-04 05:52:00,2019-05-04 10:07:00,1.7445179808198084,1.477601847649695,207.88706891242364,34,0.26356589147286824,0.16796875,5.953488372093023,0.7127796602489607,2.3813953488372093
2019-05-04 10:08:00,2019-05-04 14:23:00,4.3087898437500005,2.2921928378703416,632.5793782855926,34,0.26356589147286824,0.16015625,6.2439024390243905,0.6762586874448082,2.497560975609756
2019-05-04 14:24:00,2019-05-04 18:39:00,1.913024715655162,1.6192412531539002,136.89930884587568,2,0.015503875968992248,0.0078125,128.0,0.12217888187693615,51.2
2019-05-04 18:40:00,2019-05-04 22:55:00,0.0027909669415762564,0.009389512430299132,0.000391639838712601,0,0.0,0.0,inf,0.0,60.0
2019-05-04 22:56:00,2019-05-05 03:11:00,0.000412571944499545,0.0018225038935914583,7.754034799898815e-06,0,0.0,0.0,inf,0.0,60.0
2019-05-05 03:12:00,2019-05-05 07:27:00,0.6029765778952123,0.6284302590004244,8.156306442935044,2,0.015503875968992248,0.0078125,128.0,0.10046907596649189,51.2
2019-05-05 07:28:00,2019-05-05 11:43:00,4.697034635416667,1.3117108193197309,86.11542691946924,44,0.34108527131782945,0.21875,4.571428571428571,0.5198572334557867,1.8285714285714287
2019-05-05 11:44:00,2019-05-05 15:59:00,2.9283086588541662,1.526984056186284,331.768404959965,41,0.3178294573643411,0.18359375,5.446808510638298,0.7824985170487477,2.178723404255319
2019-05-05 16:00:00,2019-05-05 20:15:00,0.3251681065165087,0.37508395552292384,5.954045574711776,2,0.015503875968992248,0.0078125,128.0,0.1273174309034845,51.2
2019-05-05 20:16:00,2019-05-06 00:31:00,0.0,0.0,0.0,0,0.0,0.0,inf,0.0,60.0
2019-05-06 00:32:00,2019-05-06 04:47:00,0.048482120198117484,0.07595940409893101,0.23712919630657373,0,0.0,0.0,inf,0.0,60.0
2019-05-06 04:48:00,2019-05-06 09:03:00,1.3483156661253746,1.4638644721982788,108.1740918055398,18,0.13953488372093023,0.08984375,11.130434782608695,0.5481938554211923,4.452173913043478
2019-05-06 09:04:00,2019-05-06 13:19:00,4.139600065104166,2.1660610993843807,700.6549564076396,33,0.2558139534883721,0.1640625,6.095238095238095,0.6619482140243562,2.4380952380952383
2019-05-06 13:20:00,2019-05-06 17:35:00,2.3027764322916666,1.4748850146102013,213.22911801180302,45,0.3488372093023256,0.23828125,4.19672131147541,0.6472123184752913,1.678688524590164
2019-05-06 17:36:00,2019-05-06 21:51:00,0.05331497913485124,0.08711031883534658,0.22091139642102006,2,0.015503875968992248,0.0078125,128.0,0.11783056551106601,51.2
2019-05-06 21:52:00,2019-05-07 02:07:00,0.0,0.0,0.0,0,0.0,0.0,inf,0.0,60.0
2019-05-07 02:08:00,2019-05-07 06:23:00,0.2614283688437399,0.2641534734530996,2.348303615540625,6,0.046511627906976744,0.046875,21.333333333333332,0.24655641546545246,8.533333333333333
2019-05-07 06:24:00,2019-05-07 10:39:00,2.4424659505208335,1.5218165940161958,240.8589391967929,72,0.5581395348837209,0.3359375,2.9767441860465116,0.8815206560767237,1.1906976744186046
2019-05-07 10:40:00,2019-05-07 14:55:00,3.1009553385416666,2.1297051436732803,651.0457949740157,42,0.32558139534883723,0.20703125,4.830188679245283,0.7358946724779157,1.9320754716981132
2019-05-07 14:56:00,2019-05-07 19:11:00,1.1663997721771417,1.3265050185170972,71.8859472628714,13,0.10077519379844961,0.06640625,15.058823529411764,0.43250222273697214,6.023529411764706
2019-05-07 19:12:00,2019-05-07 23:27:00,0.0026219513439644524,0.003441301040573602,0.0010654302444550762,0,0.0,0.0,inf,0.0,60.0
2019-05-07 23:28:00,2019-05-08 03:43:00,0.0022809362166302293,0.007048990027472127,0.00027432244628820856,0,0.0,0.0,inf,0.0,60.0
2019-05-08 03:44:00,2019-05-08 07:59:00,0.43100319771739515,0.296420206934817,11.801433568559204,3,0.023255813953488372,0.01171875,85.33333333333333,0.260363328399991,34.13333333333333
2019-05-08 08:00:00,2019-05-08 12:15:00,2.141887630208333,1.430197768167377,260.2904428669136,37,0.2868217054263566,0.17578125,5.688888888888889,0.6953898628529918,2.2755555555555556
2019-05-08 12:16:00,2019-05-08 16:31:00,2.0508971499526143,1.5134401342889443,58.982849235378715,11,0.08527131782945736,0.046875,21.333333333333332,0.3824049679910911,8.533333333333333
2019-05-08 16:32:00,2019-05-08 20:47:00,0.07477811507060608,0.0904288634219918,0.44923180092945914,2,0.015503875968992248,0.0078125,128.0,0.1335864687288939,51.2
2019-05-08 20:48:00,2019-05-09 01:03:00,0.0,0.0,0.0,0,0.0,0.0,inf,0.0,60.0
2019-05-09 01:04:00,2019-05-09 05:19:00,0.024726714165093543,0.03772699888466248,0.03669125060073424,0,0.0,0.0,inf,0.0,60.0
2019-05-09 05:20:00,2019-05-09 09:35:00,0.7953563592030772,0.755715689175238,37.74323635197014,5,0.03875968992248062,0.01953125,51.2,0.29284954837756805,20.48
2019-05-09 09:36:00,2019-05-09 13:51:00,2.2708104817708334,1.4134771024656194,230.12851462695787,37,0.2868217054263566,0.171875,5.818181818181818,0.7203108735836469,2.3272727272727276
2019-05-09 13:52:00,2019-05-09 18:07:00,1.5511849352706821,1.1328650014602444,86.51000555187916,41,0.3178294573643411,0.21484375,4.654545454545454,0.672343398247898,1.8618181818181818
2019-05-09 18:08:00,2019-05-09 22:23:00,0.029559044480487774,0.06586088924990757,0.05826714153302061,0,0.0,0.0,inf,0.0,60.0
2019-05-09 22:24:00,2019-05-10 02:39:00,0.0,0.0,0.0,0,0.0,0.0,inf,0.0,60.0
2019-05-10 02:40:00,2019-05-10 06:55:00,0.5159741046893127,0.48569610079266984,8.065560354950433,5,0.03875968992248062,0.01953125,51.2,0.2838176892782568,20.48
2019-05-10 06:56:00,2019-05-10 11:11:00,0.939127588912541,0.5604097792592007,24.32469309905718,19,0.14728682170542637,0.0859375,11.636363636363637,0.5773164072650643,4.654545454545455
2019-05-10 11:12:00,2019-05-10 15:27:00,1.12757674915744,1.2111939400527822,370.5756294585238,28,0.21705426356589147,0.109375,9.142857142857142,0.6122935869617773,3.6571428571428575
2019-05-10 15:28:00,2019-05-10 19:43:00,0.18771235269980438,0.14202871815403711,0.9531880723271042,3,0.023255813953488372,0.01171875,85.33333333333333,0.20679074751048176,34.13333333333333
2019-05-10 19:44:00,2019-05-10 23:59:00,0.0,0.0,0.0,0,0.0,0.0,inf,0.0,60.0
2019-05-11 00:00:00,2019-05-11 04:15:00,0.0349022755050008,0.0655223770656166,0.09273243523291937,0,0.0,0.0,inf,0.0,60.0
2019-05-11 04:16:00,2019-05-11 08:31:00,1.3021117787753362,1.1759788345108788,72.09452321119366,9,0.06976744186046512,0.04296875,23.272727272727273,0.36317298788022156,9.30909090909091
2019-05-11 08:32:00,2019-05-11 12:47:00,5.427548046875,0.68828972050886,12.859061551025958,25,0.1937984496124031,0.1328125,7.529411764705882,0.30939895773580955,3.011764705882353
2019-05-11 12:48:00,2019-05-11 17:03:00,3.7438280598958333,1.411832707685831,59.37407723978871,1,0.007751937984496124,0.00390625,256.0,0.07345739617161945,60.0
2019-05-11 17:04:00,2019-05-11 21:19:00,0.13769521522067749,0.19934462741229123,1.2295629442310856,2,0.015503875968992248,0.0078125,128.0,0.09302165877178072,51.2
2019-05-11 21:20:00,2019-05-12 01:35:00,0.0,0.0,0.0,0,0.0,0.0,inf,0.0,60.0
2019-05-12 01:36:00,2019-05-12 05:51:00,0.1555531644822108,0.15013355383001403,1.2364177582059,2,0.015503875968992248,0.0078125,128.0,0.12343180489217163,51.2
2019-05-12 05:52:00,2019-05-12 10:07:00,2.195425390625,1.4826534649728602,80.97918505911714,47,0.3643410852713178,0.24609375,4.063492063492063,0.7333331272309525,1.6253968253968254
2019-05-12 10:08:00,2019-05-12 14:23:00,3.7207984374999996,2.207236468387647,693.498346740291,25,0.1937984496124031,0.12890625,7.757575757575758,0.5568753485108151,3.103030303030303
2019-05-12 14:24:00,2019-05-12 18:39:00,1.8997889054730355,1.5272287265114766,104.96071353353908,1,0.007751937984496124,0.00390625,256.0,0.0705224682482408,60.0
2019-05-12 18:40:00,2019-05-12 22:55:00,0.009121731715801992,0.023928361487627912,0.00491491316248925,0,0.0,0.0,inf,0.0,60.0
2019-05-12 22:56:00,2019-05-13 03:11:00,0.0020604914514699684,0.007070453789212633,0.00021103162874837962,0,0.0,0.0,inf,0.0,60.0
2019-05-13 03:12:00,2019-05-13 07:27:00,0.6154899943792067,0.6204750152246268,7.528566804949174,2,0.015503875968992248,0.0078125,128.0,0.14357687059256694,51.2
2019-05-13 07:28:00,2019-05-13 11:43:00,4.870465169270833,1.0686002746206906,35.22760644405895,1,0.007751937984496124,0.00390625,256.0,0.053381821959289394,60.0
2019-05-13 11:44:00,2019-05-13 15:59:00,3.6960914062500003,1.948241071955734,388.45822792424246,45,0.3488372093023256,0.203125,4.923076923076923,0.7655102503892594,1.9692307692307693
2019-05-13 16:00:00,2019-05-13 20:15:00,0.5708512683808742,0.743464261307035,13.229191902597297,1,0.007751937984496124,0.00390625,256.0,0.08089599192517474,60.0
2019-05-13 20:16:00,2019-05-14 00:31:00,0.0,0.0,0.0,0,0.0,0.0,inf,0.0,60.0
2019-05-14 00:32:00,2019-05-14 04:47:00,0.07786761887157957,0.11125511835536189,0.46645855191495433,2,0.015503875968992248,0.0078125,128.0,0.08343061009504142,51.2
2019-05-14 04:48:00,2019-05-14 09:03:00,1.8052905596604658,1.406089452675614,98.57586125859687,2,0.015503875968992248,0.0078125,128.0,0.08634263596037599,51.2
2019-05-14 09:04:00,2019-05-14 13:19:00,5.104905729166667,1.0199617989445253,92.20682157562919,24,0.18604651162790697,0.10546875,9.481481481481481,0.5677120544346982,3.7925925925925927
2019-05-14 13:20:00,2019-05-14 17:35:00,1.2211526041666667,0.46623721058260337,14.119515807988794,9,0.06976744186046512,0.04296875,23.272727272727273,0.4683247236729769,9.30909090909091
2019-05-14 17:36:00,2019-05-14 21:51:00,0.06918083066635963,0.10136543473542481,0.4005283110186731,2,0.015503875968992248,0.0078125,128.0,0.09183395034168704,51.2
2019-05-14 21:52:00,2019-05-15 02:07:00,0.0,0.0,0.0,0,0.0,0.0,inf,0.0,60.0
2019-05-15 02:08:00,2019-05-15 06:23:00,0.22066650916854735,0.17062281528818599,1.0806286490947183,2,0.015503875968992248,0.0078125,128.0,0.18282312040187262,51.2
2019-05-15 06:24:00,2019-05-15 10:39:00,3.4464681640624995,1.5405355055835899,87.1841789100882,25,0.1937984496124031,0.10546875,9.481481481481481,0.4258130053261088,3.7925925925925927
2019-05-15 10:40:00,2019-05-15 14:55:00,4.701317513020834,1.4605606140238694,155.14942250071627,53,0.4108527131782946,0.27734375,3.6056338028169015,0.7836824144066167,1.4422535211267606
2019-05-15 14:56:00,2019-05-15 19:11:00,1.0707154256130453,1.0392462727973095,42.89203978843394,4,0.031007751937984496,0.01953125,51.2,0.2216212204037498,20.48
2019-05-15 19:12:00,2019-05-15 23:27:00,0.002080953884631625,0.006849220475835909,0.00022030348168827524,0,0.0,0.0,inf,0.0,60.0
2019-05-15 23:28:00,2019-05-16 03:43:00,0.01947228659437937,0.04713291053038695,0.024081112896954502,0,0.0,0.0,inf,0.0,60.0
2019-05-16 03:44:00,2019-05-16 07:59:00,0.8285697459905609,0.7311042916852842,13.01547435977214,4,0.031007751937984496,0.01953125,51.2,0.23289682214228577,20.48
2019-05-16 08:00:00,2019-05-16 12:15:00,4.758140885416666,0.7726969856941196,38.9633018218232,30,0.23255813953488372,0.15234375,6.564102564102564,0.6422352177792018,2.6256410256410256
2019-05-16 12:16:00,2019-05-16 16:31:00,3.650103385416667,1.2122364585027026,42.28158442787525,9,0.06976744186046512,0.04296875,23.272727272727273,0.3383998739475298,9.30909090909091
2019-05-16 16:32:00,2019-05-16 20:47:00,0.34417779742575505,0.3954787912683132,3.3670949728993533,1,0.007751937984496124,0.00390625,256.0,0.04547121347065593,60.0
2019-05-16 20:48:00,2019-05-17 01:03:00,0.0017638621400328611,0.0015111643265038617,0.0002948959714179904,0,0.0,0.0,inf,0.0,60.0
2019-05-17 01:04:00,2019-05-17 05:19:00,0.05632131817695771,0.08138605190257177,0.34714377896556425,3,0.023255813953488372,0.01171875,85.33333333333333,0.2004635379580087,34.13333333333333
2019-05-17 05:20:00,2019-05-17 09:35:00,0.4083138305646745,0.21268294592163123,1.1254044503377392,15,0.11627906976744186,0.0625,16.0,0.5589414822438308,6.4
2019-05-17 09:36:00,2019-05-17 13:51:00,0.4296746925188891,0.13780365833203956,0.7589991672771988,34,0.26356589147286824,0.1875,5.333333333333333,0.5569137735262183,2.1333333333333333
2019-05-17 13:52:00,2019-05-17 18:07:00,0.2553963649009727,0.11711090752227683,0.6838443385458028,13,0.10077519379844961,0.0703125,14.222222222222221,0.4961551465515549,5.688888888888889
2019-05-17 18:08:00,2019-05-17 22:23:00,0.008869755466947944,0.01837676206655251,0.005660771099212515,0,0.0,0.0,inf,0.0,60.0
2019-05-17 22:24:00,2019-05-18 02:39:00,0.0,0.0,0.0,0,0.0,0.0,inf,0.0,60.0
2019-05-18 02:40:00,2019-05-18 06:55:00,0.21955577795415432,0.14899461702867522,0.523766938305447,15,0.11627906976744186,0.109375,9.142857142857142,0.3742572560605779,3.6571428571428575
2019-05-18 06:56:00,2019-05-18 11:11:00,2.4103669921875,1.8455938097674744,224.83115190685436,9,0.06976744186046512,0.06640625,15.058823529411764,0.3269323821859037,6.023529411764706
2019-05-18 11:12:00,2019-05-18 15:27:00,4.278617869612274,1.3330185617405559,281.8151491486919,50,0.3875968992248062,0.26953125,3.710144927536232,0.759442613902093,1.4840579710144928
2019-05-18 15:28:00,2019-05-18 19:43:00,0.8726761673468355,0.9394869076678565,31.26997837033498,2,0.015503875968992248,0.0078125,128.0,0.08018860380323536,51.2
2019-05-18 19:44:00,2019-05-18 23:59:00,7.997501302489476e-06,0.00012770985438190273,2.7502811645827977e-09,0,0.0,0.0,inf,0.0,60.0
2019-05-19 00:00:00,2019-05-19 04:15:00,0.02707234259038163,0.050179844119713546,0.05343817768210242,0,0.0,0.0,inf,0.0,60.0
2019-05-19 04:16:00,2019-05-19 08:31:00,0.9740246161647594,1.0168126026821172,16.578632166576213,5,0.03875968992248062,0.01953125,51.2,0.24415174938834935,20.48
2019-05-19 08:32:00,2019-05-19 12:47:00,3.4532681640625,1.2960051981675182,235.44069043331595,43,0.3333333333333333,0.2109375,4.7407407407407405,0.7429523803475888,1.8962962962962964
2019-05-19 12:48:00,2019-05-19 17:03:00,2.9372264322916664,1.4192320303327528,167.01515956236602,27,0.20930232558139536,0.1171875,8.533333333333333,0.6766429392995266,3.4133333333333336
2019-05-19 17:04:00,2019-05-19 21:19:00,0.15928033167348515,0.2454711284139333,1.3560498184914338,1,0.007751937984496124,0.00390625,256.0,0.08366067470048927,60.0
2019-05-19 21:20:00,2019-05-20 01:35:00,0.0,0.0,0.0,0,0.0,0.0,inf,0.0,60.0
2019-05-20 01:36:00,2019-05-20 05:51:00,0.13049675118331175,0.16905030256572867,1.0584214694569785,2,0.015503875968992248,0.0078125,128.0,0.1087963090759757,51.2
2019-05-20 05:52:00,2019-05-20 10:07:00,0.8695033044498863,0.5633799447191931,21.481066699175717,4,0.031007751937984496,0.015625,64.0,0.2428016663775131,25.6
2019-05-20 10:08:00,2019-05-20 14:23:00,4.572455794270834,1.089392789030337,144.90786553750812,52,0.40310077519379844,0.234375,4.266666666666667,0.7919682887250984,1.7066666666666668
2019-05-20 14:24:00,2019-05-20 18:39:00,1.792293027964186,1.2711883157001185,64.38189096301704,1,0.007751937984496124,0.00390625,256.0,0.10081865835563537,60.0
2019-05-20 18:40:00,2019-05-20 22:55:00,0.021085759736042615,0.04816335810434967,0.02953499690614361,0,0.0,0.0,inf,0.0,60.0
2019-05-20 22:56:00,2019-05-21 03:11:00,0.0010111482274221028,0.00577853741723526,4.49300953115222e-05,0,0.0,0.0,inf,0.0,60.0
2019-05-21 03:12:00,2019-05-21 07:27:00,0.45394554135830634,0.41651260502226417,8.588709428791537,4,0.031007751937984496,0.015625,64.0,0.2544816872679129,25.6
2019-05-21 07:28:00,2019-05-21 11:43:00,0.9982738932291666,0.5561702704494802,30.850222554036833,11,0.08527131782945736,0.046875,21.333333333333332,0.4824192882460342,8.533333333333333
2019-05-21 11:44:00,2019-05-21 15:59:00,0.9895834526929606,0.6801202171119488,74.39025677775717,9,0.06976744186046512,0.04296875,23.272727272727273,0.4792126786465461,9.30909090909091
2019-05-21 16:00:00,2019-05-21 20:15:00,0.044052366602012935,0.0463667827197015,0.027847314029128756,0,0.0,0.0,inf,0.0,60.0
2019-05-21 20:16:00,2019-05-22 00:31:00,0.0,0.0,0.0,0,0.0,0.0,inf,0.0,60.0
2019-05-22 00:32:00,2019-05-22 04:47:00,0.05796956210589755,0.07906597692781638,0.2647526418663045,2,0.015503875968992248,0.0078125,128.0,0.10780332508346424,51.2
2019-05-22 04:48:00,2019-05-22 09:03:00,0.34118882792040217,0.12243447550943311,2.140922967236281,9,0.06976744186046512,0.03515625,28.444444444444443,0.4800805363834841,11.377777777777778
2019-05-22 09:04:00,2019-05-22 13:19:00,0.5929239583333332,0.13413554677988693,1.1607519995320685,15,0.11627906976744186,0.07421875,13.473684210526315,0.49914316878191833,5.389473684210526
2019-05-22 13:20:00,2019-05-22 17:35:00,0.34906121026616477,0.1484225460325245,1.1559238109747256,10,0.07751937984496124,0.05078125,19.692307692307693,0.3979677416922666,7.876923076923077
2019-05-22 17:36:00,2019-05-22 21:51:00,0.0705409001960451,0.09733366268325949,0.3556058469795643,2,0.015503875968992248,0.0078125,128.0,0.09241515063900267,51.2
2019-05-22 21:52:00,2019-05-23 02:07:00,0.0,0.0,0.0,0,0.0,0.0,inf,0.0,60.0
2019-05-23 02:08:00,2019-05-23 06:23:00,0.31939889618206574,0.2640785205789891,1.2457430314209728,2,0.015503875968992248,0.01171875,85.33333333333333,0.1790542427890513,34.13333333333333
2019-05-23 06:24:00,2019-05-23 10:39:00,3.531279361979167,1.4068370968259662,68.48680759614712,1,0.007751937984496124,0.00390625,256.0,0.10270481596594992,60.0
2019-05-23 10:40:00,2019-05-23 14:55:00,4.9248352864583325,0.9181206564066499,37.43389770787519,34,0.26356589147286824,0.18359375,5.446808510638298,0.4326848449619374,2.178723404255319
2019-05-23 14:56:00,2019-05-23 19:11:00,1.2493211806852516,1.066680679702525,37.853476244447734,4,0.031007751937984496,0.015625,64.0,0.20696312590556112,25.6
2019-05-23 19:12:00,2019-05-23 23:27:00,0.00400157029436748,0.012025902051354944,0.0008596853732710236,0,0.0,0.0,inf,0.0,60.0
2019-05-23 23:28:00,2019-05-24 03:43:00,0.019138150146440512,0.03938671170451726,0.026096821734442017,0,0.0,0.0,inf,0.0,60.0
2019-05-24 03:44:00,2019-05-24 07:59:00,0.916302272548769,0.8451385499483662,25.71854050832358,2,0.015503875968992248,0.0078125,128.0,0.08139371476750204,51.2
2019-05-24 08:00:00,2019-05-24 12:15:00,2.51326015625,1.2682073411840913,126.73965014459203,29,0.2248062015503876,0.13671875,7.314285714285714,0.5409185307111748,2.9257142857142857
2019-05-24 12:16:00,2019-05-24 16:31:00,0.7152196821041628,0.6652398894217587,12.656561571672748,9,0.06976744186046512,0.03515625,28.444444444444443,0.4654873038755756,11.377777777777778
2019-05-24 16:32:00,2019-05-24 20:47:00,0.32118177726893576,0.4560101851171145,5.234644872169107,2,0.015503875968992248,0.0078125,128.0,0.12586770463920496,51.2
2019-05-24 20:48:00,2019-05-25 01:03:00,0.0,0.0,0.0,0,0.0,0.0,inf,0.0,60.0
2019-05-25 01:04:00,2019-05-25 05:19:00,0.13038788604604662,0.1546238563183005,0.9426703018994638,2,0.015503875968992248,0.0078125,128.0,0.10467512555554787,51.2
2019-05-25 05:20:00,2019-05-25 09:35:00,1.5987025390625,1.0127679632706417,122.33957690670371,27,0.20930232558139536,0.15625,6.4,0.6025867811649116,2.56
2019-05-25 09:36:00,2019-05-25 13:51:00,4.009082031249999,1.747405273766239,389.99422412564695,58,0.4496124031007752,0.26171875,3.8208955223880596,0.8014527283408733,1.528358208955224
2019-05-25 13:52:00,2019-05-25 18:07:00,2.363246200204393,1.6338308977267353,165.9097706782053,3,0.023255813953488372,0.015625,64.0,0.24293800621859352,25.6
2019-05-25 18:08:00,2019-05-25 22:23:00,0.025211604095635227,0.04775364338056683,0.05227377632708591,0,0.0,0.0,inf,0.0,60.0
2019-05-25 22:24:00,2019-05-26 02:39:00,6.103260057626071e-06,9.746124742382747e-05,1.6017406832335928e-09,0,0.0,0.0,inf,0.0,60.0
2019-05-26 02:40:00,2019-05-26 06:55:00,0.20400991423472875,0.1562457983749439,0.6784493661215467,11,0.08527131782945736,0.05078125,19.692307692307693,0.4817870108778141,7.876923076923077
2019-05-26 06:56:00,2019-05-26 11:11:00,0.5334359850499878,0.3747301617453346,6.460974779209745,17,0.13178294573643412,0.08203125,12.19047619047619,0.563279037680482,4.876190476190477
2019-05-26 11:12:00,2019-05-26 15:27:00,1.6031600911458335,0.9703442159253193,164.70446951092651,50,0.3875968992248062,0.23828125,4.19672131147541,0.6788511722292992,1.678688524590164
2019-05-26 15:28:00,2019-05-26 19:43:00,0.1742466983616488,0.1715987854823211,0.6352667909898525,8,0.06201550387596899,0.0390625,25.6,0.40486542568756156,10.24
2019-05-26 19:44:00,2019-05-26 23:59:00,0.0,0.0,0.0,0,0.0,0.0,inf,0.0,60.0
2019-05-27 00:00:00,2019-05-27 04:15:00,0.013132934587474183,0.018690385533972412,0.015119810044141844,0,0.0,0.0,inf,0.0,60.0
2019-05-27 04:16:00,2019-05-27 08:31:00,0.6202509987346774,0.42804515016996725,21.090010857278497,6,0.046511627906976744,0.02734375,36.57142857142857,0.34376801768931514,14.62857142857143
2019-05-27 08:32:00,2019-05-27 12:47:00,2.3779405598958334,1.4696484030746264,318.539784265039,45,0.3488372093023256,0.2265625,4.413793103448276,0.7831325453945099,1.7655172413793105
2019-05-27 12:48:00,2019-05-27 17:03:00,1.6771500000000001,0.9677993931692853,186.5595297358615,18,0.13953488372093023,0.07421875,13.473684210526315,0.6304902916790334,5.389473684210526
2019-05-27 17:04:00,2019-05-27 21:19:00,0.20899803282264193,0.27181624499170637,2.5615559043173977,2,0.015503875968992248,0.0078125,128.0,0.15992178861091083,51.2
2019-05-27 21:20:00,2019-05-28 01:35:00,0.0,0.0,0.0,0,0.0,0.0,inf,0.0,60.0
2019-05-28 01:36:00,2019-05-28 05:51:00,0.1338744879600856,0.10338441203479576,0.8640186800906918,4,0.031007751937984496,0.015625,64.0,0.3057108478553266,25.6
2019-05-28 05:52:00,2019-05-28 10:07:00,1.5554271484375,0.9674944980675378,134.3340424112066,38,0.29457364341085274,0.20703125,4.830188679245283,0.6793344108357384,1.9320754716981132
2019-05-28 10:08:00,2019-05-28 14:23:00,3.2138592447916667,1.6476667140391452,412.03899687239107,58,0.4496124031007752,0.30078125,3.324675324675325,0.8070051497261077,1.3298701298701299
2019-05-28 14:24:00,2019-05-28 18:39:00,1.5687900017092902,1.2827382691068459,106.57670650027472,26,0.20155038759689922,0.140625,7.111111111111111,0.42474486077485374,2.8444444444444446
2019-05-28 18:40:00,2019-05-28 22:55:00,0.02871489112084258,0.06173323942780863,0.05698241923491788,0,0.0,0.0,inf,0.0,60.0
2019-05-28 22:56:00,2019-05-29 03:11:00,0.009444657272246988,0.02286270017137538,0.005593323168361622,0,0.0,0.0,inf,0.0,60.0
2019-05-29 03:12:00,2019-05-29 07:27:00,0.6536553569199455,0.5930013612070576,8.48195690087141,2,0.015503875968992248,0.0078125,128.0,0.1452791304186466,51.2
2019-05-29 07:28:00,2019-05-29 11:43:00,4.209124544270834,1.789338767316215,302.43903045294525,47,0.3643410852713178,0.234375,4.266666666666667,0.7966047992976114,1.7066666666666668
2019-05-29 11:44:00,2019-05-29 15:59:00,3.5078457777637815,2.050283056376662,417.350155109704,39,0.3023255813953488,0.1953125,5.12,0.6812806378910107,2.048
2019-05-29 16:00:00,2019-05-29 20:15:00,0.4351069310525084,0.4901797207309743,8.66617026235182,6,0.046511627906976744,0.0234375,42.666666666666664,0.3133745087654893,17.066666666666666
2019-05-29 20:16:00,2019-05-30 00:31:00,0.0,0.0,0.0,0,0.0,0.0,inf,0.0,60.0
2019-05-30 00:32:00,2019-05-30 04:47:00,0.09841408861325451,0.11326328383728083,0.7546276955614558,2,0.015503875968992248,0.0078125,128.0,0.11103293538880195,51.2
2019-05-30 04:48:00,2019-05-30 09:03:00,0.6511607363775274,0.2557250959526106,8.472698919651558,6,0.046511627906976744,0.02734375,36.57142857142857,0.34137717278196816,14.62857142857143
2019-05-30 09:04:00,2019-05-30 13:19:00,1.3242657552083332,0.5265618454983099,18.15604097435439,6,0.046511627906976744,0.0234375,42.666666666666664,0.4083668624171946,17.066666666666666
2019-05-30 13:20:00,2019-05-30 17:35:00,0.3394367038408135,0.2057001554769058,2.013289368330003,20,0.15503875968992248,0.12109375,8.258064516129032,0.48959273283497956,3.303225806451613
2019-05-30 17:36:00,2019-05-30 21:51:00,0.0289203347283574,0.04233305428258137,0.12600044216483205,0,0.0,0.0,inf,0.0,60.0
2019-05-30 21:52:00,2019-05-31 02:07:00,0.0009552020467479568,0.0017458564434549302,0.00015360950458708563,0,0.0,0.0,inf,0.0,60.0
2019-05-31 02:08:00,2019-05-31 06:23:00,0.13904727107781747,0.1254813920272436,2.1806847665898723,5,0.03875968992248062,0.01953125,51.2,0.3697037278927271,20.48
2019-05-31 06:24:00,2019-05-31 10:39:00,2.0020646243041447,1.657538137765796,105.1779111330898,4,0.031007751937984496,0.015625,64.0,0.18046758186290082,25.6
2019-05-31 10:40:00,2019-05-31 14:55:00,4.868065890384823,1.1604156212864105,151.4995268512009,46,0.35658914728682173,0.25,4.0,0.8055567564892006,1.6
2019-05-31 14:56:00,2019-05-31 19:11:00,1.1469331636353348,1.0769158932652934,55.58095701647086,4,0.031007751937984496,0.01953125,51.2,0.25229715205735537,20.48
2019-05-31 19:12:00,2019-05-31 23:27:00,0.006865186291520221,0.01837141055037448,0.002753867360957397,0,0.0,0.0,inf,0.0,60.0
2019-05-31 23:28:00,2019-06-01 03:43:00,0.024426916192831244,0.05506485322595463,0.03621274593860761,0,0.0,0.0,inf,0.0,60.0
2019-06-01 03:44:00,2019-06-01 07:59:00,0.48923652441374754,0.3084175911677358,2.8454712300118734,5,0.03875968992248062,0.0234375,42.666666666666664,0.34926359071588026,17.066666666666666
2019-06-01 08:00:00,2019-06-01 12:15:00,2.0108187500000003,1.354257063701535,401.73480865346164,23,0.17829457364341086,0.109375,9.142857142857142,0.5995748352767767,3.6571428571428575
2019-06-01 12:16:00,2019-06-01 16:31:00,2.062111197916667,1.1470897018163233,240.537337698029,50,0.3875968992248062,0.265625,3.764705882352941,0.7421701609715035,1.5058823529411764
2019-06-01 16:32:00,2019-06-01 20:47:00,0.2819488746425846,0.3024001909505644,2.9621038289298345,2,0.015503875968992248,0.01171875,85.33333333333333,0.15445680659761157,34.13333333333333
2019-06-01 20:48:00,2019-06-02 01:03:00,0.0007913211437335581,0.0016068553283876599,0.00026963080313553646,0,0.0,0.0,inf,0.0,60.0
2019-06-02 01:04:00,2019-06-02 05:19:00,0.17458413451960608,0.19912085104817015,1.451932544160311,2,0.015503875968992248,0.0078125,128.0,0.14437983538595253,51.2
2019-06-02 05:20:00,2019-06-02 09:35:00,2.0853634114583333,1.1853995289321355,93.87634399906253,4,0.031007751937984496,0.01953125,51.2,0.3099837400266734,20.48
2019-06-02 09:36:00,2019-06-02 13:51:00,4.357595833333333,1.0064009580682083,152.92846540367384,31,0.24031007751937986,0.17578125,5.688888888888889,0.697152319588287,2.2755555555555556
2019-06-02 13:52:00,2019-06-02 18:07:00,2.165081380208333,1.3424026447775723,86.63762100956245,2,0.015503875968992248,0.0078125,128.0,0.19595923447347222,51.2
2019-06-02 18:08:00,2019-06-02 22:23:00,0.0634599581253269,0.10799925501256259,0.29615093876676024,2,0.015503875968992248,0.0078125,128.0,0.09084374794251601,51.2
2019-06-02 22:24:00,2019-06-03 02:39:00,0.0007690491330505643,0.0026541685030504717,3.2826255343472895e-05,0,0.0,0.0,inf,0.0,60.0
2019-06-03 02:40:00,2019-06-03 06:55:00,0.44278700903313073,0.3538719267355948,3.498069661050699,8,0.06201550387596899,0.03515625,28.444444444444443,0.45713290098334347,11.377777777777778
2019-06-03 06:56:00,2019-06-03 11:11:00,2.0511102213541665,1.1292834018161824,165.4571253591802,10,0.07751937984496124,0.04296875,23.272727272727273,0.46749188828364435,9.30909090909091
2019-06-03 11:12:00,2019-06-03 15:27:00,1.9021830078125,1.3396980403855459,175.91626149735478,9,0.06976744186046512,0.04296875,23.272727272727273,0.4341806583895559,9.30909090909091
2019-06-03 15:28:00,2019-06-03 19:43:00,0.49190233189397514,0.6468624227754349,7.704177282835272,1,0.007751937984496124,0.00390625,256.0,0.10686870473285484,60.0
2019-06-03 19:44:00,2019-06-03 23:59:00,0.00025854177454339155,0.0013342346829761816,2.960544561758123e-06,0,0.0,0.0,inf,0.0,60.0
2019-06-04 00:00:00,2019-06-04 04:15:00,0.04576213090250882,0.08067364317774778,0.15925893922208356,0,0.0,0.0,inf,0.0,60.0
2019-06-04 04:16:00,2019-06-04 08:31:00,1.3925929775673194,1.1248289794335815,45.25209579582269,1,0.007751937984496124,0.00390625,256.0,0.06518436302203563,60.0
2019-06-04 08:32:00,2019-06-04 12:47:00,4.120266650716211,1.0993296806062218,202.12203664368275,15,0.11627906976744186,0.07421875,13.473684210526315,0.5515351506062436,5.389473684210526
2019-06-04 12:48:00,2019-06-04 17:03:00,1.9314194661458335,1.2263788133334501,116.90887150554097,9,0.06976744186046512,0.03515625,28.444444444444443,0.38397009097623747,11.377777777777778
2019-06-04 17:04:00,2019-06-04 21:19:00,0.18863332026587606,0.2196345928458694,1.742685644437703,1,0.007751937984496124,0.00390625,256.0,0.08240393194890815,60.0
2019-06-04 21:20:00,2019-06-05 01:35:00,0.0,0.0,0.0,0,0.0,0.0,inf,0.0,60.0
2019-06-05 01:36:00,2019-06-05 05:51:00,0.2410623504499796,0.2148672861139759,2.5732029069512636,2,0.015503875968992248,0.0078125,128.0,0.16972411820195135,51.2
2019-06-05 05:52:00,2019-06-05 10:07:00,2.640634440104167,1.3868298304336366,65.71420746258178,2,0.015503875968992248,0.0078125,128.0,0.15461684425726088,51.2
2019-06-05 10:08:00,2019-06-05 14:23:00,4.760783463541666,0.347007751349319,6.717537710767593,2,0.015503875968992248,0.0078125,128.0,0.0802067019629408,51.2
2019-06-05 14:24:00,2019-06-05 18:39:00,1.67417943068021,1.2157904911124413,60.527833925083335,1,0.007751937984496124,0.00390625,256.0,0.0588253397661396,60.0
2019-06-05 18:40:00,2019-06-05 22:55:00,0.03316397414058083,0.05990304983523321,0.06511608754820127,0,0.0,0.0,inf,0.0,60.0
2019-06-05 22:56:00,2019-06-06 03:11:00,0.009033147625527803,0.020988405164257633,0.005221119904348254,0,0.0,0.0,inf,0.0,60.0
2019-06-06 03:12:00,2019-06-06 07:27:00,0.6136013716903039,0.526684407638455,5.526848333321984,1,0.007751937984496124,0.00390625,256.0,0.05564919649283742,60.0
2019-06-06 07:28:00,2019-06-06 11:43:00,4.200263367061296,0.9546102103203974,29.60834701302834,9,0.06976744186046512,0.03515625,28.444444444444443,0.26448935632336734,11.377777777777778
2019-06-06 11:44:00,2019-06-06 15:59:00,3.6489594936797864,1.8764596585841107,154.80490397377434,2,0.015503875968992248,0.0078125,128.0,0.13956783752189258,51.2
2019-06-06 16:00:00,2019-06-06 20:15:00,0.03496635283179213,0.04427211190036602,0.10174944183569955,0,0.0,0.0,inf,0.0,60.0
2019-06-06 20:16:00,2019-06-07 00:31:00,0.0,0.0,0.0,0,0.0,0.0,inf,0.0,60.0
2019-06-07 00:32:00,2019-06-07 04:47:00,0.02120180673723513,0.03143387532563528,0.0393593230457051,0,0.0,0.0,inf,0.0,60.0
2019-06-07 04:48:00,2019-06-07 09:03:00,0.5794694786262706,0.3161259031657367,5.662536469958536,9,0.06976744186046512,0.0390625,25.6,0.40830181746661703,10.24
2019-06-07 09:04:00,2019-06-07 13:19:00,1.8223345687283867,0.8829727053132334,165.13478921281805,17,0.13178294573643412,0.08203125,12.19047619047619,0.5133331678123094,4.876190476190477
2019-06-07 13:20:00,2019-06-07 17:35:00,0.9187847005208333,0.5237413725498459,15.885157966961588,2,0.015503875968992248,0.0078125,128.0,0.1588511733871975,51.2
2019-06-07 17:36:00,2019-06-07 21:51:00,0.10289826733382182,0.12019490173447517,0.8492984954796802,2,0.015503875968992248,0.0078125,128.0,0.10487312205290943,51.2
2019-06-07 21:52:00,2019-06-08 02:07:00,0.0,0.0,0.0,0,0.0,0.0,inf,0.0,60.0
2019-06-08 02:08:00,2019-06-08 06:23:00,0.10680178869098952,0.0778156222403595,0.4002991879121466,8,0.06201550387596899,0.03125,32.0,0.4590879283739995,12.8
2019-06-08 06:24:00,2019-06-08 10:39:00,1.7700425391897845,1.3806577289233832,86.4876872993504,28,0.21705426356589147,0.13671875,7.314285714285714,0.5690601687739288,2.9257142857142857
2019-06-08 10:40:00,2019-06-08 14:55:00,2.8937147135416668,1.813143943365963,430.0789040903376,52,0.40310077519379844,0.2578125,3.878787878787879,0.7927674319433302,1.5515151515151515
2019-06-08 14:56:00,2019-06-08 19:11:00,0.41565268917249504,0.4156888245524128,4.885792413487652,9,0.06976744186046512,0.05078125,19.692307692307693,0.4153187046920048,7.876923076923077
2019-06-08 19:12:00,2019-06-08 23:27:00,0.005980852070561156,0.013388471836130894,0.002522671816549811,0,0.0,0.0,inf,0.0,60.0
2019-06-08 23:28:00,2019-06-09 03:43:00,0.033693817546297765,0.060671681946854204,0.08625621368867012,0,0.0,0.0,inf,0.0,60.0
2019-06-09 03:44:00,2019-06-09 07:59:00,0.7247317437690115,0.3619235206587156,13.202048932871449,20,0.15503875968992248,0.109375,9.142857142857142,0.4898875411106012,3.6571428571428575
2019-06-09 08:00:00,2019-06-09 12:15:00,2.8157117838541668,1.8977383975869877,406.1364462330863,45,0.3488372093023256,0.23046875,4.338983050847458,0.6135022012917841,1.7355932203389832
2019-06-09 12:16:00,2019-06-09 16:31:00,2.363512825520833,1.2523978431555143,137.33442044364585,46,0.35658914728682173,0.234375,4.266666666666667,0.7849469231306426,1.7066666666666668
2019-06-09 16:32:00,2019-06-09 20:47:00,0.4519366459404561,0.531216970449453,7.388870681636705,1,0.007751937984496124,0.00390625,256.0,0.08601626169200374,60.0
2019-06-09 20:48:00,2019-06-10 01:03:00,0.0,0.0,0.0,0,0.0,0.0,inf,0.0,60.0
2019-06-10 01:04:00,2019-06-10 05:19:00,0.07650226424415774,0.07323502806352013,0.22754075314661584,4,0.031007751937984496,0.015625,64.0,0.2819355515451044,25.6
2019-06-10 05:20:00,2019-06-10 09:35:00,1.0340207370306633,0.4443828903141039,7.7658393555503835,7,0.05426356589147287,0.03515625,28.444444444444443,0.39405568998704527,11.377777777777778
2019-06-10 09:36:00,2019-06-10 13:51:00,2.2139098958333334,1.3208894498437391,403.50752755935804,10,0.07751937984496124,0.0390625,25.6,0.4379544715150966,10.24
2019-06-10 13:52:00,2019-06-10 18:07:00,1.1771180338541667,0.6502050759284372,20.59040515051575,6,0.046511627906976744,0.02734375,36.57142857142857,0.3643489584891191,14.62857142857143
2019-06-10 18:08:00,2019-06-10 22:23:00,0.05464982044708912,0.09318124516640224,0.22243296263807538,1,0.007751937984496124,0.00390625,256.0,0.08964215314301062,60.0
2019-06-10 22:24:00,2019-06-11 02:39:00,0.00031888847690863295,0.0016094616897948076,4.51832080064987e-06,0,0.0,0.0,inf,0.0,60.0
2019-06-11 02:40:00,2019-06-11 06:55:00,0.2187340312655709,0.16386466538541125,2.6564938752053346,3,0.023255813953488372,0.01171875,85.33333333333333,0.2631611900773363,34.13333333333333
2019-06-11 06:56:00,2019-06-11 11:11:00,3.2175549479166667,1.4055401174763127,117.35333633648543,47,0.3643410852713178,0.27734375,3.6056338028169015,0.6065683261719816,1.4422535211267606
2019-06-11 11:12:00,2019-06-11 15:27:00,3.0184445873664334,1.8680921314918633,209.09642444579265,27,0.20930232558139536,0.12109375,8.258064516129032,0.5680141813013716,3.303225806451613
2019-06-11 15:28:00,2019-06-11 19:43:00,0.4332930156471246,0.3605699525434987,5.877689371862098,8,0.06201550387596899,0.046875,21.333333333333332,0.3396813536660767,8.533333333333333
2019-06-11 19:44:00,2019-06-11 23:59:00,0.001959747630443846,0.005778265428792015,0.00020930061025321444,0,0.0,0.0,inf,0.0,60.0
2019-06-12 00:00:00,2019-06-12 04:15:00,0.009348427147893692,0.02657371451763645,0.005091067691925273,0,0.0,0.0,inf,0.0,60.0
2019-06-12 04:16:00,2019-06-12 08:31:00,1.2316210967717796,1.0211210325149382,48.188492939443904,2,0.015503875968992248,0.0078125,128.0,0.1972091760403725,51.2
2019-06-12 08:32:00,2019-06-12 12:47:00,2.1354123046874998,1.0495877404980298,46.70007560288653,28,0.21705426356589147,0.16796875,5.953488372093023,0.5752030206385165,2.3813953488372093
2019-06-12 12:48:00,2019-06-12 17:03:00,2.5094912109375,1.1286992456423046,77.26935741656617,44,0.34108527131782945,0.22265625,4.491228070175438,0.7212160306872879,1.7964912280701755
2019-06-12 17:04:00,2019-06-12 21:19:00,0.16628141344589503,0.2379080678379648,1.3827239531130073,2,0.015503875968992248,0.0078125,128.0,0.1424669775134822,51.2
2019-06-12 21:20:00,2019-06-13 01:35:00,0.0,0.0,0.0,0,0.0,0.0,inf,0.0,60.0
2019-06-13 01:36:00,2019-06-13 05:51:00,0.2487781239898045,0.2618532538652083,3.483732979109288,4,0.031007751937984496,0.015625,64.0,0.21663409644374276,25.6
2019-06-13 05:52:00,2019-06-13 10:07:00,2.3274583984375,1.265687970540803,89.56438199700546,23,0.17829457364341086,0.13671875,7.314285714285714,0.6037776961622111,2.9257142857142857
2019-06-13 10:08:00,2019-06-13 14:23:00,3.8375193359375004,1.751644591037215,440.716105639778,44,0.34108527131782945,0.21875,4.571428571428571,0.7786164776456022,1.8285714285714287
2019-06-13 14:24:00,2019-06-13 18:39:00,1.3254718995854395,1.3126474192640374,73.87773672495717,40,0.31007751937984496,0.1953125,5.12,0.6410661951031882,2.048
2019-06-13 18:40:00,2019-06-13 22:55:00,0.011642251536390338,0.024467076021123055,0.011329833851266539,0,0.0,0.0,inf,0.0,60.0
2019-06-13 22:56:00,2019-06-14 03:11:00,0.009605591367852164,0.021949888223002777,0.006027318771641793,0,0.0,0.0,inf,0.0,60.0
2019-06-14 03:12:00,2019-06-14 07:27:00,0.5776477691246251,0.5021190386890583,4.968391902140965,2,0.015503875968992248,0.0078125,128.0,0.11437402305000602,51.2
2019-06-14 07:28:00,2019-06-14 11:43:00,4.211160937500001,0.9801865248790234,39.15594765858687,46,0.35658914728682173,0.1796875,5.565217391304348,0.46877420180676727,2.226086956521739
2019-06-14 11:44:00,2019-06-14 15:59:00,3.792486328125,1.6185613718765692,206.41144509258427,25,0.1937984496124031,0.12109375,8.258064516129032,0.5133271474641775,3.303225806451613
2019-06-14 16:00:00,2019-06-14 20:15:00,0.15448651482141865,0.17028252369007366,1.3819937188212266,3,0.023255813953488372,0.01171875,85.33333333333333,0.26415529816338273,34.13333333333333
2019-06-14 20:16:00,2019-06-15 00:31:00,0.0,0.0,0.0,0,0.0,0.0,inf,0.0,60.0
2019-06-15 00:32:00,2019-06-15 04:47:00,0.10457433909732275,0.13055417557080912,0.5894152439257145,1,0.007751937984496124,0.00390625,256.0,0.07928403831697943,60.0
2019-06-15 04:48:00,2019-06-15 09:03:00,0.7250918619791666,0.1934934904662853,2.230893438949898,4,0.031007751937984496,0.0234375,42.666666666666664,0.324854159502368,17.066666666666666
2019-06-15 09:04:00,2019-06-15 13:19:00,0.22365080327108114,0.30658853556366844,1.6610360327419076,1,0.007751937984496124,0.00390625,256.0,0.022328247335425898,60.0
2019-06-15 13:20:00,2019-06-15 17:35:00,1.3414490969547614,0.9363928526135941,71.59785690536837,11,0.08527131782945736,0.05078125,19.692307692307693,0.3901820454120955,7.876923076923077
2019-06-15 17:36:00,2019-06-15 21:51:00,0.04934449455594995,0.07259361473166485,0.18395782279709189,0,0.0,0.0,inf,0.0,60.0
2019-06-15 21:52:00,2019-06-16 02:07:00,0.0,0.0,0.0,0,0.0,0.0,inf,0.0,60.0
2019-06-16 02:08:00,2019-06-16 06:23:00,0.22198972200528758,0.21801696828821523,1.4524011302622462,3,0.023255813953488372,0.01171875,85.33333333333333,0.19155546306716864,34.13333333333333
2019-06-16 06:24:00,2019-06-16 10:39:00,3.4204116430358065,1.6393141611484825,102.19371007179969,2,0.015503875968992248,0.0078125,128.0,0.18049766165695869,51.2
2019-06-16 10:40:00,2019-06-16 14:55:00,5.222842545321277,1.2116328347883334,70.99898297903945,46,0.35658914728682173,0.22265625,4.491228070175438,0.7214165895331164,1.7964912280701755
2019-06-16 14:56:00,2019-06-16 19:11:00,0.6578325636418945,0.3120356453657216,2.4435967411297366,5,0.03875968992248062,0.0234375,42.666666666666664,0.34490266222326676,17.066666666666666
2019-06-16 19:12:00,2019-06-16 23:27:00,0.015331484904787732,0.03310892729871108,0.01613869201917397,0,0.0,0.0,inf,0.0,60.0
2019-06-16 23:28:00,2019-06-17 03:43:00,0.03164709447008804,0.05373667565621624,0.08804559366146954,0,0.0,0.0,inf,0.0,60.0
2019-06-17 03:44:00,2019-06-17 07:59:00,0.8447562452529741,0.7779184974772142,20.709622288694312,2,0.015503875968992248,0.0078125,128.0,0.0877629170883415,51.2
2019-06-17 08:00:00,2019-06-17 12:15:00,3.2733917317708334,1.655458536292622,381.594915904352,55,0.4263565891472868,0.26171875,3.8208955223880596,0.8117607583289865,1.528358208955224
2019-06-17 12:16:00,2019-06-17 16:31:00,2.864208203125,1.7744971541323629,322.8025830950418,34,0.26356589147286824,0.15625,6.4,0.7148139131201083,2.56
2019-06-17 16:32:00,2019-06-17 20:47:00,0.3447850235272352,0.378019155003138,2.537648266458792,2,0.015503875968992248,0.0078125,128.0,0.10758549549411181,51.2
2019-06-17 20:48:00,2019-06-18 01:03:00,0.0,0.0,0.0,0,0.0,0.0,inf,0.0,60.0
2019-06-18 01:04:00,2019-06-18 05:19:00,0.18363958952991527,0.19869285459702174,1.3175660734981123,2,0.015503875968992248,0.0078125,128.0,0.12037442515565774,51.2
2019-06-18 05:20:00,2019-06-18 09:35:00,1.9968882525993294,1.1675858084686068,77.48832039307653,8,0.06201550387596899,0.0390625,25.6,0.3352348987381224,10.24
2019-06-18 09:36:00,2019-06-18 13:51:00,4.9454189018459385,1.015047544522116,191.13932127917735,22,0.17054263565891473,0.09765625,10.24,0.5496670513227725,4.096
2019-06-18 13:52:00,2019-06-18 18:07:00,2.145470468261208,1.4890113417505926,109.47754174224886,4,0.031007751937984496,0.015625,64.0,0.2294958711929112,25.6
2019-06-18 18:08:00,2019-06-18 22:23:00,0.03551293856589277,0.06074164777562397,0.08019112329073665,0,0.0,0.0,inf,0.0,60.0
2019-06-18 22:24:00,2019-06-19 02:39:00,0.00040920692766785184,0.0016177028605766379,7.850173152443241e-06,0,0.0,0.0,inf,0.0,60.0
2019-06-19 02:40:00,2019-06-19 06:55:00,0.4399438689319025,0.3766524643449458,4.348599780196406,2,0.015503875968992248,0.0078125,128.0,0.12282112007919115,51.2
2019-06-19 06:56:00,2019-06-19 11:11:00,3.1418560408570047,0.9655487062634872,51.33173233564856,29,0.2248062015503876,0.1171875,8.533333333333333,0.7217087673138278,3.4133333333333336
2019-06-19 11:12:00,2019-06-19 15:27:00,4.477895834155741,0.698809538265165,21.568371202086933,3,0.023255813953488372,0.01171875,85.33333333333333,0.17667134529961773,34.13333333333333
2019-06-19 15:28:00,2019-06-19 19:43:00,0.8020166934958968,0.9842250471387496,26.205479242076073,1,0.007751937984496124,0.00390625,256.0,0.06949593272139083,60.0
2019-06-19 19:44:00,2019-06-19 23:59:00,0.0007076212098784003,0.002629060820993405,2.4283036608401838e-05,0,0.0,0.0,inf,0.0,60.0
2019-06-20 00:00:00,2019-06-20 04:15:00,0.06744458211994694,0.09803890912738637,0.3938068944762079,2,0.015503875968992248,0.0078125,128.0,0.12424702650139394,51.2
2019-06-20 04:16:00,2019-06-20 08:31:00,1.2380055900684437,1.0174453315952046,50.36267312029242,4,0.031007751937984496,0.01953125,51.2,0.24919702790704362,20.48
2019-06-20 08:32:00,2019-06-20 12:47:00,3.0441545051276147,1.694711466057631,393.23616006112303,36,0.27906976744186046,0.18359375,5.446808510638298,0.7274086636171243,2.178723404255319
2019-06-20 12:48:00,2019-06-20 17:03:00,2.7669440238072935,1.4344798910521788,169.67629624653875,40,0.31007751937984496,0.19921875,5.019607843137255,0.7604077723353768,2.007843137254902
2019-06-20 17:04:00,2019-06-20 21:19:00,0.20944651737702602,0.2820889385646913,2.06109252000384,2,0.015503875968992248,0.0078125,128.0,0.136536488101634,51.2
2019-06-20 21:20:00,2019-06-21 01:35:00,0.0,0.0,0.0,0,0.0,0.0,inf,0.0,60.0
2019-06-21 01:36:00,2019-06-21 05:51:00,0.19193850012271438,0.19777973046130748,1.9806362762389058,2,0.015503875968992248,0.0078125,128.0,0.1808488916419849,51.2
2019-06-21 05:52:00,2019-06-21 10:07:00,2.5901319878672924,1.5998451942426544,116.61849800859153,42,0.32558139534883723,0.203125,4.923076923076923,0.7256393500460422,1.9692307692307693
2019-06-21 10:08:00,2019-06-21 14:23:00,2.8931808975908186,1.9133075293414492,319.4133608330213,9,0.06976744186046512,0.03515625,28.444444444444443,0.4163402625187487,11.377777777777778
2019-06-21 14:24:00,2019-06-21 18:39:00,1.647321799672554,1.4371020033801052,109.50742240959784,17,0.13178294573643412,0.07421875,13.473684210526315,0.5500604654178177,5.389473684210526
2019-06-21 18:40:00,2019-06-21 22:55:00,0.04009662607968645,0.07004818177039075,0.11895063176155533,0,0.0,0.0,inf,0.0,60.0
2019-06-21 22:56:00,2019-06-22 03:11:00,0.013586320201404314,0.029341241163224854,0.012763995637204123,0,0.0,0.0,inf,0.0,60.0
2019-06-22 03:12:00,2019-06-22 07:27:00,0.5884706030430508,0.5091344275109807,7.245312590158392,10,0.07751937984496124,0.05078125,19.692307692307693,0.3042668189543868,7.876923076923077
2019-06-22 07:28:00,2019-06-22 11:43:00,4.336690364583333,1.3394513547043798,105.5259207715592,35,0.2713178294573643,0.1953125,5.12,0.5679839054818936,2.048
2019-06-22 11:44:00,2019-06-22 15:59:00,4.6690807784077615,0.973490245093326,60.29626888546396,54,0.4186046511627907,0.23828125,4.19672131147541,0.6818471450170484,1.678688524590164
2019-06-22 16:00:00,2019-06-22 20:15:00,0.6354831607200614,0.6643253379490247,11.593982352582014,1,0.007751937984496124,0.00390625,256.0,0.06033052523953502,60.0
2019-06-22 20:16:00,2019-06-23 00:31:00,0.0,0.0,0.0,0,0.0,0.0,inf,0.0,60.0
2019-06-23 00:32:00,2019-06-23 04:47:00,0.11425615477224399,0.1362811283002741,0.8227643403073263,2,0.015503875968992248,0.0078125,128.0,0.09424463269706418,51.2
2019-06-23 04:48:00,2019-06-23 09:03:00,1.834377665966887,1.343462716649153,88.08101075687276,2,0.015503875968992248,0.0078125,128.0,0.09118106289143921,51.2
2019-06-23 09:04:00,2019-06-23 13:19:00,5.268702515794219,0.7443724140037341,75.14871840516349,51,0.3953488372093023,0.2578125,3.878787878787879,0.7965693027280333,1.5515151515151515
2019-06-23 13:20:00,2019-06-23 17:35:00,3.0467567762596173,1.5359214385208229,74.46158396840801,1,0.007751937984496124,0.00390625,256.0,0.0749278826288601,60.0
2019-06-23 17:36:00,2019-06-23 21:51:00,0.11516544731534913,0.12672024621755815,0.8084048049381444,2,0.015503875968992248,0.0078125,128.0,0.11568383682432665,51.2
2019-06-23 21:52:00,2019-06-24 02:07:00,0.001224979990534363,0.0021088865361517874,0.0001141997637980911,0,0.0,0.0,inf,0.0,60.0
2019-06-24 02:08:00,2019-06-24 06:23:00,0.35552466033826147,0.27748486544180023,2.5271539115072126,3,0.023255813953488372,0.01171875,85.33333333333333,0.26510814139112027,34.13333333333333
2019-06-24 06:24:00,2019-06-24 10:39:00,3.217176936146121,1.2945336631900795,70.5815195411869,1,0.007751937984496124,0.00390625,256.0,0.09656215255023441,60.0
2019-06-24 10:40:00,2019-06-24 14:55:00,4.620805143229166,0.7112050994530953,39.56664994119457,21,0.16279069767441862,0.09375,10.666666666666666,0.5441074986177457,4.266666666666667
2019-06-24 14:56:00,2019-06-24 19:11:00,1.3250943977428848,1.0711934798524554,50.17492586004565,2,0.015503875968992248,0.0078125,128.0,0.12248072990812611,51.2
2019-06-24 19:12:00,2019-06-24 23:27:00,0.02495818592969034,0.05664050246511725,0.04209153808380394,0,0.0,0.0,inf,0.0,60.0
2019-06-24 23:28:00,2019-06-25 03:43:00,0.025805147152760888,0.047804345382639675,0.050875543897497565,0,0.0,0.0,inf,0.0,60.0
2019-06-25 03:44:00,2019-06-25 07:59:00,0.8827834438518152,0.7214334387401782,14.218609018864118,2,0.015503875968992248,0.0078125,128.0,0.15487206222658687,51.2
2019-06-25 08:00:00,2019-06-25 12:15:00,3.712748691671895,0.6880299192333903,63.96229981345952,15,0.11627906976744186,0.07421875,13.473684210526315,0.5805877227464489,5.389473684210526
2019-06-25 12:16:00,2019-06-25 16:31:00,3.8125125487460743,1.1025685984630273,61.01168802509703,8,0.06201550387596899,0.03125,32.0,0.2652464098931847,12.8
2019-06-25 16:32:00,2019-06-25 20:47:00,0.3653318470168315,0.40181303155040554,3.366306131885497,1,0.007751937984496124,0.00390625,256.0,0.07754565223891853,60.0
2019-06-25 20:48:00,2019-06-26 01:03:00,0.0,0.0,0.0,0,0.0,0.0,inf,0.0,60.0
2019-06-26 01:04:00,2019-06-26 05:19:00,0.15269946662482553,0.15769372069325438,1.109902365530601,2,0.015503875968992248,0.0078125,128.0,0.09104265835098468,51.2
2019-06-26 05:20:00,2019-06-26 09:35:00,1.747733984375,1.0832970001898077,40.47836247556968,20,0.15503875968992248,0.09375,10.666666666666666,0.49518713948345777,4.266666666666667
2019-06-26 09:36:00,2019-06-26 13:51:00,4.1732322265625,1.263532928819519,65.42339590813692,20,0.15503875968992248,0.09375,10.666666666666666,0.43832127435810275,4.266666666666667
2019-06-26 13:52:00,2019-06-26 18:07:00,0.514107856286136,0.445763144248153,8.596148458213863,15,0.11627906976744186,0.078125,12.8,0.5224017485366007,5.12
2019-06-26 18:08:00,2019-06-26 22:23:00,0.03751025913800036,0.06161946668445411,0.10343453562252868,0,0.0,0.0,inf,0.0,60.0
2019-06-26 22:24:00,2019-06-27 02:39:00,0.0010688837644300395,0.0034339861407354216,5.971255502246862e-05,0,0.0,0.0,inf,0.0,60.0
2019-06-27 02:40:00,2019-06-27 06:55:00,0.46450409477920207,0.3871792520341459,6.281098063851385,3,0.023255813953488372,0.01171875,85.33333333333333,0.20096372212239896,34.13333333333333
2019-06-27 06:56:00,2019-06-27 11:11:00,2.960063671875,1.5614565505304945,212.01036527382945,55,0.4263565891472868,0.31640625,3.1604938271604937,0.731002213744302,1.2641975308641975
2019-06-27 11:12:00,2019-06-27 15:27:00,4.8404716796875,0.8051141949079484,19.181330068599266,1,0.007751937984496124,0.00390625,256.0,0.09574932878276173,60.0
2019-06-27 15:28:00,2019-06-27 19:43:00,0.8052968432485695,0.7231024103115234,27.29620254427832,4,0.031007751937984496,0.015625,64.0,0.255120860917638,25.6
2019-06-27 19:44:00,2019-06-27 23:59:00,0.003896782506808561,0.010954401025861815,0.0008621338166756464,0,0.0,0.0,inf,0.0,60.0
2019-06-28 00:00:00,2019-06-28 04:15:00,0.06245314643057906,0.09333358148475296,0.2921874924158875,2,0.015503875968992248,0.0078125,128.0,0.07805805480625409,51.2
2019-06-28 04:16:00,2019-06-28 08:31:00,1.2918545787110016,0.9547048523416479,29.061856604585024,4,0.031007751937984496,0.0234375,42.666666666666664,0.21641775613887138,17.066666666666666
2019-06-28 08:32:00,2019-06-28 12:47:00,4.69365,0.7343271100179936,40.67999594335487,10,0.07751937984496124,0.0390625,25.6,0.4256062991827861,10.24
2019-06-28 12:48:00,2019-06-28 17:03:00,3.4384816018410067,1.2227445261741925,51.48320114488965,1,0.007751937984496124,0.00390625,256.0,0.085490936132907,60.0
2019-06-28 17:04:00,2019-06-28 21:19:00,0.21833049967402227,0.22730477750214564,1.286648663555429,2,0.015503875968992248,0.0078125,128.0,0.18199390778983238,51.2
2019-06-28 21:20:00,2019-06-29 01:35:00,0.00015294329764753496,0.0009921215252092306,1.0170636623898142e-06,0,0.0,0.0,inf,0.0,60.0
2019-06-29 01:36:00,2019-06-29 05:51:00,0.24048302268455576,0.23541836563420224,1.2294030999464869,2,0.015503875968992248,0.01171875,85.33333333333333,0.1631574092356668,34.13333333333333
2019-06-29 05:52:00,2019-06-29 10:07:00,2.5844154947916667,1.352543197897001,99.83526764755945,18,0.13953488372093023,0.109375,9.142857142857142,0.36870045156782055,3.6571428571428575
2019-06-29 10:08:00,2019-06-29 14:23:00,4.865429427083334,0.28819311493364635,4.453414262778885,2,0.015503875968992248,0.0078125,128.0,0.08193488135266955,51.2
2019-06-29 14:24:00,2019-06-29 18:39:00,1.8268582139108598,1.2987817194885418,70.35024918432018,1,0.007751937984496124,0.00390625,256.0,0.060288721295470464,60.0
2019-06-29 18:40:00,2019-06-29 22:55:00,0.042213620789304955,0.07193345383834535,0.13502997500468703,0,0.0,0.0,inf,0.0,60.0
2019-06-29 22:56:00,2019-06-30 03:11:00,0.011645596824810167,0.027078572393665394,0.008798222035930826,0,0.0,0.0,inf,0.0,60.0
2019-06-30 03:12:00,2019-06-30 07:27:00,0.5263170098162686,0.4546868958226779,3.6159535386825237,2,0.015503875968992248,0.0078125,128.0,0.14029001365578173,51.2
2019-06-30 07:28:00,2019-06-30 11:43:00,4.010309066563504,0.9484693504485372,27.0431597640082,1,0.007751937984496124,0.00390625,256.0,0.0827150708104026,60.0
2019-06-30 11:44:00,2019-06-30 15:59:00,3.899768033854167,1.0271789583608184,79.2749675002331,50,0.3875968992248062,0.24609375,4.063492063492063,0.7593825726622353,1.6253968253968254
2019-06-30 16:00:00,2019-06-30 20:15:00,0.5730884352611731,0.689821504482705,10.430918435475045,3,0.023255813953488372,0.015625,64.0,0.1771018288556534,25.6
2019-06-30 20:16:00,2019-07-01 00:31:00,0.000777825924200248,0.001882651093043224,0.0004429868623139453,0,0.0,0.0,inf,0.0,60.0
2019-07-01 00:32:00,2019-07-01 04:47:00,0.10682337183457878,0.13530988733295157,0.676788841363036,1,0.007751937984496124,0.00390625,256.0,0.07077861815581518,60.0
2019-07-01 04:48:00,2019-07-01 09:03:00,1.2615177734374998,0.924060814650766,40.161560723978624,14,0.10852713178294573,0.07421875,13.473684210526315,0.28792182012443995,5.389473684210526
2019-07-01 09:04:00,2019-07-01 13:19:00,3.0214774739583334,1.8309335195656247,447.3643433067638,19,0.14728682170542637,0.11328125,8.827586206896552,0.5883054070191802,3.531034482758621
2019-07-01 13:20:00,2019-07-01 17:35:00,1.3187658867521024,0.8614586890795066,107.28560226634438,36,0.27906976744186046,0.16796875,5.953488372093023,0.6994483699529259,2.3813953488372093
2019-07-01 17:36:00,2019-07-01 21:51:00,0.11249331097941147,0.15089839698582766,0.9523256088562511,2,0.015503875968992248,0.0078125,128.0,0.1609425957187173,51.2
2019-07-01 21:52:00,2019-07-02 02:07:00,0.0,0.0,0.0,0,0.0,0.0,inf,0.0,60.0
2019-07-02 02:08:00,2019-07-02 06:23:00,0.2813640131854498,0.2407348317865506,2.598276438775027,16,0.12403100775193798,0.078125,12.8,0.3861648759589025,5.12
2019-07-02 06:24:00,2019-07-02 10:39:00,1.857564127604167,1.1826734434731119,48.30294854012113,56,0.43410852713178294,0.31640625,3.1604938271604937,0.7500589195284053,1.2641975308641975
2019-07-02 10:40:00,2019-07-02 14:55:00,2.456680598958333,1.7110764050377971,314.0674260002504,28,0.21705426356589147,0.1328125,7.529411764705882,0.6699817187904219,3.011764705882353
2019-07-02 14:56:00,2019-07-02 19:11:00,1.2545218768518307,1.1569737254018413,68.3267117924137,27,0.20930232558139536,0.12890625,7.757575757575758,0.5250805483696306,3.103030303030303
2019-07-02 19:12:00,2019-07-02 23:27:00,0.01224216467216134,0.027175392889491584,0.009760460119248427,0,0.0,0.0,inf,0.0,60.0
2019-07-02 23:28:00,2019-07-03 03:43:00,0.03034541204259545,0.05269169183950011,0.07053169913844058,0,0.0,0.0,inf,0.0,60.0
2019-07-03 03:44:00,2019-07-03 07:59:00,0.9327106089384649,0.7783684255856669,16.14469178400972,14,0.10852713178294573,0.0625,16.0,0.37476810728063337,6.4
2019-07-03 08:00:00,2019-07-03 12:15:00,2.9810611979166666,1.757718459156204,453.00525405992556,51,0.3953488372093023,0.296875,3.3684210526315788,0.8342777262950348,1.3473684210526315
2019-07-03 12:16:00,2019-07-03 16:31:00,3.0396055835513627,1.8800267095473633,409.75976726757443,47,0.3643410852713178,0.23046875,4.338983050847458,0.6647516501214296,1.7355932203389832
2019-07-03 16:32:00,2019-07-03 20:47:00,0.3837322597042743,0.5107379919985675,4.897555789920312,5,0.03875968992248062,0.0234375,42.666666666666664,0.20523939651585044,17.066666666666666
2019-07-03 20:48:00,2019-07-04 01:03:00,0.0002924323405085732,0.0005942247697736243,2.7695018465313715e-05,0,0.0,0.0,inf,0.0,60.0
2019-07-04 01:04:00,2019-07-04 05:19:00,0.13872520836131863,0.1431700470558562,0.8948036601523196,2,0.015503875968992248,0.0078125,128.0,0.1115709601845653,51.2
2019-07-04 05:20:00,2019-07-04 09:35:00,0.7356110026041667,0.2566129994146233,9.03097019346103,25,0.1937984496124031,0.10546875,9.481481481481481,0.6863646094720325,3.7925925925925927
2019-07-04 09:36:00,2019-07-04 13:51:00,1.2092170572916667,0.5515101868407178,17.015430717034743,16,0.12403100775193798,0.08203125,12.19047619047619,0.5200444413830909,4.876190476190477
2019-07-04 13:52:00,2019-07-04 18:07:00,0.4856275797738985,0.40391568793407534,3.9091625139778965,19,0.14728682170542637,0.07421875,13.473684210526315,0.6064826589471682,5.389473684210526
2019-07-04 18:08:00,2019-07-04 22:23:00,0.021250531523165077,0.03890726340668056,0.035028960847115403,0,0.0,0.0,inf,0.0,60.0
2019-07-04 22:24:00,2019-07-05 02:39:00,0.0014956524915562587,0.005134532478681972,0.00011115801542384418,0,0.0,0.0,inf,0.0,60.0
2019-07-05 02:40:00,2019-07-05 06:55:00,0.4060467368733784,0.2918228721964276,1.8643647188010313,4,0.031007751937984496,0.015625,64.0,0.2161109179651366,25.6
2019-07-05 06:56:00,2019-07-05 11:11:00,3.7675276041666668,1.3893869274639186,125.72750578688236,54,0.4186046511627907,0.30078125,3.324675324675325,0.6075290546891462,1.3298701298701299
2019-07-05 11:12:00,2019-07-05 15:27:00,4.829870052083334,0.8738150141831945,39.54873615683712,85,0.6589147286821705,0.390625,2.56,0.7473144786049799,1.024
2019-07-05 15:28:00,2019-07-05 19:43:00,1.0481430603677488,1.0310087491671127,43.60350403086943,2,0.015503875968992248,0.0078125,128.0,0.08087874500043894,51.2
2019-07-05 19:44:00,2019-07-05 23:59:00,0.003077686250672595,0.006207176501203206,0.0005294082683202383,0,0.0,0.0,inf,0.0,60.0
2019-07-06 00:00:00,2019-07-06 04:15:00,0.014784917895319497,0.028496021270692087,0.013563473307551291,0,0.0,0.0,inf,0.0,60.0
2019-07-06 04:16:00,2019-07-06 08:31:00,0.37750830401976176,0.2297081029267007,1.1357670907114321,14,0.10852713178294573,0.0625,16.0,0.4823816724258186,6.4
2019-07-06 08:32:00,2019-07-06 12:47:00,1.13249921875,0.7287615601923395,16.319778975869472,17,0.13178294573643412,0.078125,12.8,0.5531500938610927,5.12
2019-07-06 12:48:00,2019-07-06 17:03:00,2.2042508350406225,1.3660146503734856,245.76500466894637,53,0.4108527131782946,0.3125,3.2,0.7535268078522334,1.28
2019-07-06 17:04:00,2019-07-06 21:19:00,0.20523613037521898,0.2771535497804573,2.0527060660018455,5,0.03875968992248062,0.01953125,51.2,0.23131511140084537,20.48
2019-07-06 21:20:00,2019-07-07 01:35:00,0.00091577786802033,0.001678973808392175,0.0003686144180072708,0,0.0,0.0,inf,0.0,60.0
2019-07-07 01:36:00,2019-07-07 05:51:00,0.17900251776646897,0.15954330659272728,0.8737687787377283,8,0.06201550387596899,0.03515625,28.444444444444443,0.3918789305181198,11.377777777777778
2019-07-07 05:52:00,2019-07-07 10:07:00,1.3996047526041666,0.9746826098732595,172.02619301372323,29,0.2248062015503876,0.15625,6.4,0.6087952467913172,2.56
2019-07-07 10:08:00,2019-07-07 14:23:00,3.2202543619791664,1.4328257977623657,308.86747909004,42,0.32558139534883723,0.21875,4.571428571428571,0.7548000924727664,1.8285714285714287
2019-07-07 14:24:00,2019-07-07 18:39:00,1.4004292810941537,1.22768013418955,78.852604617115,13,0.10077519379844961,0.05078125,19.692307692307693,0.36164796084268086,7.876923076923077
2019-07-07 18:40:00,2019-07-07 22:55:00,0.03024172232273367,0.05709089391672248,0.06985432312455983,0,0.0,0.0,inf,0.0,60.0
2019-07-07 22:56:00,2019-07-08 03:11:00,0.0003548503481123294,0.0015310271900610282,5.745790475083689e-06,0,0.0,0.0,inf,0.0,60.0
2019-07-08 03:12:00,2019-07-08 07:27:00,0.16589827059309784,0.1424871486403194,0.6350671160247773,5,0.03875968992248062,0.0234375,42.666666666666664,0.23404004178857565,17.066666666666666
2019-07-08 07:28:00,2019-07-08 11:43:00,1.883161613292609,1.6899631076727695,330.501046256509,13,0.10077519379844961,0.08203125,12.19047619047619,0.42559494327661296,4.876190476190477
2019-07-08 11:44:00,2019-07-08 15:59:00,4.066499479166667,1.4276096395841487,204.78142842849016,56,0.43410852713178294,0.30859375,3.240506329113924,0.8250770906663312,1.2962025316455696
2019-07-08 16:00:00,2019-07-08 20:15:00,0.643381951256806,0.7466694042910045,15.331128220134229,2,0.015503875968992248,0.0078125,128.0,0.1406557598531695,51.2
2019-07-08 20:16:00,2019-07-09 00:31:00,0.0,0.0,0.0,0,0.0,0.0,inf,0.0,60.0
2019-07-09 00:32:00,2019-07-09 04:47:00,0.07253750756979975,0.0990046468181951,0.3863470785365161,2,0.015503875968992248,0.0078125,128.0,0.0961204214489714,51.2
2019-07-09 04:48:00,2019-07-09 09:03:00,1.629675846354167,1.205878846281419,55.602879643864654,21,0.16279069767441862,0.11328125,8.827586206896552,0.3758266927070824,3.531034482758621
2019-07-09 09:04:00,2019-07-09 13:19:00,4.932954231770833,0.7073903484059557,78.62400452354544,48,0.37209302325581395,0.24609375,4.063492063492063,0.7521524092396706,1.6253968253968254
2019-07-09 13:20:00,2019-07-09 17:35:00,2.5041908203125,1.6091929900630149,215.9684903715277,50,0.3875968992248062,0.2578125,3.878787878787879,0.7227414484527922,1.5515151515151515
2019-07-09 17:36:00,2019-07-09 21:51:00,0.1098162396517203,0.12647629349417697,0.858181111187411,2,0.015503875968992248,0.0078125,128.0,0.09679421517199858,51.2
2019-07-09 21:52:00,2019-07-10 02:07:00,0.0,0.0,0.0,0,0.0,0.0,inf,0.0,60.0
2019-07-10 02:08:00,2019-07-10 06:23:00,0.22977016847986786,0.15595147593234968,0.9135770697893495,4,0.031007751937984496,0.015625,64.0,0.23348260540785584,25.6
2019-07-10 06:24:00,2019-07-10 10:39:00,3.152823977180928,1.4058567708771688,68.99615796156553,1,0.007751937984496124,0.00390625,256.0,0.10732299377340013,60.0
2019-07-10 10:40:00,2019-07-10 14:55:00,5.021273502604167,0.4352196099094735,8.165999948315958,2,0.015503875968992248,0.0078125,128.0,0.14997554192705254,51.2
2019-07-10 14:56:00,2019-07-10 19:11:00,1.496495141499664,1.2609161385946812,73.15528588276041,2,0.015503875968992248,0.0078125,128.0,0.07040873003068499,51.2
2019-07-10 19:12:00,2019-07-10 23:27:00,0.012954572190861678,0.0308166810863918,0.010658049404083011,0,0.0,0.0,inf,0.0,60.0
2019-07-10 23:28:00,2019-07-11 03:43:00,0.01811067296926066,0.03586107649468962,0.024501866080286133,0,0.0,0.0,inf,0.0,60.0
2019-07-11 03:44:00,2019-07-11 07:59:00,0.9422017267524153,0.8132387259628071,19.384922213744883,2,0.015503875968992248,0.0078125,128.0,0.08781921399308605,51.2
2019-07-11 08:00:00,2019-07-11 12:15:00,4.7415367669001185,1.1060145757726232,51.51823143369857,39,0.3023255813953488,0.1640625,6.095238095238095,0.4787570439090041,2.4380952380952383
2019-07-11 12:16:00,2019-07-11 16:31:00,2.971154132250611,1.8017230068067898,349.6249919676898,25,0.1937984496124031,0.11328125,8.827586206896552,0.6239097915891902,3.531034482758621
2019-07-11 16:32:00,2019-07-11 20:47:00,0.35542641751281856,0.43623075057601984,4.310458332068169,1,0.007751937984496124,0.00390625,256.0,0.09497253108808469,60.0
2019-07-11 20:48:00,2019-07-12 01:03:00,0.0,0.0,0.0,0,0.0,0.0,inf,0.0,60.0
2019-07-12 01:04:00,2019-07-12 05:19:00,0.16290735912768778,0.2034313436957301,1.34759921449845,1,0.007751937984496124,0.00390625,256.0,0.07130485363792338,60.0
2019-07-12 05:20:00,2019-07-12 09:35:00,1.38990703125,0.6203977776608459,23.458377030934756,10,0.07751937984496124,0.05859375,17.066666666666666,0.357078508474234,6.826666666666667
2019-07-12 09:36:00,2019-07-12 13:51:00,4.156623828125,1.3275654562948394,211.9565308064479,22,0.17054263565891473,0.08984375,11.130434782608695,0.6498813801086903,4.452173913043478
2019-07-12 13:52:00,2019-07-12 18:07:00,2.275079427083333,1.389788914240492,72.27843869819814,35,0.2713178294573643,0.21875,4.571428571428571,0.5361035904632256,1.8285714285714287
2019-07-12 18:08:00,2019-07-12 22:23:00,0.06536549113976432,0.09001372543058686,0.3475372921140093,2,0.015503875968992248,0.0078125,128.0,0.10734283735612353,51.2
2019-07-12 22:24:00,2019-07-13 02:39:00,0.00017498281957334556,0.0010966856991690152,1.3324287936815433e-06,0,0.0,0.0,inf,0.0,60.0
2019-07-13 02:40:00,2019-07-13 06:55:00,0.35167927036306146,0.3040308236362638,1.5182348587744545,1,0.007751937984496124,0.00390625,256.0,0.1062616008281631,60.0
2019-07-13 06:56:00,2019-07-13 11:11:00,3.500645932299344,1.1784544167181026,50.51017294173628,1,0.007751937984496124,0.00390625,256.0,0.055666783733495616,60.0
2019-07-13 11:12:00,2019-07-13 15:27:00,4.490085546875001,0.9180467942932033,86.25911372230777,40,0.31007751937984496,0.21484375,4.654545454545454,0.5807250632401024,1.8618181818181818
2019-07-13 15:28:00,2019-07-13 19:43:00,0.9504898864513321,0.9110442025734651,33.70396736401752,2,0.015503875968992248,0.0078125,128.0,0.19018716695409538,51.2
2019-07-13 19:44:00,2019-07-13 23:59:00,0.002907092684773929,0.005603090720412645,0.0010443283318361672,0,0.0,0.0,inf,0.0,60.0
2019-07-14 00:00:00,2019-07-14 04:15:00,0.018612311431983133,0.03329691223007808,0.026809148528973408,0,0.0,0.0,inf,0.0,60.0
2019-07-14 04:16:00,2019-07-14 08:31:00,0.5579486940016278,0.35190217475723046,3.8351445469880314,3,0.023255813953488372,0.01953125,51.2,0.16376783866076525,20.48
2019-07-14 08:32:00,2019-07-14 12:47:00,1.78263671875,0.3830133578607107,24.642450903400363,17,0.13178294573643412,0.0859375,11.636363636363637,0.48187062989666085,4.654545454545455
2019-07-14 12:48:00,2019-07-14 17:03:00,2.1920192255392417,1.0366228451778479,93.7617031848987,46,0.35658914728682173,0.22265625,4.491228070175438,0.7230676900728735,1.7964912280701755
2019-07-14 17:04:00,2019-07-14 21:19:00,0.13192740460675123,0.14915054264350813,0.6768254754665581,1,0.007751937984496124,0.00390625,256.0,0.07265238088716884,60.0
2019-07-14 21:20:00,2019-07-15 01:35:00,0.0,0.0,0.0,0,0.0,0.0,inf,0.0,60.0
2019-07-15 01:36:00,2019-07-15 05:51:00,0.07358223369146788,0.0811477311878248,0.21250724558860812,1,0.007751937984496124,0.00390625,256.0,0.07766253578201744,60.0
2019-07-15 05:52:00,2019-07-15 10:07:00,0.9597645182291666,0.7519793942004162,9.034235766373214,3,0.023255813953488372,0.01953125,51.2,0.18573072984797323,20.48
2019-07-15 10:08:00,2019-07-15 14:23:00,3.7713819661458334,1.5051578822979823,240.34321953689022,48,0.37209302325581395,0.23828125,4.19672131147541,0.742282287903629,1.678688524590164
2019-07-15 14:24:00,2019-07-15 18:39:00,0.6878949451823004,0.5612112202603649,25.88270234789433,29,0.2248062015503876,0.125,8.0,0.5299733979439851,3.2
2019-07-15 18:40:00,2019-07-15 22:55:00,0.008838178826180425,0.016964342442291048,0.008501225252925751,0,0.0,0.0,inf,0.0,60.0
2019-07-15 22:56:00,2019-07-16 03:11:00,0.001944892819349663,0.005930985416401493,0.0002040222933813125,0,0.0,0.0,inf,0.0,60.0
2019-07-16 03:12:00,2019-07-16 07:27:00,0.4402471879651407,0.4440858070647506,1.521253058485086,13,0.10077519379844961,0.0625,16.0,0.4806544359166475,6.4
2019-07-16 07:28:00,2019-07-16 11:43:00,2.8791281901041668,1.7720774430434663,220.06801946793442,3,0.023255813953488372,0.015625,64.0,0.25319848380534415,25.6
2019-07-16 11:44:00,2019-07-16 15:59:00,4.515590625000001,0.9974840777384855,61.32259393765804,62,0.4806201550387597,0.33203125,3.011764705882353,0.7009891309717147,1.2047058823529413
2019-07-16 16:00:00,2019-07-16 20:15:00,0.6630206289135846,0.7635061485819976,16.67900344035893,2,0.015503875968992248,0.0078125,128.0,0.09290037710041449,51.2
2019-07-16 20:16:00,2019-07-17 00:31:00,0.0,0.0,0.0,0,0.0,0.0,inf,0.0,60.0
2019-07-17 00:32:00,2019-07-17 04:47:00,0.10132703411445265,0.12158190590779341,0.9591621545435194,2,0.015503875968992248,0.0078125,128.0,0.12649119855171168,51.2
2019-07-17 04:48:00,2019-07-17 09:03:00,1.5811116536458334,1.1976442787824189,72.32123241140371,2,0.015503875968992248,0.0078125,128.0,0.08931669376363217,51.2
2019-07-17 09:04:00,2019-07-17 13:19:00,4.802849088541667,0.8333955373133172,94.2820199505304,47,0.3643410852713178,0.2421875,4.129032258064516,0.7628085610827167,1.6516129032258065
2019-07-17 13:20:00,2019-07-17 17:35:00,2.9742009765625,1.4107520454777218,57.51455194365617,2,0.015503875968992248,0.01171875,85.33333333333333,0.14935463925391085,34.13333333333333
2019-07-17 17:36:00,2019-07-17 21:51:00,0.10610685052671646,0.12487725287607726,0.8033989198196784,2,0.015503875968992248,0.0078125,128.0,0.10995639132361433,51.2
2019-07-17 21:52:00,2019-07-18 02:07:00,0.0,0.0,0.0,0,0.0,0.0,inf,0.0,60.0
2019-07-18 02:08:00,2019-07-18 06:23:00,0.20876339301734181,0.14795100449954912,0.8525094793617916,3,0.023255813953488372,0.01171875,85.33333333333333,0.20351485067804026,34.13333333333333
2019-07-18 06:24:00,2019-07-18 10:39:00,2.5791611328125,1.430923435577909,146.07626593408375,45,0.3488372093023256,0.20703125,4.830188679245283,0.7498454023805009,1.9320754716981132
2019-07-18 10:40:00,2019-07-18 14:55:00,4.485680078125,1.2457835511584907,100.27226631365252,54,0.4186046511627907,0.26171875,3.8208955223880596,0.7689277661627879,1.528358208955224
2019-07-18 14:56:00,2019-07-18 19:11:00,1.0688307142645088,1.1872159481130193,44.08289883173252,19,0.14728682170542637,0.08203125,12.19047619047619,0.4252316191737252,4.876190476190477
2019-07-18 19:12:00,2019-07-18 23:27:00,0.006932895793082268,0.014999213596317784,0.002339799019011321,0,0.0,0.0,inf,0.0,60.0
2019-07-18 23:28:00,2019-07-19 03:43:00,0.005347863337761751,0.011170551552436398,0.0021644333622160648,0,0.0,0.0,inf,0.0,60.0
2019-07-19 03:44:00,2019-07-19 07:59:00,0.6635874084150073,0.5439162726509917,12.202784267916606,2,0.015503875968992248,0.0078125,128.0,0.14300865696991194,51.2
2019-07-19 08:00:00,2019-07-19 12:15:00,2.909900455729167,1.3058924769327187,197.0145540762586,4,0.031007751937984496,0.015625,64.0,0.32608978392156596,25.6
2019-07-19 12:16:00,2019-07-19 16:31:00,1.3115608710393207,1.1858702139646113,313.7608099031358,11,0.08527131782945736,0.0546875,18.285714285714285,0.4187755000718511,7.314285714285715
2019-07-19 16:32:00,2019-07-19 20:47:00,0.34694867242111643,0.45678586719608033,4.048309793153594,1,0.007751937984496124,0.00390625,256.0,0.06596084302306712,60.0
2019-07-19 20:48:00,2019-07-20 01:03:00,0.0,0.0,0.0,0,0.0,0.0,inf,0.0,60.0
2019-07-20 01:04:00,2019-07-20 05:19:00,0.11170260442641981,0.1374174516935555,0.875114537459542,2,0.015503875968992248,0.0078125,128.0,0.14391720309750541,51.2
2019-07-20 05:20:00,2019-07-20 09:35:00,1.9003720703125002,1.147839661254705,66.44619668304784,5,0.03875968992248062,0.02734375,36.57142857142857,0.28016572887995844,14.62857142857143
2019-07-20 09:36:00,2019-07-20 13:51:00,3.2248791666666667,1.5051428197190246,297.3144121834799,9,0.06976744186046512,0.03515625,28.444444444444443,0.4652453727282967,11.377777777777778
2019-07-20 13:52:00,2019-07-20 18:07:00,1.3761698256943662,0.7527945039984297,46.891772018708586,15,0.11627906976744186,0.0625,16.0,0.41380761441037406,6.4
2019-07-20 18:08:00,2019-07-20 22:23:00,0.01889349277430874,0.04353591732410706,0.025018787725641412,0,0.0,0.0,inf,0.0,60.0
2019-07-20 22:24:00,2019-07-21 02:39:00,0.0,0.0,0.0,0,0.0,0.0,inf,0.0,60.0
2019-07-21 02:40:00,2019-07-21 06:55:00,0.24970280716584164,0.19387994967376881,0.7497895112155509,6,0.046511627906976744,0.0390625,25.6,0.2601223568014365,10.24
2019-07-21 06:56:00,2019-07-21 11:11:00,2.131808203125,1.475204335540404,307.75880432833463,37,0.2868217054263566,0.19140625,5.224489795918367,0.6791126976715843,2.089795918367347
2019-07-21 11:12:00,2019-07-21 15:27:00,1.5719934461950433,1.3296328286708248,65.22421922067056,10,0.07751937984496124,0.05078125,19.692307692307693,0.36938381905215173,7.876923076923077
2019-07-21 15:28:00,2019-07-21 19:43:00,0.560080272888337,0.4662586710791405,16.685027417649586,19,0.14728682170542637,0.1328125,7.529411764705882,0.44416558955558777,3.011764705882353
2019-07-21 19:44:00,2019-07-21 23:59:00,0.0004958491848584311,0.0020630195651372522,1.1428672040352507e-05,0,0.0,0.0,inf,0.0,60.0
2019-07-22 00:00:00,2019-07-22 04:15:00,0.03917873410243655,0.07602836566981604,0.1075459066500982,0,0.0,0.0,inf,0.0,60.0
2019-07-22 04:16:00,2019-07-22 08:31:00,0.9587733072916668,0.4303222601891776,7.152372026724553,4,0.031007751937984496,0.015625,64.0,0.23078914978418089,25.6
2019-07-22 08:32:00,2019-07-22 12:47:00,2.3726978515625,0.7623672463491143,92.70034601343437,15,0.11627906976744186,0.0859375,11.636363636363637,0.5241016549100064,4.654545454545455
2019-07-22 12:48:00,2019-07-22 17:03:00,0.7835487935742644,0.5809557673164994,21.163282093369908,6,0.046511627906976744,0.02734375,36.57142857142857,0.38052661804073545,14.62857142857143
2019-07-22 17:04:00,2019-07-22 21:19:00,0.03855433042072997,0.05242871504283275,0.11132474962402569,0,0.0,0.0,inf,0.0,60.0
2019-07-22 21:20:00,2019-07-23 01:35:00,0.0,0.0,0.0,0,0.0,0.0,inf,0.0,60.0
2019-07-23 01:36:00,2019-07-23 05:51:00,0.12345337665842153,0.12408425149506694,1.2822232317937128,4,0.031007751937984496,0.015625,64.0,0.28248656873119316,25.6
2019-07-23 05:52:00,2019-07-23 10:07:00,2.520826171875,1.4815684557385207,107.56292399365192,2,0.015503875968992248,0.0078125,128.0,0.16066518119379739,51.2
2019-07-23 10:08:00,2019-07-23 14:23:00,4.884923958333333,0.6103679929692929,6.7158938377484985,1,0.007751937984496124,0.00390625,256.0,0.061651578059790595,60.0
2019-07-23 14:24:00,2019-07-23 18:39:00,1.3988855931126492,1.1600263066834826,76.62301914884864,35,0.2713178294573643,0.18359375,5.446808510638298,0.6134704285297502,2.178723404255319
2019-07-23 18:40:00,2019-07-23 22:55:00,0.02259917614828994,0.0442837879213348,0.029343743855616434,0,0.0,0.0,inf,0.0,60.0
2019-07-23 22:56:00,2019-07-24 03:11:00,0.0023469614793212097,0.00715179572292423,0.00029545366633133515,0,0.0,0.0,inf,0.0,60.0
2019-07-24 03:12:00,2019-07-24 07:27:00,0.49728473632358317,0.44073405759123246,2.836886135435475,2,0.015503875968992248,0.0078125,128.0,0.1429208856485171,51.2
2019-07-24 07:28:00,2019-07-24 11:43:00,3.936429624478933,1.0746515936790662,73.26754157408239,20,0.15503875968992248,0.078125,12.8,0.4610512937153225,5.12
2019-07-24 11:44:00,2019-07-24 15:59:00,4.102892677121865,0.9511097979327618,59.18572743593088,41,0.3178294573643411,0.29296875,3.4133333333333336,0.7227755125828506,1.3653333333333335
2019-07-24 16:00:00,2019-07-24 20:15:00,0.6313922499668163,0.7101148674208532,14.794460956970982,2,0.015503875968992248,0.0078125,128.0,0.1288803428802949,51.2
2019-07-24 20:16:00,2019-07-25 00:31:00,0.0,0.0,0.0,0,0.0,0.0,inf,0.0,60.0
2019-07-25 00:32:00,2019-07-25 04:47:00,0.07362429813472304,0.10713402302314178,0.46877036033723,2,0.015503875968992248,0.0078125,128.0,0.09637595220665561,51.2
2019-07-25 04:48:00,2019-07-25 09:03:00,1.5060169270833332,1.1346790035054082,56.322477830759595,2,0.015503875968992248,0.0078125,128.0,0.10368451924669474,51.2
2019-07-25 09:04:00,2019-07-25 13:19:00,4.686377473958333,0.5774554457849622,34.25428305117381,33,0.2558139534883721,0.25390625,3.9384615384615387,0.5730374891076717,1.5753846153846154
2019-07-25 13:20:00,2019-07-25 17:35:00,2.8103195963541667,1.3366338250642433,63.42762203237404,1,0.007751937984496124,0.00390625,256.0,0.0664162456594399,60.0
2019-07-25 17:36:00,2019-07-25 21:51:00,0.08051584584274062,0.11310850503014797,0.4782545466739348,2,0.015503875968992248,0.0078125,128.0,0.08838495768047727,51.2
2019-07-25 21:52:00,2019-07-26 02:07:00,0.0,0.0,0.0,0,0.0,0.0,inf,0.0,60.0
2019-07-26 02:08:00,2019-07-26 06:23:00,0.19623383670760622,0.1534756153455647,1.0184085007215162,2,0.015503875968992248,0.0078125,128.0,0.17084586048091904,51.2
2019-07-26 06:24:00,2019-07-26 10:39:00,2.923852994791667,1.278967410390112,56.27551888781675,1,0.007751937984496124,0.00390625,256.0,0.05305068108390308,60.0
2019-07-26 10:40:00,2019-07-26 14:55:00,4.315205403645833,1.030054194629484,142.400612605312,67,0.5193798449612403,0.3515625,2.8444444444444446,0.8614381200336615,1.1377777777777778
2019-07-26 14:56:00,2019-07-26 19:11:00,0.7945378493189543,0.8015578480542258,27.025978409675695,28,0.21705426356589147,0.140625,7.111111111111111,0.5602734324726864,2.8444444444444446
2019-07-26 19:12:00,2019-07-26 23:27:00,0.003574772322352222,0.009084302939543475,0.0006131645322129408,0,0.0,0.0,inf,0.0,60.0
2019-07-26 23:28:00,2019-07-27 03:43:00,0.008605659900209079,0.02158114931643737,0.004521917653412652,0,0.0,0.0,inf,0.0,60.0
2019-07-27 03:44:00,2019-07-27 07:59:00,0.7655331252972482,0.6854241973588308,13.865913382996125,1,0.007751937984496124,0.00390625,256.0,0.0791185410044961,60.0
2019-07-27 08:00:00,2019-07-27 12:15:00,3.495552463508377,1.3115637447649258,271.42846820149464,54,0.4186046511627907,0.32421875,3.0843373493975905,0.8172922924241485,1.2337349397590363
2019-07-27 12:16:00,2019-07-27 16:31:00,3.2384448567708333,1.2634480033266304,101.26028923846914,58,0.4496124031007752,0.390625,2.56,0.8174878089444333,1.024
2019-07-27 16:32:00,2019-07-27 20:47:00,0.3195806287257273,0.42492135972024425,4.116021689673716,1,0.007751937984496124,0.00390625,256.0,0.06834623966573677,60.0
2019-07-27 20:48:00,2019-07-28 01:03:00,0.0010123325386709394,0.0020122877045480915,0.0010057111455243496,0,0.0,0.0,inf,0.0,60.0
2019-07-28 01:04:00,2019-07-28 05:19:00,0.08812003504366618,0.1075230396478397,0.6034890323815635,2,0.015503875968992248,0.0078125,128.0,0.09478271559319014,51.2
2019-07-28 05:20:00,2019-07-28 09:35:00,0.5629324516401244,0.6134482103354452,21.401746933687967,3,0.023255813953488372,0.01171875,85.33333333333333,0.2338470566881279,34.13333333333333
2019-07-28 09:36:00,2019-07-28 13:51:00,2.6013660156249996,1.5576277299238699,300.7828336547693,49,0.3798449612403101,0.26171875,3.8208955223880596,0.7545683056516613,1.528358208955224
2019-07-28 13:52:00,2019-07-28 18:07:00,1.6985751302083334,1.150487008950879,98.42940964650705,36,0.27906976744186046,0.19921875,5.019607843137255,0.6194855842985616,2.007843137254902
2019-07-28 18:08:00,2019-07-28 22:23:00,0.041460593884120864,0.07712667904612473,0.1313768948298071,0,0.0,0.0,inf,0.0,60.0
2019-07-28 22:24:00,2019-07-29 02:39:00,0.0,0.0,0.0,0,0.0,0.0,inf,0.0,60.0
2019-07-29 02:40:00,2019-07-29 06:55:00,0.3336854048777621,0.2658656642155157,1.193748439972036,1,0.007751937984496124,0.00390625,256.0,0.10691604368885659,60.0
2019-07-29 06:56:00,2019-07-29 11:11:00,3.210334700520833,0.9788102051187529,22.142404962165138,2,0.015503875968992248,0.0078125,128.0,0.1440730657846626,51.2
2019-07-29 11:12:00,2019-07-29 15:27:00,3.5562154391647907,0.6071990304798288,38.04894231188263,9,0.06976744186046512,0.04296875,23.272727272727273,0.36045338113440367,9.30909090909091
2019-07-29 15:28:00,2019-07-29 19:43:00,0.8694887741724828,0.8854907797197257,30.839081470825466,2,0.015503875968992248,0.0078125,128.0,0.08341157851023928,51.2
2019-07-29 19:44:00,2019-07-29 23:59:00,0.0005310591605286609,0.0013738312278285434,1.7618424553286623e-05,0,0.0,0.0,inf,0.0,60.0
2019-07-30 00:00:00,2019-07-30 04:15:00,0.030533765592795893,0.06384872162347982,0.06423558383667738,0,0.0,0.0,inf,0.0,60.0
2019-07-30 04:16:00,2019-07-30 08:31:00,0.8934170035944167,0.5357097363904751,18.017481639657046,8,0.06201550387596899,0.04296875,23.272727272727273,0.3796905498271856,9.30909090909091
2019-07-30 08:32:00,2019-07-30 12:47:00,2.7583277343750003,1.3035504398116509,132.9420918512492,22,0.17054263565891473,0.11328125,8.827586206896552,0.5626923143422128,3.531034482758621
2019-07-30 12:48:00,2019-07-30 17:03:00,1.5609207682291668,1.0403645320283135,151.7559128279478,4,0.031007751937984496,0.015625,64.0,0.34728802618772264,25.6
2019-07-30 17:04:00,2019-07-30 21:19:00,0.05415975996726192,0.07913760365251456,0.19839070890522545,1,0.007751937984496124,0.00390625,256.0,0.09178863631799589,60.0
2019-07-30 21:20:00,2019-07-31 01:35:00,0.0,0.0,0.0,0,0.0,0.0,inf,0.0,60.0
2019-07-31 01:36:00,2019-07-31 05:51:00,0.0392419158951721,0.0523087225902357,0.09004804219237816,0,0.0,0.0,inf,0.0,60.0
2019-07-31 05:52:00,2019-07-31 10:07:00,0.36544513907514564,0.3088432449332423,1.3473995061703414,8,0.06201550387596899,0.0390625,25.6,0.3272850352936571,10.24
2019-07-31 10:08:00,2019-07-31 14:23:00,1.5398382161458333,0.8534634634073918,167.11330969683,15,0.11627906976744186,0.07421875,13.473684210526315,0.49143901566807985,5.389473684210526
2019-07-31 14:24:00,2019-07-31 18:39:00,0.9552797670271455,1.0951980266274635,57.41598361160998,7,0.05426356589147287,0.03125,32.0,0.3553634653029563,12.8
2019-07-31 18:40:00,2019-07-31 22:55:00,0.0020918043995306703,0.0059981575279966035,0.00024328289783286976,0,0.0,0.0,inf,0.0,60.0
2019-07-31 22:56:00,2019-08-01 03:11:00,0.0,0.0,0.0,0,0.0,0.0,inf,0.0,60.0
2019-08-01 03:12:00,2019-08-01 07:27:00,0.1227284501919231,0.12298506142863096,0.4596236591830448,2,0.015503875968992248,0.0078125,128.0,0.14240658990516222,51.2
2019-08-01 07:28:00,2019-08-01 11:43:00,0.4387545792184468,0.18272118657302555,3.776325019049175,4,0.031007751937984496,0.015625,64.0,0.30839406465976876,25.6
2019-08-01 11:44:00,2019-08-01 15:59:00,1.3878739547408574,0.9083523217062934,94.26334740134067,17,0.13178294573643412,0.07421875,13.473684210526315,0.5653145804515377,5.389473684210526
2019-08-01 16:00:00,2019-08-01 20:15:00,0.5072332198937796,0.5960820926394682,9.90829046156296,2,0.015503875968992248,0.0078125,128.0,0.15019990677521736,51.2
2019-08-01 20:16:00,2019-08-02 00:31:00,0.0,0.0,0.0,0,0.0,0.0,inf,0.0,60.0
2019-08-02 00:32:00,2019-08-02 04:47:00,0.038160080093076476,0.06294518087281227,0.11537754608817859,0,0.0,0.0,inf,0.0,60.0
2019-08-02 04:48:00,2019-08-02 09:03:00,0.5563179221728524,0.25604999207393114,2.9200938933452605,2,0.015503875968992248,0.0078125,128.0,0.10668075208813221,51.2
2019-08-02 09:04:00,2019-08-02 13:19:00,1.7882030598958332,0.8423925897045894,13.650493481940547,3,0.023255813953488372,0.01171875,85.33333333333333,0.2600800160772039,34.13333333333333
2019-08-02 13:20:00,2019-08-02 17:35:00,2.755491276041666,1.5060168093682336,141.7911910092137,16,0.12403100775193798,0.07421875,13.473684210526315,0.5046934166053948,5.389473684210526
2019-08-02 17:36:00,2019-08-02 21:51:00,0.07249040409312557,0.10910507265150546,0.4279623124491813,2,0.015503875968992248,0.0078125,128.0,0.0887563331998772,51.2
2019-08-02 21:52:00,2019-08-03 02:07:00,0.0,0.0,0.0,0,0.0,0.0,inf,0.0,60.0
2019-08-03 02:08:00,2019-08-03 06:23:00,0.17409916874246742,0.15487670830946798,1.2893195598903846,2,0.015503875968992248,0.0078125,128.0,0.13497309553959225,51.2
2019-08-03 06:24:00,2019-08-03 10:39:00,3.128212890625,1.4122469315727366,66.24974603628218,1,0.007751937984496124,0.00390625,256.0,0.050811026215656446,60.0
2019-08-03 10:40:00,2019-08-03 14:55:00,4.8874016276041665,0.45626679856650804,12.168628563001812,2,0.015503875968992248,0.0078125,128.0,0.11579347076805849,51.2
2019-08-03 14:56:00,2019-08-03 19:11:00,1.3627012399155431,1.2184836466832727,65.01695642415828,2,0.015503875968992248,0.0078125,128.0,0.07048201019584595,51.2
2019-08-03 19:12:00,2019-08-03 23:27:00,0.001383182242694419,0.0038964783930831356,0.00012102789412790471,0,0.0,0.0,inf,0.0,60.0
2019-08-03 23:28:00,2019-08-04 03:43:00,0.0028142953631826975,0.008803529456604122,0.0004138651652216381,0,0.0,0.0,inf,0.0,60.0
2019-08-04 03:44:00,2019-08-04 07:59:00,0.6385439717885684,0.5719868877824107,11.45183119709069,3,0.023255813953488372,0.01171875,85.33333333333333,0.2581059909769354,34.13333333333333
2019-08-04 08:00:00,2019-08-04 12:15:00,2.49295234375,1.2505564610488336,263.48601900296615,34,0.26356589147286824,0.21484375,4.654545454545454,0.6657890422342888,1.8618181818181818
2019-08-04 12:16:00,2019-08-04 16:31:00,1.5665034505208333,0.548193351603444,54.07396493290302,34,0.26356589147286824,0.19140625,5.224489795918367,0.6846398408042333,2.089795918367347
2019-08-04 16:32:00,2019-08-04 20:47:00,0.12207295468791188,0.16176561209820728,0.7503924615689336,2,0.015503875968992248,0.0078125,128.0,0.08031020514239558,51.2
2019-08-04 20:48:00,2019-08-05 01:03:00,0.0,0.0,0.0,0,0.0,0.0,inf,0.0,60.0
2019-08-05 01:04:00,2019-08-05 05:19:00,0.08647203358996959,0.11879839324873442,0.6139596364457968,2,0.015503875968992248,0.0078125,128.0,0.09339101349948349,51.2
2019-08-05 05:20:00,2019-08-05 09:35:00,1.8439255859375,1.2780552702316976,90.48426916297333,9,0.06976744186046512,0.03515625,28.444444444444443,0.3195924695096813,11.377777777777778
2019-08-05 09:36:00,2019-08-05 13:51:00,3.5382182946765237,1.289979181621892,159.86050005297486,24,0.18604651162790697,0.125,8.0,0.5991919282982908,3.2
2019-08-05 13:52:00,2019-08-05 18:07:00,1.3961097288978723,0.9844751440295748,25.47603508414278,19,0.14728682170542637,0.08203125,12.19047619047619,0.5280174236966251,4.876190476190477
2019-08-05 18:08:00,2019-08-05 22:23:00,0.009647387672249465,0.022004693067994668,0.006334096514602404,0,0.0,0.0,inf,0.0,60.0
2019-08-05 22:24:00,2019-08-06 02:39:00,0.0,0.0,0.0,0,0.0,0.0,inf,0.0,60.0
2019-08-06 02:40:00,2019-08-06 06:55:00,0.32888291587664054,0.32947308581045337,4.659796335279087,4,0.031007751937984496,0.015625,64.0,0.21843797419221292,25.6
2019-08-06 06:56:00,2019-08-06 11:11:00,2.53386171875,1.5602796251145392,188.36068892994615,48,0.37209302325581395,0.24609375,4.063492063492063,0.7319577946172768,1.6253968253968254
2019-08-06 11:12:00,2019-08-06 15:27:00,3.133302018229166,1.8515049491411197,435.531344342266,40,0.31007751937984496,0.21484375,4.654545454545454,0.6983867334508924,1.8618181818181818
2019-08-06 15:28:00,2019-08-06 19:43:00,0.4117660299992951,0.46665443423299424,13.685381035919109,6,0.046511627906976744,0.0234375,42.666666666666664,0.3812314580541634,17.066666666666666
2019-08-06 19:44:00,2019-08-06 23:59:00,0.0,0.0,0.0,0,0.0,0.0,inf,0.0,60.0
2019-08-07 00:00:00,2019-08-07 04:15:00,0.015144626325918857,0.03530133094051925,0.014991833875468373,0,0.0,0.0,inf,0.0,60.0
2019-08-07 04:16:00,2019-08-07 08:31:00,1.150142523923124,1.0083555625287466,42.155306497591994,2,0.015503875968992248,0.0078125,128.0,0.08547030006370847,51.2
2019-08-07 08:32:00,2019-08-07 12:47:00,2.4169294921875,1.4671141704434953,243.76186146824344,24,0.18604651162790697,0.1015625,9.846153846153847,0.6059933275943008,3.9384615384615387
2019-08-07 12:48:00,2019-08-07 17:03:00,1.1825811831167556,1.1202683761024528,296.0206994477368,12,0.09302325581395349,0.05078125,19.692307692307693,0.49017606718867923,7.876923076923077
2019-08-07 17:04:00,2019-08-07 21:19:00,0.0890162963463477,0.10752678876661075,0.6720144468026328,2,0.015503875968992248,0.0078125,128.0,0.19121416785213866,51.2
2019-08-07 21:20:00,2019-08-08 01:35:00,0.0,0.0,0.0,0,0.0,0.0,inf,0.0,60.0
2019-08-08 01:36:00,2019-08-08 05:51:00,0.1263447399442649,0.1373196587830676,1.322782298884309,2,0.015503875968992248,0.0078125,128.0,0.12920608608320858,51.2
2019-08-08 05:52:00,2019-08-08 10:07:00,1.8460541015625,1.43037154911031,145.470819842114,11,0.08527131782945736,0.05859375,17.066666666666666,0.5243456870581757,6.826666666666667
2019-08-08 10:08:00,2019-08-08 14:23:00,1.8927319582791453,1.6490188134663923,178.8731549864456,4,0.031007751937984496,0.015625,64.0,0.22050682033901547,25.6
2019-08-08 14:24:00,2019-08-08 18:39:00,0.5937261114817668,0.7805639130636267,17.664807212133834,26,0.20155038759689922,0.11328125,8.827586206896552,0.662940283455697,3.531034482758621
2019-08-08 18:40:00,2019-08-08 22:55:00,0.004471117504989852,0.01346417623003625,0.0010708901389160951,0,0.0,0.0,inf,0.0,60.0
2019-08-08 22:56:00,2019-08-09 03:11:00,0.0,0.0,0.0,0,0.0,0.0,inf,0.0,60.0
2019-08-09 03:12:00,2019-08-09 07:27:00,0.47341426718588336,0.5386148586008819,4.2797936774991,2,0.015503875968992248,0.0078125,128.0,0.14756975712423473,51.2
2019-08-09 07:28:00,2019-08-09 11:43:00,3.755540625,1.6110517904969448,259.87944493993024,29,0.2248062015503876,0.12890625,7.757575757575758,0.6725638788245725,3.103030303030303
2019-08-09 11:44:00,2019-08-09 15:59:00,1.842295768229167,1.1010009536743635,29.895161484644287,3,0.023255813953488372,0.01171875,85.33333333333333,0.1943669955325952,34.13333333333333
2019-08-09 16:00:00,2019-08-09 20:15:00,0.23718753491379724,0.26287068878018355,1.9096107367841484,1,0.007751937984496124,0.00390625,256.0,0.09007680843216574,60.0
2019-08-09 20:16:00,2019-08-10 00:31:00,0.0,0.0,0.0,0,0.0,0.0,inf,0.0,60.0
2019-08-10 00:32:00,2019-08-10 04:47:00,0.0067359908829724684,0.016042029218000697,0.003086334286390235,0,0.0,0.0,inf,0.0,60.0
2019-08-10 04:48:00,2019-08-10 09:03:00,1.1757448912515207,1.1732922554004306,58.26859624438927,10,0.07751937984496124,0.0390625,25.6,0.31446961018006486,10.24
2019-08-10 09:04:00,2019-08-10 13:19:00,3.718162890625,1.7746815626395158,476.95146539836145,42,0.32558139534883723,0.21875,4.571428571428571,0.721259131601636,1.8285714285714287
2019-08-10 13:20:00,2019-08-10 17:35:00,1.2506558203803018,1.3245115415668873,85.81608253486158,17,0.13178294573643412,0.08984375,11.130434782608695,0.503067311692402,4.452173913043478
2019-08-10 17:36:00,2019-08-10 21:51:00,0.0528977643725538,0.09496896028713418,0.21838860474585756,2,0.015503875968992248,0.0078125,128.0,0.08383977190151093,51.2
2019-08-10 21:52:00,2019-08-11 02:07:00,0.0,0.0,0.0,0,0.0,0.0,inf,0.0,60.0
2019-08-11 02:08:00,2019-08-11 06:23:00,0.1819488291525094,0.19205027784312362,1.4315434651504193,2,0.015503875968992248,0.0078125,128.0,0.17324578509765814,51.2
2019-08-11 06:24:00,2019-08-11 10:39:00,2.3799999348958334,1.3238415864877346,127.03073344363821,65,0.5038759689922481,0.4296875,2.327272727272727,0.787079474374751,1.0
2019-08-11 10:40:00,2019-08-11 14:55:00,3.7565320963541664,1.6370594385112407,386.7008838149492,60,0.46511627906976744,0.3203125,3.1219512195121952,0.7985681899795298,1.248780487804878
2019-08-11 14:56:00,2019-08-11 19:11:00,0.9344488836085455,0.9402068221869159,37.86295072117011,8,0.06201550387596899,0.0390625,25.6,0.34437935494788646,10.24
2019-08-11 19:12:00,2019-08-11 23:27:00,0.0,0.0,0.0,0,0.0,0.0,inf,0.0,60.0
2019-08-11 23:28:00,2019-08-12 03:43:00,0.00030159187038836265,0.001480777875152002,4.055641923245022e-06,0,0.0,0.0,inf,0.0,60.0
2019-08-12 03:44:00,2019-08-12 07:59:00,0.7553007286586093,0.7926563683291675,17.651175929367177,1,0.007751937984496124,0.00390625,256.0,0.07536448981909986,60.0
2019-08-12 08:00:00,2019-08-12 12:15:00,3.5582570963541666,1.5932213595362106,283.4192217453112,57,0.4418604651162791,0.28125,3.5555555555555554,0.7784248176071172,1.4222222222222223
2019-08-12 12:16:00,2019-08-12 16:31:00,2.221057096354167,1.4676545496254323,282.85065151946674,11,0.08527131782945736,0.046875,21.333333333333332,0.47491636145500005,8.533333333333333
2019-08-12 16:32:00,2019-08-12 20:47:00,0.2700701261921303,0.4250505502228233,4.010039748408505,1,0.007751937984496124,0.00390625,256.0,0.053516475137024434,60.0
2019-08-12 20:48:00,2019-08-13 01:03:00,0.0,0.0,0.0,0,0.0,0.0,inf,0.0,60.0
2019-08-13 01:04:00,2019-08-13 05:19:00,0.036771941264928595,0.07848870472968669,0.09621408876459345,0,0.0,0.0,inf,0.0,60.0
2019-08-13 05:20:00,2019-08-13 09:35:00,0.8130552259791453,0.7935728904776075,46.043161726307964,8,0.06201550387596899,0.03125,32.0,0.34163157975200065,12.8
2019-08-13 09:36:00,2019-08-13 13:51:00,1.0985926436292797,0.5709640267344239,43.56867769094039,9,0.06976744186046512,0.04296875,23.272727272727273,0.4756886240543759,9.30909090909091
2019-08-13 13:52:00,2019-08-13 18:07:00,0.6413696986281561,0.3221776135444212,10.229264564732674,9,0.06976744186046512,0.03515625,28.444444444444443,0.3972882282865487,11.377777777777778
2019-08-13 18:08:00,2019-08-13 22:23:00,0.017390996239705733,0.04290856293361515,0.018709838628517068,0,0.0,0.0,inf,0.0,60.0
2019-08-13 22:24:00,2019-08-14 02:39:00,0.0,0.0,0.0,0,0.0,0.0,inf,0.0,60.0
2019-08-14 02:40:00,2019-08-14 06:55:00,0.29690792359729556,0.32010142282261844,1.974166290905991,2,0.015503875968992248,0.0078125,128.0,0.11522508883178212,51.2
2019-08-14 06:56:00,2019-08-14 11:11:00,2.8174829427083337,1.5774916681551145,301.34643048218413,34,0.26356589147286824,0.1640625,6.095238095238095,0.680580596370815,2.4380952380952383
2019-08-14 11:12:00,2019-08-14 15:27:00,3.650228515625,1.6735940358103216,345.9695398339313,31,0.24031007751937986,0.171875,5.818181818181818,0.6773497226397168,2.3272727272727276
2019-08-14 15:28:00,2019-08-14 19:43:00,0.8289001555102666,1.013497923456385,45.94272625867213,2,0.015503875968992248,0.0078125,128.0,0.1684157878669693,51.2
2019-08-14 19:44:00,2019-08-14 23:59:00,0.0,0.0,0.0,0,0.0,0.0,inf,0.0,60.0
2019-08-15 00:00:00,2019-08-15 04:15:00,0.0024751946338031,0.008703625830265288,0.0003034290748665029,0,0.0,0.0,inf,0.0,60.0
2019-08-15 04:16:00,2019-08-15 08:31:00,0.7364250582956173,0.573526897559291,4.067072481241959,4,0.031007751937984496,0.015625,64.0,0.25092970025218475,25.6
2019-08-15 08:32:00,2019-08-15 12:47:00,1.1367595052083335,0.7347465793397688,71.67741800324141,6,0.046511627906976744,0.0234375,42.666666666666664,0.3858676413366781,17.066666666666666
2019-08-15 12:48:00,2019-08-15 17:03:00,0.4470227741264314,0.2587475761853633,7.159378186647149,11,0.08527131782945736,0.05078125,19.692307692307693,0.49564177321672565,7.876923076923077
2019-08-15 17:04:00,2019-08-15 21:19:00,0.037011645256433245,0.06643606250618488,0.08996941388211446,0,0.0,0.0,inf,0.0,60.0
2019-08-15 21:20:00,2019-08-16 01:35:00,0.0,0.0,0.0,0,0.0,0.0,inf,0.0,60.0
2019-08-16 01:36:00,2019-08-16 05:51:00,0.06660813913005534,0.09200938320093863,0.32073234496622405,2,0.015503875968992248,0.0078125,128.0,0.09870111139211515,51.2
2019-08-16 05:52:00,2019-08-16 10:07:00,1.5187257812500001,1.174026127718173,140.60395052900344,18,0.13953488372093023,0.09765625,10.24,0.509321899387065,4.096
2019-08-16 10:08:00,2019-08-16 14:23:00,2.256757421875,1.3636411448892114,290.3600650156434,53,0.4108527131782946,0.27734375,3.6056338028169015,0.7705815066730054,1.4422535211267606
2019-08-16 14:24:00,2019-08-16 18:39:00,0.7103707830726566,0.7359487921475902,9.743391814420319,9,0.06976744186046512,0.0390625,25.6,0.4351903971206421,10.24
2019-08-16 18:40:00,2019-08-16 22:55:00,0.0004976867059844589,0.0021995021512240575,1.130751025393379e-05,0,0.0,0.0,inf,0.0,60.0
2019-08-16 22:56:00,2019-08-17 03:11:00,0.0,0.0,0.0,0,0.0,0.0,inf,0.0,60.0
2019-08-17 03:12:00,2019-08-17 07:27:00,0.09671674862768066,0.09546545554871898,0.3993419645554718,2,0.015503875968992248,0.0078125,128.0,0.1895567612318276,51.2
2019-08-17 07:28:00,2019-08-17 11:43:00,0.976960882332798,0.4750217767927905,13.872473320214592,8,0.06201550387596899,0.03515625,28.444444444444443,0.42508258403885146,11.377777777777778
2019-08-17 11:44:00,2019-08-17 15:59:00,0.7791786517955419,0.6238946880140911,21.76852471462287,8,0.06201550387596899,0.03125,32.0,0.4203863588672435,12.8
2019-08-17 16:00:00,2019-08-17 20:15:00,0.11021318353209486,0.10472629956445141,1.3337006723588916,5,0.03875968992248062,0.01953125,51.2,0.34945084312121294,20.48
2019-08-17 20:16:00,2019-08-18 00:31:00,0.0,0.0,0.0,0,0.0,0.0,inf,0.0,60.0
2019-08-18 00:32:00,2019-08-18 04:47:00,0.021914464035126553,0.045424971836879664,0.034036473945775386,0,0.0,0.0,inf,0.0,60.0
2019-08-18 04:48:00,2019-08-18 09:03:00,0.45754365776856776,0.1256452511898361,1.7138494988890038,6,0.046511627906976744,0.02734375,36.57142857142857,0.37194943081418963,14.62857142857143
2019-08-18 09:04:00,2019-08-18 13:19:00,0.9170896833222961,0.3830455603888041,9.043025864341622,12,0.09302325581395349,0.05078125,19.692307692307693,0.4800564274853101,7.876923076923077
2019-08-18 13:20:00,2019-08-18 17:35:00,0.20108664967766632,0.05151145270490934,0.38565182543939686,26,0.20155038759689922,0.140625,7.111111111111111,0.6577164489255692,2.8444444444444446
2019-08-18 17:36:00,2019-08-18 21:51:00,0.0381777821735015,0.07878919200205858,0.10370703310811427,0,0.0,0.0,inf,0.0,60.0
2019-08-18 21:52:00,2019-08-19 02:07:00,0.0,0.0,0.0,0,0.0,0.0,inf,0.0,60.0
2019-08-19 02:08:00,2019-08-19 06:23:00,0.14317849149188971,0.1567890262415052,1.3023988081607871,2,0.015503875968992248,0.0078125,128.0,0.13229275903039045,51.2
2019-08-19 06:24:00,2019-08-19 10:39:00,1.9562000651041669,1.2988633759326609,252.28135325184203,26,0.20155038759689922,0.13671875,7.314285714285714,0.5792489164576228,2.9257142857142857
2019-08-19 10:40:00,2019-08-19 14:55:00,3.1204178671789284,1.9067770293215223,491.25943107721247,34,0.26356589147286824,0.1953125,5.12,0.6174904080142063,2.048
2019-08-19 14:56:00,2019-08-19 19:11:00,0.6819397349257068,0.7875722254252494,28.831025549173887,16,0.12403100775193798,0.0625,16.0,0.5429045648721774,6.4
2019-08-19 19:12:00,2019-08-19 23:27:00,0.0,0.0,0.0,0,0.0,0.0,inf,0.0,60.0
2019-08-19 23:28:00,2019-08-20 03:43:00,0.00017792650579941826,0.0011173282774055797,1.3778959325840185e-06,0,0.0,0.0,inf,0.0,60.0
2019-08-20 03:44:00,2019-08-20 07:59:00,0.7051494213372158,0.7332499229577388,15.68321800362009,2,0.015503875968992248,0.0078125,128.0,0.10930337833860317,51.2
2019-08-20 08:00:00,2019-08-20 12:15:00,2.4814100911458334,1.872084938438027,417.67729588647063,12,0.09302325581395349,0.0546875,18.285714285714285,0.5217826501706901,7.314285714285715
2019-08-20 12:16:00,2019-08-20 16:31:00,2.2158876302083335,1.5347019076667734,272.74825555345143,22,0.17054263565891473,0.1015625,9.846153846153847,0.5629132229101969,3.9384615384615387
2019-08-20 16:32:00,2019-08-20 20:47:00,0.2148743982550428,0.3561758788036606,2.8049350737351895,1,0.007751937984496124,0.00390625,256.0,0.072118167919747,60.0
2019-08-20 20:48:00,2019-08-21 01:03:00,0.0,0.0,0.0,0,0.0,0.0,inf,0.0,60.0
2019-08-21 01:04:00,2019-08-21 05:19:00,0.057180430397652686,0.09997800686797555,0.25933304373901367,2,0.015503875968992248,0.0078125,128.0,0.08727436235956491,51.2
2019-08-21 05:20:00,2019-08-21 09:35:00,1.3608387060266103,1.2092480013143996,79.45829250336062,41,0.3178294573643411,0.19140625,5.224489795918367,0.760520164619668,2.089795918367347
2019-08-21 09:36:00,2019-08-21 13:51:00,4.932930078125,1.2193840465105197,108.20489641363022,64,0.49612403100775193,0.30859375,3.240506329113924,0.8346314133132572,1.2962025316455696
2019-08-21 13:52:00,2019-08-21 18:07:00,1.8242982188539054,1.2436832405056686,81.27728941327231,55,0.4263565891472868,0.2734375,3.657142857142857,0.6511859988638301,1.4628571428571429
2019-08-21 18:08:00,2019-08-21 22:23:00,0.007211960373273462,0.02161248651104518,0.0027831526134147974,0,0.0,0.0,inf,0.0,60.0
2019-08-21 22:24:00,2019-08-22 02:39:00,0.001570639560970808,0.002889547333881325,0.001164655758020447,0,0.0,0.0,inf,0.0,60.0
2019-08-22 02:40:00,2019-08-22 06:55:00,0.2668346121827046,0.29635189780355636,2.1019505570251966,1,0.007751937984496124,0.00390625,256.0,0.09524886562659966,60.0
2019-08-22 06:56:00,2019-08-22 11:11:00,3.0425620442708334,1.2221342195867906,96.7798763123084,33,0.2558139534883721,0.18359375,5.446808510638298,0.6280122325380681,2.178723404255319
2019-08-22 11:12:00,2019-08-22 15:27:00,4.221666210937499,1.1964227036051398,58.638230850991796,5,0.03875968992248062,0.0234375,42.666666666666664,0.25929886105837935,17.066666666666666
2019-08-22 15:28:00,2019-08-22 19:43:00,0.49616475140098504,0.7433594453753012,8.558090770466714,2,0.015503875968992248,0.0078125,128.0,0.12073697450367381,51.2
2019-08-22 19:44:00,2019-08-22 23:59:00,0.0014532682404433048,0.0026513681314103894,0.0010319659509348273,0,0.0,0.0,inf,0.0,60.0
2019-08-23 00:00:00,2019-08-23 04:15:00,0.002005601420660784,0.004203146738025216,0.0003357066020569463,0,0.0,0.0,inf,0.0,60.0
2019-08-23 04:16:00,2019-08-23 08:31:00,1.0106887719655187,0.8705910800161119,32.775521331591584,2,0.015503875968992248,0.0078125,128.0,0.16140689849640036,51.2
2019-08-23 08:32:00,2019-08-23 12:47:00,4.35471640625,1.228193544371093,64.53090636572317,51,0.3953488372093023,0.2578125,3.878787878787879,0.5606154144052846,1.5515151515151515
2019-08-23 12:48:00,2019-08-23 17:03:00,2.1924278645833333,1.702115258217674,202.55282901506433,25,0.1937984496124031,0.125,8.0,0.45456330673804335,3.2
2019-08-23 17:04:00,2019-08-23 21:19:00,0.07840364605492577,0.1452793646034624,0.4391020029926013,1,0.007751937984496124,0.00390625,256.0,0.07127764359683036,60.0
2019-08-23 21:20:00,2019-08-24 01:35:00,0.0,0.0,0.0,0,0.0,0.0,inf,0.0,60.0
2019-08-24 01:36:00,2019-08-24 05:51:00,0.09326785686523414,0.13270759737725377,0.6750225563788159,2,0.015503875968992248,0.0078125,128.0,0.0831206206208406,51.2
2019-08-24 05:52:00,2019-08-24 10:07:00,2.574288918684669,1.5090541881048902,96.57222108378957,2,0.015503875968992248,0.0078125,128.0,0.19807737749636378,51.2
2019-08-24 10:08:00,2019-08-24 14:23:00,4.821093298363541,0.8010273048209623,29.38396948190933,32,0.24806201550387597,0.140625,7.111111111111111,0.48356485677358435,2.8444444444444446
2019-08-24 14:24:00,2019-08-24 18:39:00,1.5605274513497096,1.2530199278499505,79.39400842288725,2,0.015503875968992248,0.0078125,128.0,0.07395702747654001,51.2
2019-08-24 18:40:00,2019-08-24 22:55:00,0.00035969492068995323,0.0013173582498076473,8.315987210223508e-05,0,0.0,0.0,inf,0.0,60.0
2019-08-24 22:56:00,2019-08-25 03:11:00,0.0,0.0,0.0,0,0.0,0.0,inf,0.0,60.0
2019-08-25 03:12:00,2019-08-25 07:27:00,0.4410022039699521,0.5112301614524573,4.260780886888837,1,0.007751937984496124,0.00390625,256.0,0.08925415063722138,60.0
2019-08-25 07:28:00,2019-08-25 11:43:00,4.187574934895833,1.0197365394094955,34.637411383862684,1,0.007751937984496124,0.00390625,256.0,0.05291782408896555,60.0
2019-08-25 11:44:00,2019-08-25 15:59:00,4.2596951171874995,0.9983696299849077,43.44243127465646,3,0.023255813953488372,0.01171875,85.33333333333333,0.19330359497051708,34.13333333333333
2019-08-25 16:00:00,2019-08-25 20:15:00,0.3147597536255742,0.5334248395895069,4.414238985412138,1,0.007751937984496124,0.00390625,256.0,0.08158405963096498,60.0
2019-08-25 20:16:00,2019-08-26 00:31:00,6.330641394304557e-06,0.00010109223619119822,1.8252530020195162e-09,0,0.0,0.0,inf,0.0,60.0
2019-08-26 00:32:00,2019-08-26 04:47:00,0.010294555543399916,0.0259114509378659,0.00649899411617813,0,0.0,0.0,inf,0.0,60.0
2019-08-26 04:48:00,2019-08-26 09:03:00,1.5220860702483723,1.1816545275451067,56.632470905989436,4,0.031007751937984496,0.015625,64.0,0.20996427015770713,25.6
2019-08-26 09:04:00,2019-08-26 13:19:00,4.826038346354167,0.3586898559664933,5.80771640246807,1,0.007751937984496124,0.00390625,256.0,0.07009162482155352,60.0
2019-08-26 13:20:00,2019-08-26 17:35:00,2.4774827473958334,1.3186032082305694,71.28967423741162,2,0.015503875968992248,0.0078125,128.0,0.07702115921797716,51.2
2019-08-26 17:36:00,2019-08-26 21:51:00,0.030447831210366948,0.06707352529349746,0.06267296095805559,0,0.0,0.0,inf,0.0,60.0
2019-08-26 21:52:00,2019-08-27 02:07:00,0.0,0.0,0.0,0,0.0,0.0,inf,0.0,60.0
2019-08-27 02:08:00,2019-08-27 06:23:00,0.14858591914045383,0.1680201097844106,1.766354564936835,2,0.015503875968992248,0.0078125,128.0,0.10667525027213705,51.2
2019-08-27 06:24:00,2019-08-27 10:39:00,1.2637012852854217,1.3668130517797625,313.82009614936595,5,0.03875968992248062,0.0234375,42.666666666666664,0.3261173174121643,17.066666666666666
2019-08-27 10:40:00,2019-08-27 14:55:00,3.372372801958597,1.2049884057931772,126.82326235957018,20,0.15503875968992248,0.10546875,9.481481481481481,0.3964243830217318,3.7925925925925927
2019-08-27 14:56:00,2019-08-27 19:11:00,0.49026528614999987,0.5847868566059045,20.786750779699002,5,0.03875968992248062,0.01953125,51.2,0.29478083810773104,20.48
2019-08-27 19:12:00,2019-08-27 23:27:00,0.0004721240430839112,0.0012671259471557035,0.0004716916182954099,0,0.0,0.0,inf,0.0,60.0
2019-08-27 23:28:00,2019-08-28 03:43:00,0.0,0.0,0.0,0,0.0,0.0,inf,0.0,60.0
2019-08-28 03:44:00,2019-08-28 07:59:00,0.4243525516116827,0.3638714592386517,3.383072728853944,4,0.031007751937984496,0.0234375,42.666666666666664,0.2575189729941661,17.066666666666666
2019-08-28 08:00:00,2019-08-28 12:15:00,3.5359056640624997,1.5112847372259277,198.55318759195802,21,0.16279069767441862,0.09375,10.666666666666666,0.5380871432172504,4.266666666666667
2019-08-28 12:16:00,2019-08-28 16:31:00,3.2289728515624994,1.1300216510924286,42.56867615540697,9,0.06976744186046512,0.05078125,19.692307692307693,0.3929013681723705,7.876923076923077
2019-08-28 16:32:00,2019-08-28 20:47:00,0.13764399149237228,0.22409673630931498,1.3870503701563295,1,0.007751937984496124,0.00390625,256.0,0.07853627355541101,60.0
2019-08-28 20:48:00,2019-08-29 01:03:00,0.0,0.0,0.0,0,0.0,0.0,inf,0.0,60.0
2019-08-29 01:04:00,2019-08-29 05:19:00,0.04415904113976489,0.08214033811265056,0.1524435366968396,0,0.0,0.0,inf,0.0,60.0
2019-08-29 05:20:00,2019-08-29 09:35:00,0.6983599597232641,0.6123436449618573,20.305274652934674,8,0.06201550387596899,0.03125,32.0,0.42949853242571906,12.8
2019-08-29 09:36:00,2019-08-29 13:51:00,2.4221401041666666,1.480682623972388,334.04979290799224,40,0.31007751937984496,0.23046875,4.338983050847458,0.6850567238595761,1.7355932203389832
2019-08-29 13:52:00,2019-08-29 18:07:00,1.1588048704985703,0.9985991055106654,91.86741109629025,19,0.14728682170542637,0.1015625,9.846153846153847,0.5458901949086581,3.9384615384615387
2019-08-29 18:08:00,2019-08-29 22:23:00,0.0010251225445523605,0.004048755897136544,4.9341631818719245e-05,0,0.0,0.0,inf,0.0,60.0
2019-08-29 22:24:00,2019-08-30 02:39:00,0.0,0.0,0.0,0,0.0,0.0,inf,0.0,60.0
2019-08-30 02:40:00,2019-08-30 06:55:00,0.24685932529268867,0.30909118836375193,2.4780317157959546,2,0.015503875968992248,0.0078125,128.0,0.13482213535017082,51.2
2019-08-30 06:56:00,2019-08-30 11:11:00,2.8327561848958336,1.2872995536639635,219.10212304743152,27,0.20930232558139536,0.1328125,7.529411764705882,0.46908902743729053,3.011764705882353
2019-08-30 11:12:00,2019-08-30 15:27:00,1.7703754557291669,0.9733520408580343,157.90006997002746,44,0.34108527131782945,0.21484375,4.654545454545454,0.7433827036504312,1.8618181818181818
2019-08-30 15:28:00,2019-08-30 19:43:00,0.3539000431054838,0.4906252444435893,6.497283565125009,2,0.015503875968992248,0.0078125,128.0,0.12933477315492128,51.2
2019-08-30 19:44:00,2019-08-30 23:59:00,0.0,0.0,0.0,0,0.0,0.0,inf,0.0,60.0
2019-08-31 00:00:00,2019-08-31 04:15:00,0.0006347432507073645,0.0024513665463873823,1.9297578568196602e-05,0,0.0,0.0,inf,0.0,60.0
2019-08-31 04:16:00,2019-08-31 08:31:00,1.105227743547621,1.0576061798129044,44.80065343810776,2,0.015503875968992248,0.0078125,128.0,0.08885118819360711,51.2
2019-08-31 08:32:00,2019-08-31 12:47:00,4.5003986328125,0.6159984729524671,28.512233128044993,8,0.06201550387596899,0.03125,32.0,0.35190524960284414,12.8
2019-08-31 12:48:00,2019-08-31 17:03:00,2.78220078125,1.213080380793588,33.82935169365547,15,0.11627906976744186,0.0703125,14.222222222222221,0.38514706433135193,5.688888888888889
2019-08-31 17:04:00,2019-08-31 21:19:00,0.048902370335102426,0.1016982711493107,0.1578365450272037,0,0.0,0.0,inf,0.0,60.0
